session,name,index,request_hex,expected_hex,actual_hex,latency_us,status
0,constant_max_zero,0,000011ffff220000,0000110022000000,0000110022000000,11860.30,PASS
0,constant_max_zero,1,000122000011ffff,0001220011000000,0001220011000000,16802.00,PASS
0,constant_max_zero,2,000211ffff220000,0002110022000000,0002110022000000,16842.50,PASS
0,constant_max_zero,3,000322000011ffff,0003220011000000,0003220011000000,16675.20,PASS
0,constant_max_zero,4,000411ffff220000,0004110022000000,0004110022000000,16985.00,PASS
0,constant_max_zero,5,000522000011ffff,0005220011000000,0005220011000000,16851.40,PASS
0,constant_max_zero,6,000611ffff220000,0006110022000000,0006110022000000,16917.10,PASS
0,constant_max_zero,7,000722000011ffff,0007220011000000,0007220011000000,16871.60,PASS
0,constant_max_zero,8,000811ffff220000,0008110022000000,0008110022000000,14620.80,PASS
0,constant_max_zero,9,000922000011ffff,0009220011000000,0009220011000000,16988.00,PASS
0,constant_max_zero,10,000a11ffff220000,000a110022000000,000a110022000000,16751.90,PASS
0,constant_max_zero,11,000b22000011ffff,000b220011000000,000b220011000000,16965.40,PASS
0,constant_max_zero,12,000c11ffff220000,000c110022000000,000c110022000000,16721.60,PASS
0,constant_max_zero,13,000d22000011ffff,000d220011000000,000d220011000000,16964.90,PASS
0,constant_max_zero,14,000e11ffff220000,000e110022000000,000e110022000000,16855.90,PASS
0,constant_max_zero,15,000f22000011ffff,000f220011000000,000f220011000000,16731.60,PASS
0,constant_max_zero,16,001011ffff220000,0010110022000000,0010110022000000,16940.50,PASS
0,constant_max_zero,17,001122000011ffff,0011220011000000,0011220011000000,16851.80,PASS
0,constant_max_zero,18,001211ffff220000,0012110022000000,0012110022000000,16963.30,PASS
0,constant_max_zero,19,001322000011ffff,0013220011000000,0013220011000000,16766.30,PASS
0,constant_max_zero,20,001411ffff220000,0014110022000000,0014110022000000,16930.90,PASS
0,constant_max_zero,21,001522000011ffff,0015220011000000,0015220011000000,16981.60,PASS
0,constant_max_zero,22,001611ffff220000,0016110022000000,0016110022000000,16941.50,PASS
0,constant_max_zero,23,001722000011ffff,0017220011000000,0017220011000000,16931.90,PASS
0,constant_max_zero,24,001811ffff220000,0018110022000000,0018110022000000,16639.90,PASS
0,constant_max_zero,25,001922000011ffff,0019220011000000,0019220011000000,16827.90,PASS
0,constant_max_zero,26,001a11ffff220000,001a110022000000,001a110022000000,16948.40,PASS
0,constant_max_zero,27,001b22000011ffff,001b220011000000,001b220011000000,16808.90,PASS
0,constant_max_zero,28,001c11ffff220000,001c110022000000,001c110022000000,16823.90,PASS
0,constant_max_zero,29,001d22000011ffff,001d220011000000,001d220011000000,16943.80,PASS
0,constant_max_zero,30,001e11ffff220000,001e110022000000,001e110022000000,16741.70,PASS
0,constant_max_zero,31,001f22000011ffff,001f220011000000,001f220011000000,16844.00,PASS
0,constant_max_zero,32,002011ffff220000,0020110022000000,0020110022000000,16856.50,PASS
0,constant_max_zero,33,002122000011ffff,0021220011000000,0021220011000000,16851.70,PASS
0,constant_max_zero,34,002211ffff220000,0022110022000000,0022110022000000,17131.40,PASS
0,constant_max_zero,35,002322000011ffff,0023220011000000,0023220011000000,16799.00,PASS
0,constant_max_zero,36,002411ffff220000,0024110022000000,0024110022000000,16858.30,PASS
0,constant_max_zero,37,002522000011ffff,0025220011000000,0025220011000000,16905.50,PASS
0,constant_max_zero,38,002611ffff220000,0026110022000000,0026110022000000,16871.70,PASS
0,constant_max_zero,39,002722000011ffff,0027220011000000,0027220011000000,16846.90,PASS
0,constant_max_zero,40,002811ffff220000,0028110022000000,0028110022000000,16941.30,PASS
0,constant_max_zero,41,002922000011ffff,0029220011000000,0029220011000000,16921.10,PASS
0,constant_max_zero,42,002a11ffff220000,002a110022000000,002a110022000000,16847.50,PASS
0,constant_max_zero,43,002b22000011ffff,002b220011000000,002b220011000000,16786.10,PASS
0,constant_max_zero,44,002c11ffff220000,002c110022000000,002c110022000000,16908.30,PASS
0,constant_max_zero,45,002d22000011ffff,002d220011000000,002d220011000000,17062.30,PASS
0,constant_max_zero,46,002e11ffff220000,002e110022000000,002e110022000000,16649.00,PASS
0,constant_max_zero,47,002f22000011ffff,002f220011000000,002f220011000000,16874.40,PASS
0,constant_max_zero,48,003011ffff220000,0030110022000000,0030110022000000,16813.40,PASS
0,constant_max_zero,49,003122000011ffff,0031220011000000,0031220011000000,16865.80,PASS
0,constant_max_zero,50,003211ffff220000,0032110022000000,0032110022000000,17067.40,PASS
0,constant_max_zero,51,003322000011ffff,0033220011000000,0033220011000000,16780.40,PASS
0,constant_max_zero,52,003411ffff220000,0034110022000000,0034110022000000,16926.30,PASS
0,constant_max_zero,53,003522000011ffff,0035220011000000,0035220011000000,16885.10,PASS
0,constant_max_zero,54,003611ffff220000,0036110022000000,0036110022000000,17009.30,PASS
0,constant_max_zero,55,003722000011ffff,0037220011000000,0037220011000000,16902.70,PASS
0,constant_max_zero,56,003811ffff220000,0038110022000000,0038110022000000,16952.80,PASS
0,constant_max_zero,57,003922000011ffff,0039220011000000,0039220011000000,16658.20,PASS
0,constant_max_zero,58,003a11ffff220000,003a110022000000,003a110022000000,16922.40,PASS
0,constant_max_zero,59,003b22000011ffff,003b220011000000,003b220011000000,16885.60,PASS
0,constant_max_zero,60,003c11ffff220000,003c110022000000,003c110022000000,16858.00,PASS
0,constant_max_zero,61,003d22000011ffff,003d220011000000,003d220011000000,16874.00,PASS
0,constant_max_zero,62,003e11ffff220000,003e110022000000,003e110022000000,17005.30,PASS
0,constant_max_zero,63,003f22000011ffff,003f220011000000,003f220011000000,16855.70,PASS
0,constant_max_zero,64,004011ffff220000,0040110022000000,0040110022000000,16986.10,PASS
0,constant_max_zero,65,004122000011ffff,0041220011000000,0041220011000000,16913.90,PASS
0,constant_max_zero,66,004211ffff220000,0042110022000000,0042110022000000,16848.90,PASS
0,constant_max_zero,67,004322000011ffff,0043220011000000,0043220011000000,16776.60,PASS
0,constant_max_zero,68,004411ffff220000,0044110022000000,0044110022000000,16831.90,PASS
0,constant_max_zero,69,004522000011ffff,0045220011000000,0045220011000000,17088.80,PASS
0,constant_max_zero,70,004611ffff220000,0046110022000000,0046110022000000,16693.00,PASS
0,constant_max_zero,71,004722000011ffff,0047220011000000,0047220011000000,16865.90,PASS
0,constant_max_zero,72,004811ffff220000,0048110022000000,0048110022000000,17121.00,PASS
0,constant_max_zero,73,004922000011ffff,0049220011000000,0049220011000000,16940.60,PASS
0,constant_max_zero,74,004a11ffff220000,004a110022000000,004a110022000000,16531.20,PASS
0,constant_max_zero,75,004b22000011ffff,004b220011000000,004b220011000000,16815.90,PASS
0,constant_max_zero,76,004c11ffff220000,004c110022000000,004c110022000000,16830.30,PASS
0,constant_max_zero,77,004d22000011ffff,004d220011000000,004d220011000000,17059.20,PASS
0,constant_max_zero,78,004e11ffff220000,004e110022000000,004e110022000000,16595.30,PASS
0,constant_max_zero,79,004f22000011ffff,004f220011000000,004f220011000000,16969.90,PASS
0,constant_max_zero,80,005011ffff220000,0050110022000000,0050110022000000,16715.00,PASS
0,constant_max_zero,81,005122000011ffff,0051220011000000,0051220011000000,16819.90,PASS
0,constant_max_zero,82,005211ffff220000,0052110022000000,0052110022000000,16753.10,PASS
0,constant_max_zero,83,005322000011ffff,0053220011000000,0053220011000000,16752.00,PASS
0,constant_max_zero,84,005411ffff220000,0054110022000000,0054110022000000,16969.30,PASS
0,constant_max_zero,85,005522000011ffff,0055220011000000,0055220011000000,16936.10,PASS
0,constant_max_zero,86,005611ffff220000,0056110022000000,0056110022000000,16901.70,PASS
0,constant_max_zero,87,005722000011ffff,0057220011000000,0057220011000000,16800.20,PASS
0,constant_max_zero,88,005811ffff220000,0058110022000000,0058110022000000,16956.60,PASS
0,constant_max_zero,89,005922000011ffff,0059220011000000,0059220011000000,16967.80,PASS
0,constant_max_zero,90,005a11ffff220000,005a110022000000,005a110022000000,16902.50,PASS
0,constant_max_zero,91,005b22000011ffff,005b220011000000,005b220011000000,17082.30,PASS
0,constant_max_zero,92,005c11ffff220000,005c110022000000,005c110022000000,16685.20,PASS
0,constant_max_zero,93,005d22000011ffff,005d220011000000,005d220011000000,17339.20,PASS
0,constant_max_zero,94,005e11ffff220000,005e110022000000,005e110022000000,16102.10,PASS
0,constant_max_zero,95,005f22000011ffff,005f220011000000,005f220011000000,16884.10,PASS
0,constant_max_zero,96,006011ffff220000,0060110022000000,0060110022000000,16959.50,PASS
0,constant_max_zero,97,006122000011ffff,0061220011000000,0061220011000000,16857.40,PASS
0,constant_max_zero,98,006211ffff220000,0062110022000000,0062110022000000,16798.70,PASS
0,constant_max_zero,99,006322000011ffff,0063220011000000,0063220011000000,16833.90,PASS
1,constant_zero_max,0,000022ffff110000,0000220011000000,0000220011000000,4788.40,PASS
1,constant_zero_max,1,000111000022ffff,0001110022000000,0001110022000000,16964.50,PASS
1,constant_zero_max,2,000222ffff110000,0002220011000000,0002220011000000,17089.70,PASS
1,constant_zero_max,3,000311000022ffff,0003110022000000,0003110022000000,16696.70,PASS
1,constant_zero_max,4,000422ffff110000,0004220011000000,0004220011000000,16708.30,PASS
1,constant_zero_max,5,000511000022ffff,0005110022000000,0005110022000000,16742.70,PASS
1,constant_zero_max,6,000622ffff110000,0006220011000000,0006220011000000,16985.00,PASS
1,constant_zero_max,7,000711000022ffff,0007110022000000,0007110022000000,16753.80,PASS
1,constant_zero_max,8,000822ffff110000,0008220011000000,0008220011000000,16707.50,PASS
1,constant_zero_max,9,000911000022ffff,0009110022000000,0009110022000000,17080.00,PASS
1,constant_zero_max,10,000a22ffff110000,000a220011000000,000a220011000000,16544.10,PASS
1,constant_zero_max,11,000b11000022ffff,000b110022000000,000b110022000000,16957.30,PASS
1,constant_zero_max,12,000c22ffff110000,000c220011000000,000c220011000000,16841.20,PASS
1,constant_zero_max,13,000d11000022ffff,000d110022000000,000d110022000000,16868.80,PASS
1,constant_zero_max,14,000e22ffff110000,000e220011000000,000e220011000000,16926.80,PASS
1,constant_zero_max,15,000f11000022ffff,000f110022000000,000f110022000000,16983.70,PASS
1,constant_zero_max,16,001022ffff110000,0010220011000000,0010220011000000,16725.20,PASS
1,constant_zero_max,17,001111000022ffff,0011110022000000,0011110022000000,16806.50,PASS
1,constant_zero_max,18,001222ffff110000,0012220011000000,0012220011000000,16712.50,PASS
1,constant_zero_max,19,001311000022ffff,0013110022000000,0013110022000000,17148.70,PASS
1,constant_zero_max,20,001422ffff110000,0014220011000000,0014220011000000,17134.40,PASS
1,constant_zero_max,21,001511000022ffff,0015110022000000,0015110022000000,16455.00,PASS
1,constant_zero_max,22,001622ffff110000,0016220011000000,0016220011000000,16952.50,PASS
1,constant_zero_max,23,001711000022ffff,0017110022000000,0017110022000000,16555.30,PASS
1,constant_zero_max,24,001822ffff110000,0018220011000000,0018220011000000,16833.30,PASS
1,constant_zero_max,25,001911000022ffff,0019110022000000,0019110022000000,16668.90,PASS
1,constant_zero_max,26,001a22ffff110000,001a220011000000,001a220011000000,16881.50,PASS
1,constant_zero_max,27,001b11000022ffff,001b110022000000,001b110022000000,16985.80,PASS
1,constant_zero_max,28,001c22ffff110000,001c220011000000,001c220011000000,16553.60,PASS
1,constant_zero_max,29,001d11000022ffff,001d110022000000,001d110022000000,16872.00,PASS
1,constant_zero_max,30,001e22ffff110000,001e220011000000,001e220011000000,16779.40,PASS
1,constant_zero_max,31,001f11000022ffff,001f110022000000,001f110022000000,16773.50,PASS
1,constant_zero_max,32,002022ffff110000,0020220011000000,0020220011000000,17500.60,PASS
1,constant_zero_max,33,002111000022ffff,0021110022000000,0021110022000000,16211.30,PASS
1,constant_zero_max,34,002222ffff110000,0022220011000000,0022220011000000,16760.40,PASS
1,constant_zero_max,35,002311000022ffff,0023110022000000,0023110022000000,17300.00,PASS
1,constant_zero_max,36,002422ffff110000,0024220011000000,0024220011000000,16342.00,PASS
1,constant_zero_max,37,002511000022ffff,0025110022000000,0025110022000000,16852.00,PASS
1,constant_zero_max,38,002622ffff110000,0026220011000000,0026220011000000,16761.90,PASS
1,constant_zero_max,39,002711000022ffff,0027110022000000,0027110022000000,16674.90,PASS
1,constant_zero_max,40,002822ffff110000,0028220011000000,0028220011000000,16936.30,PASS
1,constant_zero_max,41,002911000022ffff,0029110022000000,0029110022000000,16808.00,PASS
1,constant_zero_max,42,002a22ffff110000,002a220011000000,002a220011000000,17003.80,PASS
1,constant_zero_max,43,002b11000022ffff,002b110022000000,002b110022000000,16827.30,PASS
1,constant_zero_max,44,002c22ffff110000,002c220011000000,002c220011000000,16654.20,PASS
1,constant_zero_max,45,002d11000022ffff,002d110022000000,002d110022000000,17175.30,PASS
1,constant_zero_max,46,002e22ffff110000,002e220011000000,002e220011000000,16729.90,PASS
1,constant_zero_max,47,002f11000022ffff,002f110022000000,002f110022000000,17238.60,PASS
1,constant_zero_max,48,003022ffff110000,0030220011000000,0030220011000000,16277.20,PASS
1,constant_zero_max,49,003111000022ffff,0031110022000000,0031110022000000,16760.50,PASS
1,constant_zero_max,50,003222ffff110000,0032220011000000,0032220011000000,17059.50,PASS
1,constant_zero_max,51,003311000022ffff,0033110022000000,0033110022000000,17080.80,PASS
1,constant_zero_max,52,003422ffff110000,0034220011000000,0034220011000000,16928.10,PASS
1,constant_zero_max,53,003511000022ffff,0035110022000000,0035110022000000,16187.50,PASS
1,constant_zero_max,54,003622ffff110000,0036220011000000,0036220011000000,16928.00,PASS
1,constant_zero_max,55,003711000022ffff,0037110022000000,0037110022000000,16753.30,PASS
1,constant_zero_max,56,003822ffff110000,0038220011000000,0038220011000000,17503.10,PASS
1,constant_zero_max,57,003911000022ffff,0039110022000000,0039110022000000,16107.50,PASS
1,constant_zero_max,58,003a22ffff110000,003a220011000000,003a220011000000,17077.20,PASS
1,constant_zero_max,59,003b11000022ffff,003b110022000000,003b110022000000,16911.10,PASS
1,constant_zero_max,60,003c22ffff110000,003c220011000000,003c220011000000,16739.10,PASS
1,constant_zero_max,61,003d11000022ffff,003d110022000000,003d110022000000,16600.80,PASS
1,constant_zero_max,62,003e22ffff110000,003e220011000000,003e220011000000,16827.90,PASS
1,constant_zero_max,63,003f11000022ffff,003f110022000000,003f110022000000,17359.70,PASS
1,constant_zero_max,64,004022ffff110000,0040220011000000,0040220011000000,16278.20,PASS
1,constant_zero_max,65,004111000022ffff,0041110022000000,0041110022000000,16607.10,PASS
1,constant_zero_max,66,004222ffff110000,0042220011000000,0042220011000000,16896.10,PASS
1,constant_zero_max,67,004311000022ffff,0043110022000000,0043110022000000,17548.40,PASS
1,constant_zero_max,68,004422ffff110000,0044220011000000,0044220011000000,16645.00,PASS
1,constant_zero_max,69,004511000022ffff,0045110022000000,0045110022000000,16410.40,PASS
1,constant_zero_max,70,004622ffff110000,0046220011000000,0046220011000000,16857.20,PASS
1,constant_zero_max,71,004711000022ffff,0047110022000000,0047110022000000,17051.00,PASS
1,constant_zero_max,72,004822ffff110000,0048220011000000,0048220011000000,16438.20,PASS
1,constant_zero_max,73,004911000022ffff,0049110022000000,0049110022000000,16780.30,PASS
1,constant_zero_max,74,004a22ffff110000,004a220011000000,004a220011000000,16849.00,PASS
1,constant_zero_max,75,004b11000022ffff,004b110022000000,004b110022000000,16753.10,PASS
1,constant_zero_max,76,004c22ffff110000,004c220011000000,004c220011000000,16964.40,PASS
1,constant_zero_max,77,004d11000022ffff,004d110022000000,004d110022000000,16879.50,PASS
1,constant_zero_max,78,004e22ffff110000,004e220011000000,004e220011000000,16817.00,PASS
1,constant_zero_max,79,004f11000022ffff,004f110022000000,004f110022000000,16954.80,PASS
1,constant_zero_max,80,005022ffff110000,0050220011000000,0050220011000000,16830.90,PASS
1,constant_zero_max,81,005111000022ffff,0051110022000000,0051110022000000,16981.80,PASS
1,constant_zero_max,82,005222ffff110000,0052220011000000,0052220011000000,16757.10,PASS
1,constant_zero_max,83,005311000022ffff,0053110022000000,0053110022000000,16991.60,PASS
1,constant_zero_max,84,005422ffff110000,0054220011000000,0054220011000000,16861.00,PASS
1,constant_zero_max,85,005511000022ffff,0055110022000000,0055110022000000,16639.60,PASS
1,constant_zero_max,86,005622ffff110000,0056220011000000,0056220011000000,16785.70,PASS
1,constant_zero_max,87,005711000022ffff,0057110022000000,0057110022000000,16992.70,PASS
1,constant_zero_max,88,005822ffff110000,0058220011000000,0058220011000000,17437.30,PASS
1,constant_zero_max,89,005911000022ffff,0059110022000000,0059110022000000,16452.20,PASS
1,constant_zero_max,90,005a22ffff110000,005a220011000000,005a220011000000,17056.30,PASS
1,constant_zero_max,91,005b11000022ffff,005b110022000000,005b110022000000,16650.40,PASS
1,constant_zero_max,92,005c22ffff110000,005c220011000000,005c220011000000,16660.10,PASS
1,constant_zero_max,93,005d11000022ffff,005d110022000000,005d110022000000,16973.00,PASS
1,constant_zero_max,94,005e22ffff110000,005e220011000000,005e220011000000,16999.10,PASS
1,constant_zero_max,95,005f11000022ffff,005f110022000000,005f110022000000,16914.10,PASS
1,constant_zero_max,96,006022ffff110000,0060220011000000,0060220011000000,16091.40,PASS
1,constant_zero_max,97,006111000022ffff,0061110022000000,0061110022000000,17356.50,PASS
1,constant_zero_max,98,006222ffff110000,0062220011000000,0062220011000000,16284.10,PASS
1,constant_zero_max,99,006311000022ffff,0063110022000000,0063110022000000,16929.30,PASS
2,alternating_extremes,0,000011000022ffff,0000110022000000,0000110022000000,18069.80,PASS
2,alternating_extremes,1,000122000011ffff,0001220011000000,0001220011000000,17366.40,PASS
2,alternating_extremes,2,000211000022ffff,0002110022000000,0002110022000000,16243.30,PASS
2,alternating_extremes,3,000322000011ffff,0003220011000000,0003220011000000,16895.60,PASS
2,alternating_extremes,4,000411000022ffff,0004110022000000,0004110022000000,16630.70,PASS
2,alternating_extremes,5,000522000011ffff,0005220011000000,0005220011000000,16892.80,PASS
2,alternating_extremes,6,000611000022ffff,0006110022000000,0006110022000000,17382.90,PASS
2,alternating_extremes,7,000722000011ffff,0007220011000000,0007220011000000,16182.50,PASS
2,alternating_extremes,8,000811000022ffff,0008110022000000,0008110022000000,16737.40,PASS
2,alternating_extremes,9,000922000011ffff,0009220011000000,0009220011000000,17030.70,PASS
2,alternating_extremes,10,000a11000022ffff,000a110022000000,000a110022000000,17274.20,PASS
2,alternating_extremes,11,000b22000011ffff,000b220011000000,000b220011000000,16127.70,PASS
2,alternating_extremes,12,000c11000022ffff,000c110022000000,000c110022000000,16972.70,PASS
2,alternating_extremes,13,000d22000011ffff,000d220011000000,000d220011000000,16779.70,PASS
2,alternating_extremes,14,000e11000022ffff,000e110022000000,000e110022000000,16797.90,PASS
2,alternating_extremes,15,000f22000011ffff,000f220011000000,000f220011000000,16945.10,PASS
2,alternating_extremes,16,001011000022ffff,0010110122020000,0010110122020000,16531.90,PASS
2,alternating_extremes,17,001122000011ffff,0011220111020000,0011220111020000,16710.80,PASS
2,alternating_extremes,18,001211000022ffff,0012110122020000,0012110122020000,16863.90,PASS
2,alternating_extremes,19,001322000011ffff,0013220111020000,0013220111020000,17473.30,PASS
2,alternating_extremes,20,001411000022ffff,0014110122020000,0014110122020000,16767.10,PASS
2,alternating_extremes,21,001522000011ffff,0015220111020000,0015220111020000,16312.70,PASS
2,alternating_extremes,22,001611000022ffff,0016110122020000,0016110122020000,16550.70,PASS
2,alternating_extremes,23,001722000011ffff,0017220111020000,0017220111020000,16948.90,PASS
2,alternating_extremes,24,001811000022ffff,0018110122020000,0018110122020000,17201.60,PASS
2,alternating_extremes,25,001922000011ffff,0019220111020000,0019220111020000,16421.00,PASS
2,alternating_extremes,26,001a11000022ffff,001a110122020000,001a110122020000,17007.40,PASS
2,alternating_extremes,27,001b22000011ffff,001b220111020000,001b220111020000,17234.10,PASS
2,alternating_extremes,28,001c11000022ffff,001c110122020000,001c110122020000,16139.40,PASS
2,alternating_extremes,29,001d22000011ffff,001d220111020000,001d220111020000,16818.10,PASS
2,alternating_extremes,30,001e11000022ffff,001e110122020000,001e110122020000,16685.00,PASS
2,alternating_extremes,31,001f22000011ffff,001f220111020000,001f220111020000,16771.30,PASS
2,alternating_extremes,32,002011000022ffff,0020110122020000,0020110122020000,16881.90,PASS
2,alternating_extremes,33,002122000011ffff,0021220111020000,0021220111020000,16981.70,PASS
2,alternating_extremes,34,002211000022ffff,0022110122020000,0022110122020000,16822.10,PASS
2,alternating_extremes,35,002322000011ffff,0023220111020000,0023220111020000,16837.30,PASS
2,alternating_extremes,36,002411000022ffff,0024110122020000,0024110122020000,16857.00,PASS
2,alternating_extremes,37,002522000011ffff,0025220111020000,0025220111020000,16956.20,PASS
2,alternating_extremes,38,002611000022ffff,0026110122020000,0026110122020000,16920.70,PASS
2,alternating_extremes,39,002722000011ffff,0027220111020000,0027220111020000,16853.10,PASS
2,alternating_extremes,40,002811000022ffff,0028110122020000,0028110122020000,16844.20,PASS
2,alternating_extremes,41,002922000011ffff,0029220111020000,0029220111020000,16901.60,PASS
2,alternating_extremes,42,002a11000022ffff,002a110122020000,002a110122020000,16767.70,PASS
2,alternating_extremes,43,002b22000011ffff,002b220111020000,002b220111020000,16859.00,PASS
2,alternating_extremes,44,002c11000022ffff,002c110122020000,002c110122020000,16941.50,PASS
2,alternating_extremes,45,002d22000011ffff,002d220111020000,002d220111020000,16844.40,PASS
2,alternating_extremes,46,002e11000022ffff,002e110122020000,002e110122020000,16695.00,PASS
2,alternating_extremes,47,002f22000011ffff,002f220111020000,002f220111020000,16953.70,PASS
2,alternating_extremes,48,003011000022ffff,0030110122020000,0030110122020000,16870.50,PASS
2,alternating_extremes,49,003122000011ffff,0031220111020000,0031220111020000,16904.00,PASS
2,alternating_extremes,50,003211000022ffff,0032110122020000,0032110122020000,16892.20,PASS
2,alternating_extremes,51,003322000011ffff,0033220111020000,0033220111020000,16724.70,PASS
2,alternating_extremes,52,003411000022ffff,0034110122020000,0034110122020000,16838.60,PASS
2,alternating_extremes,53,003522000011ffff,0035220111020000,0035220111020000,16991.60,PASS
2,alternating_extremes,54,003611000022ffff,0036110122020000,0036110122020000,16738.30,PASS
2,alternating_extremes,55,003722000011ffff,0037220111020000,0037220111020000,17009.30,PASS
2,alternating_extremes,56,003811000022ffff,0038110122020000,0038110122020000,16602.70,PASS
2,alternating_extremes,57,003922000011ffff,0039220111020000,0039220111020000,16941.70,PASS
2,alternating_extremes,58,003a11000022ffff,003a110122020000,003a110122020000,16592.40,PASS
2,alternating_extremes,59,003b22000011ffff,003b220111020000,003b220111020000,17128.80,PASS
2,alternating_extremes,60,003c11000022ffff,003c110122020000,003c110122020000,17257.30,PASS
2,alternating_extremes,61,003d22000011ffff,003d220111020000,003d220111020000,16600.10,PASS
2,alternating_extremes,62,003e11000022ffff,003e110122020000,003e110122020000,16531.20,PASS
2,alternating_extremes,63,003f22000011ffff,003f220111020000,003f220111020000,16813.90,PASS
2,alternating_extremes,64,004011000022ffff,0040110122020000,0040110122020000,16794.30,PASS
2,alternating_extremes,65,004122000011ffff,0041220111020000,0041220111020000,16928.20,PASS
2,alternating_extremes,66,004211000022ffff,0042110122020000,0042110122020000,16036.60,PASS
2,alternating_extremes,67,004322000011ffff,0043220111020000,0043220111020000,16735.10,PASS
2,alternating_extremes,68,004411000022ffff,0044110122020000,0044110122020000,16886.10,PASS
2,alternating_extremes,69,004522000011ffff,0045220111020000,0045220111020000,17109.40,PASS
2,alternating_extremes,70,004611000022ffff,0046110122020000,0046110122020000,16719.90,PASS
2,alternating_extremes,71,004722000011ffff,0047220111020000,0047220111020000,17027.50,PASS
2,alternating_extremes,72,004811000022ffff,0048110122020000,0048110122020000,16761.40,PASS
2,alternating_extremes,73,004922000011ffff,0049220111020000,0049220111020000,16923.70,PASS
2,alternating_extremes,74,004a11000022ffff,004a110122020000,004a110122020000,16740.30,PASS
2,alternating_extremes,75,004b22000011ffff,004b220111020000,004b220111020000,17126.30,PASS
2,alternating_extremes,76,004c11000022ffff,004c110122020000,004c110122020000,17232.70,PASS
2,alternating_extremes,77,004d22000011ffff,004d220111020000,004d220111020000,16505.90,PASS
2,alternating_extremes,78,004e11000022ffff,004e110122020000,004e110122020000,16910.00,PASS
2,alternating_extremes,79,004f22000011ffff,004f220111020000,004f220111020000,16681.50,PASS
2,alternating_extremes,80,005011000022ffff,0050110122020000,0050110122020000,16803.90,PASS
2,alternating_extremes,81,005122000011ffff,0051220111020000,0051220111020000,16948.20,PASS
2,alternating_extremes,82,005211000022ffff,0052110122020000,0052110122020000,16676.80,PASS
2,alternating_extremes,83,005322000011ffff,0053220111020000,0053220111020000,17557.60,PASS
2,alternating_extremes,84,005411000022ffff,0054110122020000,0054110122020000,16245.00,PASS
2,alternating_extremes,85,005522000011ffff,0055220111020000,0055220111020000,39641.50,PASS
2,alternating_extremes,86,005611000022ffff,0056110122020000,0056110122020000,30639.40,PASS
2,alternating_extremes,87,005722000011ffff,0057220111020000,0057220111020000,35757.90,PASS
2,alternating_extremes,88,005811000022ffff,0058110122020000,0058110122020000,18858.70,PASS
2,alternating_extremes,89,005922000011ffff,0059220111020000,0059220111020000,10228.20,PASS
2,alternating_extremes,90,005a11000022ffff,005a110122020000,005a110122020000,18003.90,PASS
2,alternating_extremes,91,005b22000011ffff,005b220111020000,005b220111020000,16307.30,PASS
2,alternating_extremes,92,005c11000022ffff,005c110122020000,005c110122020000,16764.20,PASS
2,alternating_extremes,93,005d22000011ffff,005d220111020000,005d220111020000,16533.90,PASS
2,alternating_extremes,94,005e11000022ffff,005e110122020000,005e110122020000,16502.40,PASS
2,alternating_extremes,95,005f22000011ffff,005f220111020000,005f220111020000,16921.90,PASS
2,alternating_extremes,96,006011000022ffff,0060110122020000,0060110122020000,16897.40,PASS
2,alternating_extremes,97,006122000011ffff,0061220111020000,0061220111020000,17454.90,PASS
2,alternating_extremes,98,006211000022ffff,0062110122020000,0062110122020000,16312.20,PASS
2,alternating_extremes,99,006322000011ffff,0063220111020000,0063220111020000,16539.60,PASS
3,rounding_and_held_actions,0,000022006411000f,0000220011000000,0000220011000000,12032.30,PASS
3,rounding_and_held_actions,1,000111000f220064,0001110022000000,0001110022000000,16840.20,PASS
3,rounding_and_held_actions,2,000222006411000f,0002220011000000,0002220011000000,16783.20,PASS
3,rounding_and_held_actions,3,000311000f220064,0003110022000000,0003110022000000,16729.50,PASS
3,rounding_and_held_actions,4,000422006411000f,0004220011000000,0004220011000000,16986.20,PASS
3,rounding_and_held_actions,5,000511000f220064,0005110022000000,0005110022000000,16841.80,PASS
3,rounding_and_held_actions,6,000622006411000f,0006220011000000,0006220011000000,16647.30,PASS
3,rounding_and_held_actions,7,000711000f220064,0007110022000000,0007110022000000,16974.50,PASS
3,rounding_and_held_actions,8,000822006411000f,0008220011000000,0008220011000000,16751.20,PASS
3,rounding_and_held_actions,9,000911000f220064,0009110022000000,0009110022000000,16925.40,PASS
3,rounding_and_held_actions,10,000a22006411000f,000a220011000000,000a220011000000,16879.90,PASS
3,rounding_and_held_actions,11,000b11000f220064,000b110022000000,000b110022000000,16913.80,PASS
3,rounding_and_held_actions,12,000c22006411000f,000c220011000000,000c220011000000,17392.50,PASS
3,rounding_and_held_actions,13,000d11000f220064,000d110022000000,000d110022000000,16365.10,PASS
3,rounding_and_held_actions,14,000e22006411000f,000e220011000000,000e220011000000,16817.10,PASS
3,rounding_and_held_actions,15,000f110010220064,000f110022000000,000f110022000000,16814.20,PASS
3,rounding_and_held_actions,16,001022006511000f,0010220211000000,0010220211000000,16481.40,PASS
3,rounding_and_held_actions,17,0011110010220065,0011110222020000,0011110222020000,16823.00,PASS
3,rounding_and_held_actions,18,001222006511000e,0012220211010000,0012220211010000,16882.30,PASS
3,rounding_and_held_actions,19,0013110000220065,0013110122020000,0013110122020000,16899.50,PASS
3,rounding_and_held_actions,20,001422006511ffff,0014220211020000,0014220211020000,16699.80,PASS
3,rounding_and_held_actions,21,001511000f220065,0015110122020000,0015110122020000,16728.20,PASS
3,rounding_and_held_actions,22,0016220065110010,0016220211010000,0016220211010000,16962.00,PASS
3,rounding_and_held_actions,23,001711000e220065,0017110122020000,0017110122020000,16891.60,PASS
3,rounding_and_held_actions,24,0018220065110000,0018220211010000,0018220211010000,16521.70,PASS
3,rounding_and_held_actions,25,001911ffff220065,0019110222020000,0019110222020000,16783.20,PASS
3,rounding_and_held_actions,26,001a22006511000f,001a220211010000,001a220211010000,16924.60,PASS
3,rounding_and_held_actions,27,001b110010220065,001b110122020000,001b110122020000,17365.40,PASS
3,rounding_and_held_actions,28,001c22006511000e,001c220211010000,001c220211010000,16614.40,PASS
3,rounding_and_held_actions,29,001d110000220065,001d110122020000,001d110122020000,16874.20,PASS
3,rounding_and_held_actions,30,001e22006511ffff,001e220211020000,001e220211020000,16371.50,PASS
3,rounding_and_held_actions,31,001f11000f220065,001f110122020000,001f110122020000,17039.80,PASS
3,rounding_and_held_actions,32,0020220065110010,0020220211010000,0020220211010000,17103.40,PASS
3,rounding_and_held_actions,33,002111000e220065,0021110122020000,0021110122020000,16192.10,PASS
3,rounding_and_held_actions,34,0022220065110000,0022220211010000,0022220211010000,17276.50,PASS
3,rounding_and_held_actions,35,002311ffff220065,0023110222020000,0023110222020000,16365.10,PASS
3,rounding_and_held_actions,36,002422006311000f,0024220111010000,0024220111010000,17553.80,PASS
3,rounding_and_held_actions,37,0025110010220063,0025110122010000,0025110122010000,16204.10,PASS
3,rounding_and_held_actions,38,002622006311000e,0026220111010000,0026220111010000,16863.90,PASS
3,rounding_and_held_actions,39,0027110000220063,0027110122010000,0027110122010000,17047.50,PASS
3,rounding_and_held_actions,40,002822006311ffff,0028220111020000,0028220111020000,16987.20,PASS
3,rounding_and_held_actions,41,002911000f220063,0029110122010000,0029110122010000,16162.60,PASS
3,rounding_and_held_actions,42,002a220063110010,002a220111010000,002a220111010000,16803.40,PASS
3,rounding_and_held_actions,43,002b11000e220063,002b110122010000,002b110122010000,16772.80,PASS
3,rounding_and_held_actions,44,002c220063110000,002c220111010000,002c220111010000,17181.80,PASS
3,rounding_and_held_actions,45,002d11ffff220063,002d110222010000,002d110222010000,16414.30,PASS
3,rounding_and_held_actions,46,002e22006311000f,002e220111010000,002e220111010000,16967.60,PASS
3,rounding_and_held_actions,47,002f110010220063,002f110122010000,002f110122010000,16575.70,PASS
3,rounding_and_held_actions,48,003022006311000e,0030220111010000,0030220111010000,16941.40,PASS
3,rounding_and_held_actions,49,0031110000220063,0031110122010000,0031110122010000,16839.70,PASS
3,rounding_and_held_actions,50,003222006311ffff,0032220111020000,0032220111020000,16794.40,PASS
3,rounding_and_held_actions,51,003311000f220063,0033110122010000,0033110122010000,16922.50,PASS
3,rounding_and_held_actions,52,0034220063110010,0034220111010000,0034220111010000,17020.00,PASS
3,rounding_and_held_actions,53,003511000e220063,0035110122010000,0035110122010000,16882.50,PASS
3,rounding_and_held_actions,54,0036220063110000,0036220111010000,0036220111010000,16808.10,PASS
3,rounding_and_held_actions,55,003711ffff220063,0037110222010000,0037110222010000,16848.70,PASS
3,rounding_and_held_actions,56,003822006411000f,0038220211010000,0038220211010000,16901.70,PASS
3,rounding_and_held_actions,57,0039110010220064,0039110122020000,0039110122020000,16865.40,PASS
3,rounding_and_held_actions,58,003a22006411000e,003a220211010000,003a220211010000,16580.20,PASS
3,rounding_and_held_actions,59,003b110000220064,003b110122020000,003b110122020000,17050.90,PASS
3,rounding_and_held_actions,60,003c22006411ffff,003c220211020000,003c220211020000,16845.20,PASS
3,rounding_and_held_actions,61,003d11000f220064,003d110122020000,003d110122020000,17000.00,PASS
3,rounding_and_held_actions,62,003e220064110010,003e220211010000,003e220211010000,16704.20,PASS
3,rounding_and_held_actions,63,003f11000e220064,003f110122020000,003f110122020000,16984.30,PASS
3,rounding_and_held_actions,64,0040220064110000,0040220211010000,0040220211010000,16876.70,PASS
3,rounding_and_held_actions,65,004111ffff220064,0041110222020000,0041110222020000,16741.90,PASS
3,rounding_and_held_actions,66,004222006411000f,0042220211010000,0042220211010000,16601.50,PASS
3,rounding_and_held_actions,67,0043110010220064,0043110122020000,0043110122020000,16954.90,PASS
3,rounding_and_held_actions,68,004422006411000e,0044220211010000,0044220211010000,16941.80,PASS
3,rounding_and_held_actions,69,0045110000220064,0045110122020000,0045110122020000,17044.10,PASS
3,rounding_and_held_actions,70,004622006411ffff,0046220211020000,0046220211020000,16652.60,PASS
3,rounding_and_held_actions,71,004711000f220064,0047110122020000,0047110122020000,16952.30,PASS
3,rounding_and_held_actions,72,0048220064110010,0048220211010000,0048220211010000,16708.40,PASS
3,rounding_and_held_actions,73,004911000e220064,0049110122020000,0049110122020000,17145.20,PASS
3,rounding_and_held_actions,74,004a220064110000,004a220211010000,004a220211010000,16743.60,PASS
3,rounding_and_held_actions,75,004b11ffff220064,004b110222020000,004b110222020000,17489.30,PASS
3,rounding_and_held_actions,76,004c22006411000f,004c220211010000,004c220211010000,16823.60,PASS
3,rounding_and_held_actions,77,004d110010220064,004d110122020000,004d110122020000,16233.40,PASS
3,rounding_and_held_actions,78,004e22006411000e,004e220211010000,004e220211010000,16882.50,PASS
3,rounding_and_held_actions,79,004f110000220064,004f110122020000,004f110122020000,16708.60,PASS
3,rounding_and_held_actions,80,005022006411ffff,0050220211020000,0050220211020000,17033.60,PASS
3,rounding_and_held_actions,81,005111000f220064,0051110122020000,0051110122020000,16984.30,PASS
3,rounding_and_held_actions,82,0052220064110010,0052220211010000,0052220211010000,16811.30,PASS
3,rounding_and_held_actions,83,005311000e220064,0053110122020000,0053110122020000,16647.20,PASS
3,rounding_and_held_actions,84,0054220064110000,0054220211010000,0054220211010000,17563.90,PASS
3,rounding_and_held_actions,85,005511ffff220064,0055110222020000,0055110222020000,16153.50,PASS
3,rounding_and_held_actions,86,005622006411000f,0056220211010000,0056220211010000,16768.00,PASS
3,rounding_and_held_actions,87,0057110010220064,0057110122020000,0057110122020000,17030.80,PASS
3,rounding_and_held_actions,88,005822006411000e,0058220211010000,0058220211010000,16885.50,PASS
3,rounding_and_held_actions,89,0059110000220064,0059110122020000,0059110122020000,17124.40,PASS
3,rounding_and_held_actions,90,005a22006411ffff,005a220211020000,005a220211020000,16604.10,PASS
3,rounding_and_held_actions,91,005b11000f220064,005b110122020000,005b110122020000,16270.40,PASS
3,rounding_and_held_actions,92,005c220064110010,005c220211010000,005c220211010000,16859.20,PASS
3,rounding_and_held_actions,93,005d11000e220064,005d110122020000,005d110122020000,17086.00,PASS
3,rounding_and_held_actions,94,005e220064110000,005e220211010000,005e220211010000,16748.00,PASS
3,rounding_and_held_actions,95,005f11ffff220064,005f110222020000,005f110222020000,16852.80,PASS
3,rounding_and_held_actions,96,0060220064110064,0060220211010000,0060220211010000,16644.20,PASS
3,rounding_and_held_actions,97,0061110064220064,0061110122020000,0061110122020000,17391.20,PASS
3,rounding_and_held_actions,98,0062220064110064,0062220211010000,0062220211010000,16819.00,PASS
3,rounding_and_held_actions,99,0063110064220064,0063110122020000,0063110122020000,15939.40,PASS
4,random_fullrange_0,0,0000110000228ce8,0000110022000000,0000110022000000,17330.10,PASS
4,random_fullrange_0,1,000122cfc01184d2,0001220011000000,0001220011000000,17003.00,PASS
4,random_fullrange_0,2,0002117e7f22c182,0002110022000000,0002110022000000,16753.80,PASS
4,random_fullrange_0,3,000322abc3111e51,0003220011000000,0003220011000000,17192.60,PASS
4,random_fullrange_0,4,0004114dd822ed9a,0004110022000000,0004110022000000,16538.50,PASS
4,random_fullrange_0,5,0005221d43115c4c,0005220011000000,0005220011000000,16827.90,PASS
4,random_fullrange_0,6,00061153b9227a46,0006110022000000,0006110022000000,17272.70,PASS
4,random_fullrange_0,7,0007222c39118b97,0007220011000000,0007220011000000,16295.20,PASS
4,random_fullrange_0,8,0008114a4e2290a7,0008110022000000,0008110022000000,17415.40,PASS
4,random_fullrange_0,9,00092250a511a80f,0009220011000000,0009220011000000,16334.60,PASS
4,random_fullrange_0,10,000a1113a92251d4,000a110022000000,000a110022000000,17321.70,PASS
4,random_fullrange_0,11,000b220179113289,000b220011000000,000b220011000000,16108.00,PASS
4,random_fullrange_0,12,000c1159c322f2ea,000c110022000000,000c110022000000,16863.10,PASS
4,random_fullrange_0,13,000d22a0eb115014,000d220011000000,000d220011000000,16820.60,PASS
4,random_fullrange_0,14,000e110d6922f9b9,000e110022000000,000e110022000000,16715.10,PASS
4,random_fullrange_0,15,000f225d4411ae4f,000f220011000000,000f220011000000,16971.50,PASS
4,random_fullrange_0,16,0010114c1e220e76,0010110122000000,0010110122000000,16798.70,PASS
4,random_fullrange_0,17,0011222d7811c68f,0011220011020000,0011220011020000,16852.40,PASS
4,random_fullrange_0,18,001211cf5c224832,0012110222000000,0012110222000000,16886.60,PASS
4,random_fullrange_0,19,0013224d8511a55b,0013220011020000,0013220011020000,16788.40,PASS
4,random_fullrange_0,20,0014117b31223245,0014110222000000,0014110222000000,16818.70,PASS
4,random_fullrange_0,21,0015221ba3114a15,0015220011010000,0015220011010000,16998.30,PASS
4,random_fullrange_0,22,001611417522d0c2,0016110122020000,0016110122020000,16803.00,PASS
4,random_fullrange_0,23,001722818e119bd1,0017220211020000,0017220211020000,16741.10,PASS
4,random_fullrange_0,24,001811644c2211b4,0018110122010000,0018110122010000,16917.80,PASS
4,random_fullrange_0,25,0019227d2c11b999,0019220211020000,0019220211020000,16688.10,PASS
4,random_fullrange_0,26,001a11b5ac22db6a,001a110222020000,001a110222020000,16966.00,PASS
4,random_fullrange_0,27,001b22fb7e11a686,001b220211020000,001b220211020000,16859.60,PASS
4,random_fullrange_0,28,001c11ec0c22e716,001c110222020000,001c110222020000,16849.00,PASS
4,random_fullrange_0,29,001d226ef411f5f4,001d220111020000,001d220111020000,16908.20,PASS
4,random_fullrange_0,30,001e1194d5223e60,001e110122010000,001e110122010000,16771.20,PASS
4,random_fullrange_0,31,001f228a1b11017b,001f220211010000,001f220211010000,17275.80,PASS
4,random_fullrange_0,32,002011c8cd22272a,0020110222010000,0020110222010000,16527.40,PASS
4,random_fullrange_0,33,002122a99711f7c9,0021220211020000,0021220211020000,16954.90,PASS
4,random_fullrange_0,34,002211259b227664,0022110122010000,0022110122010000,16886.10,PASS
4,random_fullrange_0,35,0023225c43118633,0023220111010000,0023220111010000,16841.20,PASS
4,random_fullrange_0,36,002411c66a2290ce,0024110222020000,0024110222020000,17056.60,PASS
4,random_fullrange_0,37,002522bfd311773e,0025220211010000,0025220211010000,16801.60,PASS
4,random_fullrange_0,38,00261157f1225b34,0026110122010000,0026110122010000,16824.90,PASS
4,random_fullrange_0,39,002722c0e0119860,0027220211010000,0027220211010000,16822.80,PASS
4,random_fullrange_0,40,002811563a22c539,0028110122020000,0028110122020000,17087.50,PASS
4,random_fullrange_0,41,00292228dd11380c,0029220111010000,0029220111010000,16652.90,PASS
4,random_fullrange_0,42,002a1193c722e7e7,002a110222020000,002a110222020000,17045.40,PASS
4,random_fullrange_0,43,002b22759d11d598,002b220111020000,002b220111020000,16686.80,PASS
4,random_fullrange_0,44,002c11e28a2283e3,002c110222020000,002c110222020000,17066.00,PASS
4,random_fullrange_0,45,002d227c92117344,002d220111010000,002d220111010000,16763.20,PASS
4,random_fullrange_0,46,002e110a6e22235a,002e110122010000,002e110122010000,16854.30,PASS
4,random_fullrange_0,47,002f22a01a1186a0,002f220211010000,002f220211010000,16890.30,PASS
4,random_fullrange_0,48,0030111258227e9f,0030110122010000,0030110122010000,17011.80,PASS
4,random_fullrange_0,49,003122e534117c11,0031220211020000,0031220211020000,16695.90,PASS
4,random_fullrange_0,50,003211a206229a21,0032110222020000,0032110222020000,16906.80,PASS
4,random_fullrange_0,51,00332207e01110d3,0033220111010000,0033220111010000,16948.70,PASS
4,random_fullrange_0,52,003411545022be77,0034110122020000,0034110122020000,16757.60,PASS
4,random_fullrange_0,53,003522d74111508d,0035220211010000,0035220211010000,17031.20,PASS
4,random_fullrange_0,54,0036115ff32280fd,0036110122010000,0036110122010000,16838.00,PASS
4,random_fullrange_0,55,00372293d411952e,0037220211020000,0037220211020000,17024.20,PASS
4,random_fullrange_0,56,003811738422dcfd,0038110222020000,0038110222020000,16810.80,PASS
4,random_fullrange_0,57,0039222e6c11ce4d,0039220111020000,0039220111020000,16676.00,PASS
4,random_fullrange_0,58,003a1176e222001d,003a110222010000,003a110222010000,17043.50,PASS
4,random_fullrange_0,59,003b2272641145dd,003b220111010000,003b220111010000,16869.80,PASS
4,random_fullrange_0,60,003c118355221cc2,003c110222010000,003c110222010000,16769.10,PASS
4,random_fullrange_0,61,003d22f85111b810,003d220211020000,003d220211020000,16894.70,PASS
4,random_fullrange_0,62,003e115f33225a4b,003e110122010000,003e110122010000,16970.40,PASS
4,random_fullrange_0,63,003f2210881115c3,003f220111010000,003f220111010000,16870.50,PASS
4,random_fullrange_0,64,0040119486224263,0040110222010000,0040110222010000,16589.20,PASS
4,random_fullrange_0,65,0041224c19113b53,0041220111010000,0041220111010000,16929.40,PASS
4,random_fullrange_0,66,00421145762247bf,0042110122010000,0042110122010000,16884.90,PASS
4,random_fullrange_0,67,004322c5d111586c,0043220211010000,0043220211010000,16875.30,PASS
4,random_fullrange_0,68,004411007e227bfc,0044110122020000,0044110122020000,16802.80,PASS
4,random_fullrange_0,69,00452203c0118cbf,0045220111020000,0045220111020000,16972.00,PASS
4,random_fullrange_0,70,0046116eaf2260a5,0046110222010000,0046110222010000,16799.10,PASS
4,random_fullrange_0,71,00472216cb110127,0047220111010000,0047220111010000,16852.50,PASS
4,random_fullrange_0,72,0048117f37221211,0048110222010000,0048110222010000,16907.20,PASS
4,random_fullrange_0,73,0049228abc118aa4,0049220211020000,0049220211020000,16836.80,PASS
4,random_fullrange_0,74,004a116fb7221631,004a110222010000,004a110222010000,16895.80,PASS
4,random_fullrange_0,75,004b22e2f8118e84,004b220211020000,004b220211020000,17017.50,PASS
4,random_fullrange_0,76,004c1108cb22f974,004c110122020000,004c110122020000,16860.00,PASS
4,random_fullrange_0,77,004d22c5df11a652,004d220211020000,004d220211020000,17016.00,PASS
4,random_fullrange_0,78,004e11c2ff22501d,004e110222010000,004e110222010000,16654.40,PASS
4,random_fullrange_0,79,004f2257b41157df,004f220111010000,004f220111010000,17050.40,PASS
4,random_fullrange_0,80,00501167f2227922,0050110222020000,0050110222020000,16912.60,PASS
4,random_fullrange_0,81,005122d346111aed,0051220211010000,0051220211010000,16953.70,PASS
4,random_fullrange_0,82,005211f998227aee,0052110222020000,0052110222020000,16828.90,PASS
4,random_fullrange_0,83,005322cb0d11f1a4,0053220211020000,0053220211020000,17063.80,PASS
4,random_fullrange_0,84,005411b3ad2233bc,0054110222010000,0054110222010000,16803.30,PASS
4,random_fullrange_0,85,005522ba08113450,0055220211010000,0055220211010000,16894.30,PASS
4,random_fullrange_0,86,005611f59c22b7bf,0056110222020000,0056110222020000,16789.40,PASS
4,random_fullrange_0,87,0057222cff112fb4,0057220111010000,0057220111010000,16973.00,PASS
4,random_fullrange_0,88,0058115649225667,0058110122010000,0058110122010000,17230.70,PASS
4,random_fullrange_0,89,0059221488119afe,0059220111020000,0059220111020000,16473.20,PASS
4,random_fullrange_0,90,005a11576b22ff51,005a110122020000,005a110122020000,16423.10,PASS
4,random_fullrange_0,91,005b229a1e11a00d,005b220211020000,005b220211020000,16922.10,PASS
4,random_fullrange_0,92,005c11319022e203,005c110122020000,005c110122020000,16979.40,PASS
4,random_fullrange_0,93,005d22e7dc11bf48,005d220211020000,005d220211020000,16886.90,PASS
4,random_fullrange_0,94,005e11d1e522a469,005e110222020000,005e110222020000,16548.50,PASS
4,random_fullrange_0,95,005f2204b01134f7,005f220111010000,005f220111010000,16737.70,PASS
4,random_fullrange_0,96,006011ec7822e133,0060110222020000,0060110222020000,17046.20,PASS
4,random_fullrange_0,97,006122a297110f48,0061220211010000,0061220211010000,16706.80,PASS
4,random_fullrange_0,98,0062114cea2289b0,0062110122010000,0062110122010000,16735.00,PASS
4,random_fullrange_0,99,00632241471193a1,0063220111020000,0063220111020000,17037.20,PASS
5,random_fullrange_1,0,000022d9c911f3a6,0000220011000000,0000220011000000,11001.20,PASS
5,random_fullrange_1,1,000111ef5122f043,0001110022000000,0001110022000000,17106.80,PASS
5,random_fullrange_1,2,000222a02311f41c,0002220011000000,0002220011000000,16824.90,PASS
5,random_fullrange_1,3,000311d3d3224fc8,0003110022000000,0003110022000000,16998.80,PASS
5,random_fullrange_1,4,0004224eea11c3bc,0004220011000000,0004220011000000,16917.50,PASS
5,random_fullrange_1,5,000511758b2210f2,0005110022000000,0005110022000000,16754.50,PASS
5,random_fullrange_1,6,000622127011bb64,0006220011000000,0006220011000000,16837.60,PASS
5,random_fullrange_1,7,00071133cd22d60e,0007110022000000,0007110022000000,16952.40,PASS
5,random_fullrange_1,8,0008228c35119f70,0008220011000000,0008220011000000,17000.80,PASS
5,random_fullrange_1,9,00091179be22cea9,0009110022000000,0009110022000000,16871.00,PASS
5,random_fullrange_1,10,000a22ff09112f71,000a220011000000,000a220011000000,16814.90,PASS
5,random_fullrange_1,11,000b11b6b8223959,000b110022000000,000b110022000000,16681.70,PASS
5,random_fullrange_1,12,000c22a6631183a9,000c220011000000,000c220011000000,16918.10,PASS
5,random_fullrange_1,13,000d11d00a22bdfc,000d110022000000,000d110022000000,17292.50,PASS
5,random_fullrange_1,14,000e2233e71155ac,000e220011000000,000e220011000000,16437.50,PASS
5,random_fullrange_1,15,000f111625222741,000f110022000000,000f110022000000,16880.90,PASS
5,random_fullrange_1,16,0010224167118964,0010220011000000,0010220011000000,17010.90,PASS
5,random_fullrange_1,17,0011118bb72248aa,0011110022000000,0011110022000000,17493.50,PASS
5,random_fullrange_1,18,001222bbc9114b33,0012220211000000,0012220211000000,15904.30,PASS
5,random_fullrange_1,19,001311aadd223d77,0013110222010000,0013110222010000,17512.00,PASS
5,random_fullrange_1,20,0014229e7d11402b,0014220211010000,0014220211010000,16832.10,PASS
5,random_fullrange_1,21,001511f0ae2260e8,0015110222010000,0015110222010000,16150.60,PASS
5,random_fullrange_1,22,001622e7eb11ccd0,0016220211020000,0016220211020000,16861.30,PASS
5,random_fullrange_1,23,0017119bf8225b8e,0017110222010000,0017110222010000,17395.80,PASS
5,random_fullrange_1,24,001822fef011c459,0018220211020000,0018220211020000,16286.30,PASS
5,random_fullrange_1,25,001911402222d8b8,0019110122020000,0019110122020000,16742.60,PASS
5,random_fullrange_1,26,001a22310a1183c6,001a220111010000,001a220111010000,16815.40,PASS
5,random_fullrange_1,27,001b1163e122f367,001b110122020000,001b110122020000,16739.00,PASS
5,random_fullrange_1,28,001c22c10c1134f8,001c220211010000,001c220211010000,16748.60,PASS
5,random_fullrange_1,29,001d11672722a9a1,001d110122020000,001d110122020000,16819.50,PASS
5,random_fullrange_1,30,001e22942011355c,001e220211010000,001e220211010000,17098.70,PASS
5,random_fullrange_1,31,001f110111224af1,001f110122010000,001f110122010000,16784.50,PASS
5,random_fullrange_1,32,002022e4d5115136,0020220211010000,0020220211010000,17021.90,PASS
5,random_fullrange_1,33,002111dd30222302,0021110222010000,0021110222010000,16939.30,PASS
5,random_fullrange_1,34,002222c48b11b2a5,0022220211020000,0022220211020000,16609.90,PASS
5,random_fullrange_1,35,00231178ae228e4a,0023110122010000,0023110122010000,17070.90,PASS
5,random_fullrange_1,36,002422c6b511035e,0024220211010000,0024220211010000,16732.10,PASS
5,random_fullrange_1,37,002511696e223e30,0025110122010000,0025110122010000,16722.80,PASS
5,random_fullrange_1,38,002622687811cf61,0026220111020000,0026220111020000,17146.80,PASS
5,random_fullrange_1,39,0027113b4f2235ce,0027110122010000,0027110122010000,16333.50,PASS
5,random_fullrange_1,40,002822fb3611b189,0028220211020000,0028220211020000,16912.30,PASS
5,random_fullrange_1,41,002911b3012290c2,0029110222020000,0029110222020000,16851.40,PASS
5,random_fullrange_1,42,002a220d7011f3f1,002a220111020000,002a220111020000,16916.90,PASS
5,random_fullrange_1,43,002b1130de22ff3d,002b110122020000,002b110122020000,16587.80,PASS
5,random_fullrange_1,44,002c2282dd116c2b,002c220111010000,002c220111010000,17008.10,PASS
5,random_fullrange_1,45,002d1182f322d079,002d110222020000,002d110222020000,16656.00,PASS
5,random_fullrange_1,46,002e2281ae118ddc,002e220111020000,002e220111020000,16761.80,PASS
5,random_fullrange_1,47,002f118cd722af6e,002f110222020000,002f110222020000,16757.10,PASS
5,random_fullrange_1,48,003022802911b31e,0030220111020000,0030220111020000,16801.80,PASS
5,random_fullrange_1,49,003111e6162204c2,0031110222010000,0031110222010000,16862.00,PASS
5,random_fullrange_1,50,003222862511e24b,0032220211020000,0032220211020000,16912.70,PASS
5,random_fullrange_1,51,003311b540223c2a,0033110222010000,0033110222010000,16810.10,PASS
5,random_fullrange_1,52,003422c49b110812,0034220211010000,0034220211010000,16777.70,PASS
5,random_fullrange_1,53,003511099b222e85,0035110122010000,0035110122010000,16777.80,PASS
5,random_fullrange_1,54,0036224957115281,0036220111010000,0036220111010000,16999.10,PASS
5,random_fullrange_1,55,0037119a5f22d34b,0037110222020000,0037110222020000,16617.80,PASS
5,random_fullrange_1,56,00382264da11a3cd,0038220111020000,0038220111020000,16905.60,PASS
5,random_fullrange_1,57,003911e299227d3c,0039110222020000,0039110222020000,17539.20,PASS
5,random_fullrange_1,58,003a22d626118875,003a220211020000,003a220211020000,16103.80,PASS
5,random_fullrange_1,59,003b11230122c318,003b110122020000,003b110122020000,16883.10,PASS
5,random_fullrange_1,60,003c22e97111cc0f,003c220211020000,003c220211020000,16717.30,PASS
5,random_fullrange_1,61,003d11628722ba46,003d110122020000,003d110122020000,17052.80,PASS
5,random_fullrange_1,62,003e2254471169e8,003e220111010000,003e220111010000,16689.40,PASS
5,random_fullrange_1,63,003f110785228413,003f110122010000,003f110122010000,17007.10,PASS
5,random_fullrange_1,64,004022046a1182fd,0040220111020000,0040220111020000,16583.80,PASS
5,random_fullrange_1,65,004111b373227691,0041110222010000,0041110222010000,17079.00,PASS
5,random_fullrange_1,66,0042226cd1117c83,0042220111020000,0042220111020000,16751.10,PASS
5,random_fullrange_1,67,004311168f22cd23,0043110122020000,0043110122020000,16778.60,PASS
5,random_fullrange_1,68,004422dd8811a951,0044220211020000,0044220211020000,16867.80,PASS
5,random_fullrange_1,69,004511f8b422f7ce,0045110222020000,0045110222020000,17042.40,PASS
5,random_fullrange_1,70,0046227fb911c364,0046220111020000,0046220111020000,17048.10,PASS
5,random_fullrange_1,71,004711c1c4224c14,0047110222010000,0047110222010000,16860.00,PASS
5,random_fullrange_1,72,004822063911b960,0048220111020000,0048220111020000,17004.80,PASS
5,random_fullrange_1,73,0049111bd5222458,0049110122010000,0049110122010000,16550.50,PASS
5,random_fullrange_1,74,004a22c6b411ca68,004a220211020000,004a220211020000,16713.80,PASS
5,random_fullrange_1,75,004b119de5222a6d,004b110222010000,004b110222010000,16788.40,PASS
5,random_fullrange_1,76,004c2237d311a3d6,004c220111020000,004c220111020000,16985.90,PASS
5,random_fullrange_1,77,004d11d044224f3c,004d110222010000,004d110222010000,16729.20,PASS
5,random_fullrange_1,78,004e225d20117915,004e220111010000,004e220111010000,16847.90,PASS
5,random_fullrange_1,79,004f11158a2276b0,004f110122020000,004f110122020000,17001.80,PASS
5,random_fullrange_1,80,00502212ac110d83,0050220111010000,0050220111010000,17151.30,PASS
5,random_fullrange_1,81,005111c805229d9a,0051110222020000,0051110222020000,16371.60,PASS
5,random_fullrange_1,82,005222f96f1183d3,0052220211010000,0052220211010000,16502.60,PASS
5,random_fullrange_1,83,0053114d422273ca,0053110122020000,0053110122020000,17131.40,PASS
5,random_fullrange_1,84,005422a461111f15,0054220211010000,0054220211010000,16811.30,PASS
5,random_fullrange_1,85,005511ef4a22ee05,0055110222020000,0055110222020000,16898.80,PASS
5,random_fullrange_1,86,0056222613119e27,0056220111020000,0056220111020000,16883.40,PASS
5,random_fullrange_1,87,005711e26e220742,0057110222010000,0057110222010000,16930.60,PASS
5,random_fullrange_1,88,00582239e3114658,0058220111010000,0058220111010000,16676.10,PASS
5,random_fullrange_1,89,00591141a1228f72,0059110122020000,0059110122020000,16734.20,PASS
5,random_fullrange_1,90,005a22c45111fd84,005a220211020000,005a220211020000,16871.90,PASS
5,random_fullrange_1,91,005b113ae9225e14,005b110122010000,005b110122010000,16842.70,PASS
5,random_fullrange_1,92,005c22962c1135c3,005c220211010000,005c220211010000,16958.00,PASS
5,random_fullrange_1,93,005d115947224c70,005d110122010000,005d110122010000,16778.40,PASS
5,random_fullrange_1,94,005e22d04e11318d,005e220211010000,005e220211010000,17140.30,PASS
5,random_fullrange_1,95,005f11327a226222,005f110122010000,005f110122010000,16580.50,PASS
5,random_fullrange_1,96,0060220e5e119cf2,0060220111020000,0060220111020000,16973.40,PASS
5,random_fullrange_1,97,0061115c492279f6,0061110122010000,0061110122010000,16845.70,PASS
5,random_fullrange_1,98,006222cbff118228,0062220211020000,0062220211020000,16860.30,PASS
5,random_fullrange_1,99,006311069c2203d5,0063110122010000,0063110122010000,16802.00,PASS
6,random_fullrange_2,0,0000118a912225f1,0000110022000000,0000110022000000,17400.90,PASS
6,random_fullrange_2,1,000122a57f113dcd,0001220011000000,0001220011000000,16510.50,PASS
6,random_fullrange_2,2,000211d9c222ac7a,0002110022000000,0002110022000000,16958.30,PASS
6,random_fullrange_2,3,000322d5a7113069,0003220011000000,0003220011000000,16772.20,PASS
6,random_fullrange_2,4,0004111ab12256d1,0004110022000000,0004110022000000,16914.80,PASS
6,random_fullrange_2,5,0005223bb211dad9,0005220011000000,0005220011000000,16707.10,PASS
6,random_fullrange_2,6,000611bdfe22f6ca,0006110022000000,0006110022000000,17116.40,PASS
6,random_fullrange_2,7,000722bc15110c04,0007220011000000,0007220011000000,16824.70,PASS
6,random_fullrange_2,8,000811c3d12279eb,0008110022000000,0008110022000000,16713.20,PASS
6,random_fullrange_2,9,0009221b6f110811,0009220011000000,0009220011000000,16635.20,PASS
6,random_fullrange_2,10,000a114f2422ade5,000a110022000000,000a110022000000,17880.60,PASS
6,random_fullrange_2,11,000b22b78511619c,000b220011000000,000b220011000000,16011.60,PASS
6,random_fullrange_2,12,000c11411e224d30,000c110022000000,000c110022000000,16974.50,PASS
6,random_fullrange_2,13,000d228197114c60,000d220011000000,000d220011000000,16774.90,PASS
6,random_fullrange_2,14,000e11aff622db85,000e110022000000,000e110022000000,16924.30,PASS
6,random_fullrange_2,15,000f227b4211b8e2,000f220011000000,000f220011000000,16745.20,PASS
6,random_fullrange_2,16,001011222c22a7a5,0010110122020000,0010110122020000,16981.40,PASS
6,random_fullrange_2,17,001122226d11e53e,0011220111020000,0011220111020000,17247.50,PASS
6,random_fullrange_2,18,001211442222e64f,0012110122020000,0012110122020000,16263.80,PASS
6,random_fullrange_2,19,001322282a11eb8d,0013220111020000,0013220111020000,17250.70,PASS
6,random_fullrange_2,20,001411d13d2253ba,0014110222010000,0014110222010000,16642.10,PASS
6,random_fullrange_2,21,00152257e711598d,0015220111010000,0015220111010000,16318.10,PASS
6,random_fullrange_2,22,001611c49522a911,0016110222020000,0016110222020000,17287.10,PASS
6,random_fullrange_2,23,001722c55e111c72,0017220211010000,0017220211010000,16568.50,PASS
6,random_fullrange_2,24,001811ec39226e5e,0018110222010000,0018110222010000,16802.50,PASS
6,random_fullrange_2,25,001922392f113635,0019220111010000,0019220111010000,16679.90,PASS
6,random_fullrange_2,26,001a115761222c8b,001a110122010000,001a110122010000,16978.60,PASS
6,random_fullrange_2,27,001b2234f41132d2,001b220111010000,001b220111010000,16713.00,PASS
6,random_fullrange_2,28,001c114362220656,001c110122010000,001c110122010000,16968.90,PASS
6,random_fullrange_2,29,001d22d567116277,001d220211010000,001d220211010000,16896.90,PASS
6,random_fullrange_2,30,001e11f1c8225aad,001e110222010000,001e110222010000,16796.10,PASS
6,random_fullrange_2,31,001f222353116000,001f220111010000,001f220111010000,16832.40,PASS
6,random_fullrange_2,32,0020114844228ea0,0020110122020000,0020110122020000,16894.90,PASS
6,random_fullrange_2,33,002122784611a1e5,0021220211020000,0021220211020000,16929.10,PASS
6,random_fullrange_2,34,002211e7e2224a59,0022110222010000,0022110222010000,16750.60,PASS
6,random_fullrange_2,35,002322b0f3115543,0023220211010000,0023220211010000,16963.60,PASS
6,random_fullrange_2,36,0024110b33221cc9,0024110122010000,0024110122010000,16912.00,PASS
6,random_fullrange_2,37,002522da13118ae3,0025220211020000,0025220211020000,16464.70,PASS
6,random_fullrange_2,38,0026110aac22f9f8,0026110122020000,0026110122020000,17023.00,PASS
6,random_fullrange_2,39,002722df3311294f,0027220211010000,0027220211010000,16805.10,PASS
6,random_fullrange_2,40,002811a5c822ce39,0028110222020000,0028110222020000,16699.40,PASS
6,random_fullrange_2,41,002922acd011507d,0029220211010000,0029220211010000,16939.20,PASS
6,random_fullrange_2,42,002a11dd1922df13,002a110222020000,002a110222020000,16875.70,PASS
6,random_fullrange_2,43,002b2200ff1199d9,002b220111020000,002b220111020000,16721.50,PASS
6,random_fullrange_2,44,002c11b0f72207f4,002c110222010000,002c110222010000,17097.20,PASS
6,random_fullrange_2,45,002d2208d3112371,002d220111010000,002d220111010000,17233.60,PASS
6,random_fullrange_2,46,002e112e7822e6b9,002e110122020000,002e110122020000,16352.20,PASS
6,random_fullrange_2,47,002f22d7bf11de1c,002f220211020000,002f220211020000,16887.50,PASS
6,random_fullrange_2,48,0030115b0922833f,0030110122010000,0030110122010000,16912.40,PASS
6,random_fullrange_2,49,0031221bc511d980,0031220111020000,0031220111020000,16833.50,PASS
6,random_fullrange_2,50,003211f43b229f2c,0032110222020000,0032110222020000,16723.50,PASS
6,random_fullrange_2,51,00332299f61108c3,0033220211010000,0033220211010000,16991.60,PASS
6,random_fullrange_2,52,003411da6522382f,0034110222010000,0034110222010000,17398.80,PASS
6,random_fullrange_2,53,003522cdfb117c1c,0035220211010000,0035220211010000,16178.40,PASS
6,random_fullrange_2,54,003611d3272210f4,0036110222010000,0036110222010000,16738.80,PASS
6,random_fullrange_2,55,003722d1b411df8f,0037220211020000,0037220211020000,17431.40,PASS
6,random_fullrange_2,56,003811143d2292b9,0038110122020000,0038110122020000,16307.50,PASS
6,random_fullrange_2,57,0039229c72110ace,0039220211010000,0039220211010000,16852.20,PASS
6,random_fullrange_2,58,003a11641d2223b8,003a110122010000,003a110122010000,16791.70,PASS
6,random_fullrange_2,59,003b228de211e59a,003b220211020000,003b220211020000,16880.70,PASS
6,random_fullrange_2,60,003c11eb01224dd6,003c110222010000,003c110222010000,17368.40,PASS
6,random_fullrange_2,61,003d2201c2119477,003d220111020000,003d220111020000,16486.50,PASS
6,random_fullrange_2,62,003e11453d2262ea,003e110122010000,003e110122010000,16582.20,PASS
6,random_fullrange_2,63,003f2274e611a991,003f220211020000,003f220211020000,17131.80,PASS
6,random_fullrange_2,64,0040116af722a691,0040110122020000,0040110122020000,16476.50,PASS
6,random_fullrange_2,65,004122afaa112a83,0041220211010000,0041220211010000,16892.40,PASS
6,random_fullrange_2,66,0042111a2122ce24,0042110122020000,0042110122020000,17238.70,PASS
6,random_fullrange_2,67,004322fdac1155ce,0043220211010000,0043220211010000,17005.80,PASS
6,random_fullrange_2,68,004411530f2277a9,0044110122010000,0044110122010000,16002.90,PASS
6,random_fullrange_2,69,004522976911eb70,0045220211020000,0045220211020000,16944.30,PASS
6,random_fullrange_2,70,004611d97722eafa,0046110222020000,0046110222020000,16623.50,PASS
6,random_fullrange_2,71,004722893011e6a7,0047220111020000,0047220111020000,16875.90,PASS
6,random_fullrange_2,72,004811961322cf6f,0048110222020000,0048110222020000,16758.20,PASS
6,random_fullrange_2,73,004922ea9e11e2be,0049220211020000,0049220211020000,16896.10,PASS
6,random_fullrange_2,74,004a11242822ffee,004a110122020000,004a110122020000,16876.90,PASS
6,random_fullrange_2,75,004b22b6c3113a56,004b220211010000,004b220211010000,16885.40,PASS
6,random_fullrange_2,76,004c11b86722ca76,004c110222020000,004c110222020000,16875.50,PASS
6,random_fullrange_2,77,004d22205711f5a5,004d220111020000,004d220111020000,17047.10,PASS
6,random_fullrange_2,78,004e115ce12212ae,004e110122010000,004e110122010000,17402.70,PASS
6,random_fullrange_2,79,004f22af551183fb,004f220211010000,004f220211010000,16359.90,PASS
6,random_fullrange_2,80,005011a35622bfe5,0050110222020000,0050110222020000,16728.90,PASS
6,random_fullrange_2,81,005122b4c511f4a3,0051220211020000,0051220211020000,16667.50,PASS
6,random_fullrange_2,82,005211767022ef18,0052110122020000,0052110122020000,16957.60,PASS
6,random_fullrange_2,83,0053222623112d4b,0053220111010000,0053220111010000,17410.50,PASS
6,random_fullrange_2,84,005411d0f022f001,0054110222020000,0054110222020000,16815.90,PASS
6,random_fullrange_2,85,0055223479118611,0055220111010000,0055220111010000,16144.90,PASS
6,random_fullrange_2,86,0056110188223c5a,0056110122010000,0056110122010000,16601.20,PASS
6,random_fullrange_2,87,005722952511266d,0057220111010000,0057220111010000,17151.80,PASS
6,random_fullrange_2,88,0058117d9e22b155,0058110122020000,0058110122020000,16456.50,PASS
6,random_fullrange_2,89,005922a3a611a0b6,0059220211020000,0059220211020000,16933.30,PASS
6,random_fullrange_2,90,005a117f2e221fd6,005a110122010000,005a110122010000,16805.60,PASS
6,random_fullrange_2,91,005b22ecda11ed3f,005b220211020000,005b220211020000,16730.00,PASS
6,random_fullrange_2,92,005c11b6fa2279fb,005c110222010000,005c110222010000,16695.70,PASS
6,random_fullrange_2,93,005d22bb8611570c,005d220211010000,005d220211010000,17026.30,PASS
6,random_fullrange_2,94,005e11ea8622627f,005e110222010000,005e110222010000,16829.00,PASS
6,random_fullrange_2,95,005f226ba811c687,005f220111020000,005f220111020000,16899.70,PASS
6,random_fullrange_2,96,0060114fea22b04e,0060110122020000,0060110122020000,16866.00,PASS
6,random_fullrange_2,97,006122e09011e799,0061220211020000,0061220211020000,16981.30,PASS
6,random_fullrange_2,98,006211243a22dd78,0062110122020000,0062110122020000,16655.60,PASS
6,random_fullrange_2,99,0063227b96115a07,0063220111010000,0063220111010000,17701.60,PASS
7,random_fullrange_3,0,000022e66511638f,0000220011000000,0000220011000000,2960.40,PASS
7,random_fullrange_3,1,00011181db227a48,0001110022000000,0001110022000000,16741.90,PASS
7,random_fullrange_3,2,000222bec2113771,0002220011000000,0002220011000000,16975.00,PASS
7,random_fullrange_3,3,00031174f1223e17,0003110022000000,0003110022000000,16903.70,PASS
7,random_fullrange_3,4,00042264d6114db9,0004220011000000,0004220011000000,16564.40,PASS
7,random_fullrange_3,5,000511653422f20e,0005110022000000,0005110022000000,16793.30,PASS
7,random_fullrange_3,6,000622d69a1181c3,0006220011000000,0006220011000000,17068.20,PASS
7,random_fullrange_3,7,0007114d282208d8,0007110022000000,0007110022000000,16848.00,PASS
7,random_fullrange_3,8,000822efc411e15a,0008220011000000,0008220011000000,16931.50,PASS
7,random_fullrange_3,9,00091134ab222d76,0009110022000000,0009110022000000,16447.30,PASS
7,random_fullrange_3,10,000a22420a1171b5,000a220011000000,000a220011000000,16738.90,PASS
7,random_fullrange_3,11,000b11b8e922a39f,000b110022000000,000b110022000000,16751.70,PASS
7,random_fullrange_3,12,000c22309f11a64b,000c220011000000,000c220011000000,16787.00,PASS
7,random_fullrange_3,13,000d11077922d131,000d110022000000,000d110022000000,16741.50,PASS
7,random_fullrange_3,14,000e22438011279b,000e220011000000,000e220011000000,17004.10,PASS
7,random_fullrange_3,15,000f118756221d58,000f110022000000,000f110022000000,16952.50,PASS
7,random_fullrange_3,16,001022f639116e5e,0010220211000000,0010220211000000,16659.70,PASS
7,random_fullrange_3,17,0011110128220f8a,0011110122010000,0011110122010000,17088.80,PASS
7,random_fullrange_3,18,0012223434114fdd,0012220111010000,0012220111010000,17034.20,PASS
7,random_fullrange_3,19,001311609a222c7f,0013110122010000,0013110122010000,16748.60,PASS
7,random_fullrange_3,20,0014227245110a05,0014220211010000,0014220211010000,16594.20,PASS
7,random_fullrange_3,21,001511c3e022f8e3,0015110222020000,0015110222020000,17406.20,PASS
7,random_fullrange_3,22,001622f533119bda,0016220211020000,0016220211020000,16786.80,PASS
7,random_fullrange_3,23,001711491022714b,0017110122010000,0017110122010000,16237.20,PASS
7,random_fullrange_3,24,001822597511fc01,0018220111020000,0018220111020000,16768.80,PASS
7,random_fullrange_3,25,001911776a229c42,0019110222020000,0019110222020000,16876.70,PASS
7,random_fullrange_3,26,001a22ff0b112b0d,001a220211010000,001a220211010000,17342.70,PASS
7,random_fullrange_3,27,001b113fd4221f44,001b110122010000,001b110122010000,16321.00,PASS
7,random_fullrange_3,28,001c224e9011e479,001c220111020000,001c220111020000,16871.00,PASS
7,random_fullrange_3,29,001d11dd4c22316d,001d110222010000,001d110222010000,16529.70,PASS
7,random_fullrange_3,30,001e2276c711b35a,001e220211020000,001e220211020000,17024.50,PASS
7,random_fullrange_3,31,001f11d5f0222fd5,001f110222010000,001f110222010000,16884.10,PASS
7,random_fullrange_3,32,002022845d11b418,0020220211020000,0020220211020000,16592.90,PASS
7,random_fullrange_3,33,002111b25622f483,0021110222020000,0021110222020000,16838.20,PASS
7,random_fullrange_3,34,0022226b6511acd1,0022220111020000,0022220111020000,16968.70,PASS
7,random_fullrange_3,35,0023110372222760,0023110122010000,0023110122010000,16686.40,PASS
7,random_fullrange_3,36,002422605311826e,0024220111010000,0024220111010000,16972.90,PASS
7,random_fullrange_3,37,00251127e122b478,0025110122020000,0025110122020000,16522.70,PASS
7,random_fullrange_3,38,00262232d911795e,0026220111010000,0026220111010000,16948.80,PASS
7,random_fullrange_3,39,002711144a22abe0,0027110122020000,0027110122020000,16756.90,PASS
7,random_fullrange_3,40,00282228df11cc56,0028220111020000,0028220111020000,16905.90,PASS
7,random_fullrange_3,41,002911b66b226d59,0029110222010000,0029110222010000,17321.40,PASS
7,random_fullrange_3,42,002a22e319114da5,002a220211010000,002a220211010000,16949.60,PASS
7,random_fullrange_3,43,002b1158b7229745,002b110122020000,002b110122020000,16150.30,PASS
7,random_fullrange_3,44,002c221b1a11663f,002c220111010000,002c220111010000,17462.40,PASS
7,random_fullrange_3,45,002d11a43922fdfd,002d110222020000,002d110222020000,16166.30,PASS
7,random_fullrange_3,46,002e221cae11afb9,002e220111020000,002e220111020000,16920.60,PASS
7,random_fullrange_3,47,002f110e87221b45,002f110122010000,002f110122010000,17263.20,PASS
7,random_fullrange_3,48,00302252a4111c00,0030220111010000,0030220111010000,16840.20,PASS
7,random_fullrange_3,49,0031116ec222f6c1,0031110222020000,0031110222020000,16096.80,PASS
7,random_fullrange_3,50,0032224133115c68,0032220111010000,0032220111010000,16944.90,PASS
7,random_fullrange_3,51,003311df79220da8,0033110222010000,0033110222010000,16737.80,PASS
7,random_fullrange_3,52,0034224a5d11a7cb,0034220111020000,0034220111020000,16868.20,PASS
7,random_fullrange_3,53,003511cdb922a279,0035110222020000,0035110222020000,16830.60,PASS
7,random_fullrange_3,54,0036221c5a1154e4,0036220111010000,0036220111010000,16657.00,PASS
7,random_fullrange_3,55,003711f3cf22f527,0037110222020000,0037110222020000,17145.10,PASS
7,random_fullrange_3,56,003822cf2911321d,0038220211010000,0038220211010000,16575.80,PASS
7,random_fullrange_3,57,003911c65922153b,0039110222010000,0039110222010000,16921.50,PASS
7,random_fullrange_3,58,003a2219b611bca6,003a220111020000,003a220111020000,17033.60,PASS
7,random_fullrange_3,59,003b11d2dc226528,003b110222020000,003b110222020000,16613.40,PASS
7,random_fullrange_3,60,003c223ac21109c1,003c220111010000,003c220111010000,16945.70,PASS
7,random_fullrange_3,61,003d1135c922445b,003d110122010000,003d110122010000,16639.80,PASS
7,random_fullrange_3,62,003e2268341194d0,003e220211020000,003e220211020000,16753.80,PASS
7,random_fullrange_3,63,003f1146622234fb,003f110122010000,003f110122010000,16942.60,PASS
7,random_fullrange_3,64,0040225570111b4c,0040220111010000,0040220111010000,17103.80,PASS
7,random_fullrange_3,65,0041113a4d223b6a,0041110122010000,0041110122010000,16818.80,PASS
7,random_fullrange_3,66,004222f2a71171bf,0042220211010000,0042220211010000,16810.50,PASS
7,random_fullrange_3,67,004311893c22ce8d,0043110222020000,0043110222020000,16608.20,PASS
7,random_fullrange_3,68,0044223a80116859,0044220111010000,0044220111010000,17265.20,PASS
7,random_fullrange_3,69,0045113c8f227c63,0045110122020000,0045110122020000,16479.20,PASS
7,random_fullrange_3,70,004622e8121185be,0046220211020000,0046220211020000,16676.30,PASS
7,random_fullrange_3,71,0047113d8622ef8d,0047110122020000,0047110122020000,16728.40,PASS
7,random_fullrange_3,72,00482271e011157d,0048220211010000,0048220211010000,17110.40,PASS
7,random_fullrange_3,73,004911011122e2ec,0049110122020000,0049110122020000,17528.50,PASS
7,random_fullrange_3,74,004a22c69a11d768,004a220211020000,004a220211020000,15903.00,PASS
7,random_fullrange_3,75,004b113688224a5b,004b110122010000,004b110122010000,16906.60,PASS
7,random_fullrange_3,76,004c22da541177e9,004c220211020000,004c220211020000,16740.00,PASS
7,random_fullrange_3,77,004d1143852256a0,004d110122010000,004d110122010000,17428.80,PASS
7,random_fullrange_3,78,004e22b82e119be7,004e220211020000,004e220211020000,16092.20,PASS
7,random_fullrange_3,79,004f11492522c0ed,004f110122020000,004f110122020000,16633.40,PASS
7,random_fullrange_3,80,005022b119117cf8,0050220211020000,0050220211020000,16835.00,PASS
7,random_fullrange_3,81,005111e98f222238,0051110222010000,0051110222010000,17033.20,PASS
7,random_fullrange_3,82,0052226c9e113f66,0052220111010000,0052220111010000,16843.60,PASS
7,random_fullrange_3,83,0053114d4b22d0b3,0053110122020000,0053110122020000,17143.30,PASS
7,random_fullrange_3,84,00542223b7113863,0054220111010000,0054220111010000,16823.40,PASS
7,random_fullrange_3,85,005511a55f2283b2,0055110222010000,0055110222010000,17014.90,PASS
7,random_fullrange_3,86,005622355611e3dd,0056220111020000,0056220111020000,16686.00,PASS
7,random_fullrange_3,87,005711a2d422749c,0057110222010000,0057110222010000,16702.50,PASS
7,random_fullrange_3,88,0058228b6e11dbd0,0058220211020000,0058220211020000,16965.50,PASS
7,random_fullrange_3,89,0059111de8227e39,0059110122010000,0059110122010000,16683.30,PASS
7,random_fullrange_3,90,005a2224fd1192e8,005a220111020000,005a220111020000,16686.30,PASS
7,random_fullrange_3,91,005b113704226661,005b110122010000,005b110122010000,16873.30,PASS
7,random_fullrange_3,92,005c22ed2d115488,005c220211010000,005c220211010000,16771.20,PASS
7,random_fullrange_3,93,005d112396229dd6,005d110122020000,005d110122020000,16844.40,PASS
7,random_fullrange_3,94,005e22ce0811487c,005e220211010000,005e220211010000,16870.60,PASS
7,random_fullrange_3,95,005f116fc222b7b1,005f110122020000,005f110122020000,16663.30,PASS
7,random_fullrange_3,96,0060227a46113802,0060220111010000,0060220111010000,16916.80,PASS
7,random_fullrange_3,97,006111ab0b228533,0061110222020000,0061110222020000,16797.70,PASS
7,random_fullrange_3,98,006222890811c203,0062220211020000,0062220211020000,17057.80,PASS
7,random_fullrange_3,99,006311ec1e22d2b6,0063110222020000,0063110222020000,16674.00,PASS
8,random_fullrange_4,0,000011c5d122b53f,0000110022000000,0000110022000000,7771.50,PASS
8,random_fullrange_4,1,000122d30611297f,0001220011000000,0001220011000000,16805.70,PASS
8,random_fullrange_4,2,000211b7722242e2,0002110022000000,0002110022000000,17020.00,PASS
8,random_fullrange_4,3,00032204d9117685,0003220011000000,0003220011000000,16777.40,PASS
8,random_fullrange_4,4,000411309722b5fe,0004110022000000,0004110022000000,17271.30,PASS
8,random_fullrange_4,5,000522415d1199c1,0005220011000000,0005220011000000,16826.40,PASS
8,random_fullrange_4,6,0006110f952260f3,0006110022000000,0006110022000000,16196.90,PASS
8,random_fullrange_4,7,000722f6ce111a7d,0007220011000000,0007220011000000,17005.80,PASS
8,random_fullrange_4,8,000811462422815e,0008110022000000,0008110022000000,16583.30,PASS
8,random_fullrange_4,9,000922bcd4117592,0009220011000000,0009220011000000,16986.30,PASS
8,random_fullrange_4,10,000a11c59a22d773,000a110022000000,000a110022000000,17158.50,PASS
8,random_fullrange_4,11,000b22691e11cd68,000b220011000000,000b220011000000,16498.90,PASS
8,random_fullrange_4,12,000c11efc2221fea,000c110022000000,000c110022000000,16608.10,PASS
8,random_fullrange_4,13,000d229659113e9c,000d220011000000,000d220011000000,16857.90,PASS
8,random_fullrange_4,14,000e1180ca22f1c0,000e110022000000,000e110022000000,16813.80,PASS
8,random_fullrange_4,15,000f22693f1145ed,000f220011000000,000f220011000000,16939.80,PASS
8,random_fullrange_4,16,00101102d022e765,0010110022020000,0010110022020000,16635.90,PASS
8,random_fullrange_4,17,001122dad411f15f,0011220211020000,0011220211020000,16802.40,PASS
8,random_fullrange_4,18,0012119de8225fc0,0012110222010000,0012110222010000,16931.40,PASS
8,random_fullrange_4,19,0013225024115844,0013220111010000,0013220111010000,16667.20,PASS
8,random_fullrange_4,20,001411652f22362a,0014110122010000,0014110122010000,16900.70,PASS
8,random_fullrange_4,21,001522cfd411a40b,0015220211020000,0015220211020000,16736.30,PASS
8,random_fullrange_4,22,001611568f22ed92,0016110122020000,0016110122020000,16953.60,PASS
8,random_fullrange_4,23,001722d06c115f25,0017220211010000,0017220211010000,16646.50,PASS
8,random_fullrange_4,24,0018117b192281f2,0018110122010000,0018110122010000,17171.60,PASS
8,random_fullrange_4,25,0019220fb611ac70,0019220111020000,0019220111020000,16630.50,PASS
8,random_fullrange_4,26,001a11409c227541,001a110122010000,001a110122010000,16885.20,PASS
8,random_fullrange_4,27,001b229bd41181fb,001b220211020000,001b220211020000,16915.20,PASS
8,random_fullrange_4,28,001c11342522ae6e,001c110122020000,001c110122020000,16900.30,PASS
8,random_fullrange_4,29,001d227095117194,001d220111020000,001d220111020000,17345.80,PASS
8,random_fullrange_4,30,001e11a8652249ed,001e110222010000,001e110222010000,16528.90,PASS
8,random_fullrange_4,31,001f22ad7d1113c5,001f220211010000,001f220211010000,16802.20,PASS
8,random_fullrange_4,32,002011e6c92278c1,0020110222010000,0020110222010000,16800.90,PASS
8,random_fullrange_4,33,002122348311e28f,0021220111020000,0021220111020000,16714.90,PASS
8,random_fullrange_4,34,002211d66322270b,0022110222010000,0022110222010000,16899.30,PASS
8,random_fullrange_4,35,0023222ae011f883,0023220111020000,0023220111020000,16785.70,PASS
8,random_fullrange_4,36,002411ee0722c01e,0024110222020000,0024110222020000,16918.70,PASS
8,random_fullrange_4,37,0025225f1211548a,0025220111010000,0025220111010000,17055.20,PASS
8,random_fullrange_4,38,002611c786228a9c,0026110222020000,0026110222020000,16629.30,PASS
8,random_fullrange_4,39,002722206411362f,0027220111010000,0027220111010000,17102.40,PASS
8,random_fullrange_4,40,002811ca1022ae5f,0028110222020000,0028110222020000,16716.20,PASS
8,random_fullrange_4,41,0029226c1a11bc1d,0029220111020000,0029220111020000,16902.40,PASS
8,random_fullrange_4,42,002a11c72922c7f8,002a110222020000,002a110222020000,16844.40,PASS
8,random_fullrange_4,43,002b221ebd11aa59,002b220111020000,002b220111020000,16921.90,PASS
8,random_fullrange_4,44,002c11c188221399,002c110222010000,002c110222010000,17109.10,PASS
8,random_fullrange_4,45,002d226cfb110cb2,002d220211010000,002d220211010000,17422.90,PASS
8,random_fullrange_4,46,002e11541e2229e3,002e110122010000,002e110122010000,16794.20,PASS
8,random_fullrange_4,47,002f22bdee11941f,002f220211010000,002f220211010000,16463.50,PASS
8,random_fullrange_4,48,003011d15e222426,0030110222010000,0030110222010000,16614.30,PASS
8,random_fullrange_4,49,0031222f4311b8a5,0031220111020000,0031220111020000,16729.10,PASS
8,random_fullrange_4,50,003211ad4f22bc1f,0032110222020000,0032110222020000,16925.30,PASS
8,random_fullrange_4,51,003322ab5a113511,0033220211010000,0033220211010000,16815.40,PASS
8,random_fullrange_4,52,0034117eb4226f3f,0034110122020000,0034110122020000,16950.40,PASS
8,random_fullrange_4,53,003522a9f111cb70,0035220211020000,0035220211020000,17079.50,PASS
8,random_fullrange_4,54,003611dbbe22e7f7,0036110222020000,0036110222020000,16447.80,PASS
8,random_fullrange_4,55,00372220471148d8,0037220111010000,0037220111010000,16873.00,PASS
8,random_fullrange_4,56,003811a549229c62,0038110222020000,0038110222020000,16887.70,PASS
8,random_fullrange_4,57,00392252cb110c82,0039220111010000,0039220111010000,16733.70,PASS
8,random_fullrange_4,58,003a11df10224830,003a110222010000,003a110222010000,16691.70,PASS
8,random_fullrange_4,59,003b2242c211eabb,003b220111020000,003b220111020000,16953.80,PASS
8,random_fullrange_4,60,003c112abe22e4fd,003c110122020000,003c110122020000,16674.20,PASS
8,random_fullrange_4,61,003d2243cf112b8a,003d220111010000,003d220111010000,16744.40,PASS
8,random_fullrange_4,62,003e11cefc22af6b,003e110222020000,003e110222020000,16925.70,PASS
8,random_fullrange_4,63,003f2281c2117f8e,003f220211010000,003f220211010000,16685.60,PASS
8,random_fullrange_4,64,004011e280228822,0040110222020000,0040110222020000,17716.30,PASS
8,random_fullrange_4,65,004122e12711702a,0041220211010000,0041220211010000,15927.20,PASS
8,random_fullrange_4,66,004211924222decd,0042110222020000,0042110222020000,17370.70,PASS
8,random_fullrange_4,67,004322bcfa111fc8,0043220211010000,0043220211010000,16686.00,PASS
8,random_fullrange_4,68,00441165e9221662,0044110122010000,0044110122010000,16571.30,PASS
8,random_fullrange_4,69,004522182011f2c8,0045220111020000,0045220111020000,16627.80,PASS
8,random_fullrange_4,70,004611f19c22891f,0046110222020000,0046110222020000,16963.70,PASS
8,random_fullrange_4,71,00472280b911b02b,0047220111020000,0047220111020000,16610.50,PASS
8,random_fullrange_4,72,0048118fbd22b468,0048110122020000,0048110122020000,16866.50,PASS
8,random_fullrange_4,73,00492267e611a851,0049220111020000,0049220111020000,16770.60,PASS
8,random_fullrange_4,74,004a11a2ec22329f,004a110222010000,004a110222010000,17578.40,PASS
8,random_fullrange_4,75,004b22aa21117f1f,004b220211010000,004b220211010000,16346.70,PASS
8,random_fullrange_4,76,004c11d7ff223e24,004c110222010000,004c110222010000,16599.70,PASS
8,random_fullrange_4,77,004d22b64d11f49f,004d220211020000,004d220211020000,17022.00,PASS
8,random_fullrange_4,78,004e11d738228dfc,004e110222020000,004e110222020000,16799.70,PASS
8,random_fullrange_4,79,004f22451d1199e9,004f220111010000,004f220111010000,16935.10,PASS
8,random_fullrange_4,80,0050118a47228834,0050110122020000,0050110122020000,16619.00,PASS
8,random_fullrange_4,81,005122b4bc11da84,0051220211020000,0051220211020000,16841.40,PASS
8,random_fullrange_4,82,0052115c7a226a01,0052110122010000,0052110122010000,16827.70,PASS
8,random_fullrange_4,83,005322cc7d110ece,0053220211010000,0053220211010000,16952.20,PASS
8,random_fullrange_4,84,00541194dd22a88f,0054110122020000,0054110122020000,17052.10,PASS
8,random_fullrange_4,85,005522707e11a49d,0055220111020000,0055220111020000,16373.40,PASS
8,random_fullrange_4,86,005611ad11226b76,0056110222010000,0056110222010000,16618.20,PASS
8,random_fullrange_4,87,005722281511acb5,0057220111020000,0057220111020000,16856.20,PASS
8,random_fullrange_4,88,00581163a02267fb,0058110122010000,0058110122010000,16882.60,PASS
8,random_fullrange_4,89,005922cabf114702,0059220211010000,0059220211010000,16684.80,PASS
8,random_fullrange_4,90,005a11370b2222f0,005a110122010000,005a110122010000,17108.40,PASS
8,random_fullrange_4,91,005b2204ce11cbea,005b220111020000,005b220111020000,16760.60,PASS
8,random_fullrange_4,92,005c1152b522d72b,005c110122020000,005c110122020000,16766.50,PASS
8,random_fullrange_4,93,005d225f961157d4,005d220111010000,005d220111010000,17060.40,PASS
8,random_fullrange_4,94,005e113c6222dbec,005e110122020000,005e110122020000,17087.50,PASS
8,random_fullrange_4,95,005f22877e116545,005f220211010000,005f220211010000,16862.00,PASS
8,random_fullrange_4,96,006011f6572244aa,0060110222010000,0060110222010000,16748.10,PASS
8,random_fullrange_4,97,006122c62711a513,0061220211020000,0061220211020000,17393.30,PASS
8,random_fullrange_4,98,006211dca92286d4,0062110222020000,0062110222020000,16258.30,PASS
8,random_fullrange_4,99,006322af271135f7,0063220211010000,0063220211010000,16946.40,PASS
9,random_fullrange_5,0,000022adc2111ea0,0000220011000000,0000220011000000,15137.70,PASS
9,random_fullrange_5,1,0001116a7d22984d,0001110022000000,0001110022000000,16306.60,PASS
9,random_fullrange_5,2,00022232f411aedd,0002220011000000,0002220011000000,16756.50,PASS
9,random_fullrange_5,3,000311916822988b,0003110022000000,0003110022000000,16715.50,PASS
9,random_fullrange_5,4,00042218c9112658,0004220011000000,0004220011000000,16621.40,PASS
9,random_fullrange_5,5,0005118a84229f87,0005110022000000,0005110022000000,16758.40,PASS
9,random_fullrange_5,6,000622e9c911032a,0006220011000000,0006220011000000,16973.70,PASS
9,random_fullrange_5,7,0007116d58227f60,0007110022000000,0007110022000000,17461.20,PASS
9,random_fullrange_5,8,000822664811ddf1,0008220011000000,0008220011000000,16585.60,PASS
9,random_fullrange_5,9,000911a698225403,0009110022000000,0009110022000000,16319.80,PASS
9,random_fullrange_5,10,000a223a3d1147ec,000a220011000000,000a220011000000,16909.10,PASS
9,random_fullrange_5,11,000b11993922a6a5,000b110022000000,000b110022000000,16824.30,PASS
9,random_fullrange_5,12,000c22d892118ad5,000c220011000000,000c220011000000,16763.80,PASS
9,random_fullrange_5,13,000d1178af22dfe7,000d110022000000,000d110022000000,16975.80,PASS
9,random_fullrange_5,14,000e22968711fa44,000e220011000000,000e220011000000,17230.60,PASS
9,random_fullrange_5,15,000f119f36223b94,000f110022000000,000f110022000000,16285.20,PASS
9,random_fullrange_5,16,0010226f6b11505d,0010220011010000,0010220011010000,16851.50,PASS
9,random_fullrange_5,17,00111178fb22d829,0011110122020000,0011110122020000,16821.40,PASS
9,random_fullrange_5,18,0012227fb311c0a9,0012220111020000,0012220111020000,16652.80,PASS
9,random_fullrange_5,19,001311594c22537b,0013110122010000,0013110122010000,16921.10,PASS
9,random_fullrange_5,20,0014227308110532,0014220111010000,0014220111010000,16878.10,PASS
9,random_fullrange_5,21,001511f3c822e1df,0015110222020000,0015110222020000,16937.40,PASS
9,random_fullrange_5,22,001622258111b1cf,0016220111020000,0016220111020000,16943.30,PASS
9,random_fullrange_5,23,0017110a1d2293cc,0017110122020000,0017110122020000,16969.90,PASS
9,random_fullrange_5,24,0018222de011e6ee,0018220111020000,0018220111020000,16538.20,PASS
9,random_fullrange_5,25,0019110537227723,0019110122010000,0019110122010000,17424.90,PASS
9,random_fullrange_5,26,001a22512611a0ba,001a220111020000,001a220111020000,16090.40,PASS
9,random_fullrange_5,27,001b11abd922a2b2,001b110222020000,001b110222020000,17501.80,PASS
9,random_fullrange_5,28,001c22408d11a32e,001c220111020000,001c220111020000,16934.80,PASS
9,random_fullrange_5,29,001d112d9922c2a6,001d110122020000,001d110122020000,16206.70,PASS
9,random_fullrange_5,30,001e22997811db27,001e220211020000,001e220211020000,17475.40,PASS
9,random_fullrange_5,31,001f117322225f4f,001f110122010000,001f110122010000,15929.50,PASS
9,random_fullrange_5,32,002022325d11e287,0020220111020000,0020220111020000,16976.10,PASS
9,random_fullrange_5,33,002111004e2254e3,0021110122010000,0021110122010000,16841.30,PASS
9,random_fullrange_5,34,002222bffd11535c,0022220211010000,0022220211010000,16559.60,PASS
9,random_fullrange_5,35,0023118d85224b36,0023110222010000,0023110222010000,16754.10,PASS
9,random_fullrange_5,36,0024226f8c1187bf,0024220111020000,0024220111020000,17079.70,PASS
9,random_fullrange_5,37,0025114dc8223c89,0025110122010000,0025110122010000,16641.80,PASS
9,random_fullrange_5,38,00262263ea11a552,0026220111020000,0026220111020000,17118.10,PASS
9,random_fullrange_5,39,002711281922e3f1,0027110122020000,0027110122020000,16826.00,PASS
9,random_fullrange_5,40,0028225e061141cb,0028220111010000,0028220111010000,16757.40,PASS
9,random_fullrange_5,41,0029117d48223fd0,0029110222010000,0029110222010000,16693.90,PASS
9,random_fullrange_5,42,002a224b97115b3f,002a220111010000,002a220111010000,16812.40,PASS
9,random_fullrange_5,43,002b11181522ce5d,002b110122020000,002b110122020000,16772.70,PASS
9,random_fullrange_5,44,002c223f7e11d723,002c220111020000,002c220111020000,17507.40,PASS
9,random_fullrange_5,45,002d115dd222fc4c,002d110122020000,002d110122020000,16095.60,PASS
9,random_fullrange_5,46,002e22743311a0a7,002e220111020000,002e220111020000,16993.10,PASS
9,random_fullrange_5,47,002f118d712221b4,002f110222010000,002f110222010000,16587.30,PASS
9,random_fullrange_5,48,0030228f23119a42,0030220211020000,0030220211020000,17191.20,PASS
9,random_fullrange_5,49,003111927d226b37,0031110222010000,0031110222010000,17245.50,PASS
9,random_fullrange_5,50,0032221ad4112f1b,0032220111010000,0032220111010000,16088.50,PASS
9,random_fullrange_5,51,003311b1dc225c48,0033110222010000,0033110222010000,16879.30,PASS
9,random_fullrange_5,52,003422ba16111813,0034220211010000,0034220211010000,16760.40,PASS
9,random_fullrange_5,53,0035118568224ae1,0035110222010000,0035110222010000,16771.60,PASS
9,random_fullrange_5,54,003622618f11971f,0036220111020000,0036220111020000,16706.20,PASS
9,random_fullrange_5,55,0037119415226aeb,0037110222010000,0037110222010000,16932.30,PASS
9,random_fullrange_5,56,0038229c911143bc,0038220211010000,0038220211010000,16940.60,PASS
9,random_fullrange_5,57,003911860122c769,0039110222020000,0039110222020000,16785.00,PASS
9,random_fullrange_5,58,003a22b48011f5f4,003a220211020000,003a220211020000,16960.40,PASS
9,random_fullrange_5,59,003b110e9422390a,003b110122010000,003b110122010000,17122.90,PASS
9,random_fullrange_5,60,003c22684611dc0c,003c220111020000,003c220111020000,16761.60,PASS
9,random_fullrange_5,61,003d11e7a6225f69,003d110222010000,003d110222010000,17015.10,PASS
9,random_fullrange_5,62,003e2215b011ae77,003e220111020000,003e220111020000,16844.10,PASS
9,random_fullrange_5,63,003f11824322db90,003f110122020000,003f110122020000,17323.00,PASS
9,random_fullrange_5,64,004022699411ba6d,0040220111020000,0040220111020000,16284.10,PASS
9,random_fullrange_5,65,004111c40b221a5c,0041110222010000,0041110222010000,16776.20,PASS
9,random_fullrange_5,66,004222339a1108ec,0042220111010000,0042220111010000,17523.70,PASS
9,random_fullrange_5,67,004311ad3e2236a4,0043110222010000,0043110222010000,16264.50,PASS
9,random_fullrange_5,68,004422c2de116eb0,0044220211010000,0044220211010000,17378.80,PASS
9,random_fullrange_5,69,004511196922cb8e,0045110122020000,0045110122020000,16307.20,PASS
9,random_fullrange_5,70,0046226101112c8a,0046220111010000,0046220111010000,16607.90,PASS
9,random_fullrange_5,71,0047118bc1220ca3,0047110222010000,0047110222010000,16954.50,PASS
9,random_fullrange_5,72,00482247bd11fc64,0048220111020000,0048220111020000,16603.80,PASS
9,random_fullrange_5,73,0049111a6722b4c3,0049110122020000,0049110122020000,16854.10,PASS
9,random_fullrange_5,74,004a228a4111b5a5,004a220211020000,004a220211020000,17627.90,PASS
9,random_fullrange_5,75,004b11c5f3229f69,004b110222020000,004b110222020000,16104.00,PASS
9,random_fullrange_5,76,004c22c3de119983,004c220211020000,004c220211020000,17225.20,PASS
9,random_fullrange_5,77,004d1194cf22da45,004d110222020000,004d110222020000,16395.50,PASS
9,random_fullrange_5,78,004e22743a116359,004e220111010000,004e220111010000,17408.80,PASS
9,random_fullrange_5,79,004f1181f022f10c,004f110222020000,004f110222020000,16340.10,PASS
9,random_fullrange_5,80,005022df3b118560,0050220211020000,0050220211020000,17486.30,PASS
9,random_fullrange_5,81,0051116b1a22eda1,0051110122020000,0051110122020000,16034.10,PASS
9,random_fullrange_5,82,005222dfdf111f1a,0052220211010000,0052220211010000,16876.70,PASS
9,random_fullrange_5,83,00531151412252eb,0053110122010000,0053110122010000,16950.40,PASS
9,random_fullrange_5,84,005422eed6117eb7,0054220211020000,0054220211020000,16777.20,PASS
9,random_fullrange_5,85,0055117eaf22e1dc,0055110222020000,0055110222020000,16636.40,PASS
9,random_fullrange_5,86,00562241e111d748,0056220111020000,0056220111020000,16954.70,PASS
9,random_fullrange_5,87,0057110a19222aa0,0057110122010000,0057110122010000,16791.80,PASS
9,random_fullrange_5,88,0058221fa711eeec,0058220111020000,0058220111020000,16904.70,PASS
9,random_fullrange_5,89,00591170092281cb,0059110122010000,0059110122010000,17111.50,PASS
9,random_fullrange_5,90,005a22086d115934,005a220111010000,005a220111010000,16809.00,PASS
9,random_fullrange_5,91,005b11aa9d22c9ca,005b110222020000,005b110222020000,16423.50,PASS
9,random_fullrange_5,92,005c22189e1143e7,005c220111010000,005c220111010000,16636.40,PASS
9,random_fullrange_5,93,005d11768422cd9d,005d110222020000,005d110222020000,17771.30,PASS
9,random_fullrange_5,94,005e224b411107c4,005e220111010000,005e220111010000,15879.20,PASS
9,random_fullrange_5,95,005f11e1142238b9,005f110222010000,005f110222010000,16754.80,PASS
9,random_fullrange_5,96,0060228a991110b2,0060220211010000,0060220211010000,16930.50,PASS
9,random_fullrange_5,97,006111dd76227b70,0061110222020000,0061110222020000,17195.70,PASS
9,random_fullrange_5,98,006222898f119bb0,0062220211020000,0062220211020000,17058.50,PASS
9,random_fullrange_5,99,006311ef7922c50f,0063110222020000,0063110222020000,16480.60,PASS
10,random_fullrange_6,0,000011f9d2226502,0000110022000000,0000110022000000,4444.80,PASS
10,random_fullrange_6,1,00012227721157e0,0001220011000000,0001220011000000,16841.10,PASS
10,random_fullrange_6,2,0002115eaf22cb2e,0002110022000000,0002110022000000,17387.30,PASS
10,random_fullrange_6,3,000322c2b1118dca,0003220011000000,0003220011000000,16143.30,PASS
10,random_fullrange_6,4,000411258222d29c,0004110022000000,0004110022000000,16955.80,PASS
10,random_fullrange_6,5,0005222a9311cd0d,0005220011000000,0005220011000000,16749.30,PASS
10,random_fullrange_6,6,00061192a12291c9,0006110022000000,0006110022000000,16759.30,PASS
10,random_fullrange_6,7,000722331011fe9a,0007220011000000,0007220011000000,17095.10,PASS
10,random_fullrange_6,8,000811de8d229c31,0008110022000000,0008110022000000,16860.80,PASS
10,random_fullrange_6,9,0009226551111f5f,0009220011000000,0009220011000000,16584.40,PASS
10,random_fullrange_6,10,000a11eeef222ffb,000a110022000000,000a110022000000,16854.50,PASS
10,random_fullrange_6,11,000b22c82a111d7e,000b220011000000,000b220011000000,16650.90,PASS
10,random_fullrange_6,12,000c11b39822ccd9,000c110022000000,000c110022000000,17069.00,PASS
10,random_fullrange_6,13,000d22bcf011301d,000d220011000000,000d220011000000,16793.60,PASS
10,random_fullrange_6,14,000e11116e22baf0,000e110022000000,000e110022000000,16957.40,PASS
10,random_fullrange_6,15,000f223b2811b049,000f220011000000,000f220011000000,16720.60,PASS
10,random_fullrange_6,16,001011c72f22219b,0010110022000000,0010110022000000,16848.40,PASS
10,random_fullrange_6,17,001122a27b11a0e0,0011220211000000,0011220211000000,16846.40,PASS
10,random_fullrange_6,18,0012114d32225635,0012110122010000,0012110122010000,16929.40,PASS
10,random_fullrange_6,19,00132282131196e0,0013220211020000,0013220211020000,16816.90,PASS
10,random_fullrange_6,20,00141134df22811d,0014110122020000,0014110122020000,16916.80,PASS
10,random_fullrange_6,21,001522d91711d4f5,0015220211020000,0015220211020000,16900.70,PASS
10,random_fullrange_6,22,001611187d22e249,0016110122020000,0016110122020000,17188.80,PASS
10,random_fullrange_6,23,0017223ece11404c,0017220111010000,0017220111010000,16675.60,PASS
10,random_fullrange_6,24,001811d9b322df88,0018110222020000,0018110222020000,16760.70,PASS
10,random_fullrange_6,25,001922bb6f1193bd,0019220211020000,0019220211020000,16980.40,PASS
10,random_fullrange_6,26,001a114533222105,001a110122010000,001a110122010000,16829.30,PASS
10,random_fullrange_6,27,001b22de78111dfc,001b220211010000,001b220211010000,16759.70,PASS
10,random_fullrange_6,28,001c116b77226d0c,001c110122010000,001c110122010000,16900.70,PASS
10,random_fullrange_6,29,001d224336118a70,001d220111020000,001d220111020000,16739.20,PASS
10,random_fullrange_6,30,001e11beb9220ec6,001e110222010000,001e110222010000,17410.00,PASS
10,random_fullrange_6,31,001f2232b91188e0,001f220111020000,001f220111020000,16206.70,PASS
10,random_fullrange_6,32,0020113c65222237,0020110122010000,0020110122010000,16943.10,PASS
10,random_fullrange_6,33,002122721511c3e9,0021220111020000,0021220111020000,16511.10,PASS
10,random_fullrange_6,34,002211ad66229e4c,0022110222020000,0022110222020000,16785.30,PASS
10,random_fullrange_6,35,002322cec1114fb5,0023220211010000,0023220211010000,16857.40,PASS
10,random_fullrange_6,36,002411624122d08c,0024110122020000,0024110122020000,16786.50,PASS
10,random_fullrange_6,37,002522f3da118bfd,0025220211020000,0025220211020000,17041.30,PASS
10,random_fullrange_6,38,00261117e2226eea,0026110122010000,0026110122010000,16841.50,PASS
10,random_fullrange_6,39,002722ab60116d62,0027220211010000,0027220211010000,16644.20,PASS
10,random_fullrange_6,40,002811f36422bebf,0028110222020000,0028110222020000,16750.60,PASS
10,random_fullrange_6,41,00292287ea1140c7,0029220211010000,0029220211010000,16795.70,PASS
10,random_fullrange_6,42,002a116ee6225f24,002a110122010000,002a110122010000,16872.60,PASS
10,random_fullrange_6,43,002b22b26b110f8a,002b220211010000,002b220211010000,16781.50,PASS
10,random_fullrange_6,44,002c11d1a522d618,002c110222020000,002c110222020000,16921.10,PASS
10,random_fullrange_6,45,002d22f23311bf84,002d220211020000,002d220211020000,17475.20,PASS
10,random_fullrange_6,46,002e1114e9228056,002e110122010000,002e110122010000,16464.20,PASS
10,random_fullrange_6,47,002f229ce311f2ef,002f220111020000,002f220111020000,16648.90,PASS
10,random_fullrange_6,48,003011e80222cd65,0030110222020000,0030110222020000,16952.40,PASS
10,random_fullrange_6,49,003122631f11cc56,0031220111020000,0031220111020000,16883.30,PASS
10,random_fullrange_6,50,003211ada622f348,0032110222020000,0032110222020000,16856.40,PASS
10,random_fullrange_6,51,003322dbd411bb12,0033220211020000,0033220211020000,16762.50,PASS
10,random_fullrange_6,52,003411f21b22708d,0034110222010000,0034110222010000,16712.60,PASS
10,random_fullrange_6,53,003522cd8c1120fa,0035220211010000,0035220211010000,17476.50,PASS
10,random_fullrange_6,54,003611e9892272d3,0036110222010000,0036110222010000,16135.30,PASS
10,random_fullrange_6,55,003722e696117d79,0037220211010000,0037220211010000,17465.50,PASS
10,random_fullrange_6,56,003811ead422a67f,0038110222010000,0038110222010000,16339.60,PASS
10,random_fullrange_6,57,003922e367110bfa,0039220211010000,0039220211010000,17081.00,PASS
10,random_fullrange_6,58,003a1101b7224cc9,003a110122010000,003a110122010000,16677.60,PASS
10,random_fullrange_6,59,003b22c11b11d696,003b220211020000,003b220211020000,16533.90,PASS
10,random_fullrange_6,60,003c11a9b022a4d9,003c110222010000,003c110222010000,16817.20,PASS
10,random_fullrange_6,61,003d22e12211d2e0,003d220211020000,003d220211020000,16820.20,PASS
10,random_fullrange_6,62,003e11aaf5223c13,003e110222010000,003e110222010000,16903.00,PASS
10,random_fullrange_6,63,003f22cb0a1115b9,003f220211010000,003f220211010000,16882.60,PASS
10,random_fullrange_6,64,004011b49922783c,0040110222010000,0040110222010000,17285.40,PASS
10,random_fullrange_6,65,0041222e7a11c48c,0041220111020000,0041220111020000,16065.30,PASS
10,random_fullrange_6,66,004211ff1322ccfe,0042110222020000,0042110222020000,16918.70,PASS
10,random_fullrange_6,67,004322370511043f,0043220111010000,0043220111010000,16907.90,PASS
10,random_fullrange_6,68,004411657d228734,0044110122010000,0044110122010000,16859.10,PASS
10,random_fullrange_6,69,004522f9a611d763,0045220211020000,0045220211020000,16611.60,PASS
10,random_fullrange_6,70,00461149d1226d72,0046110122010000,0046110122010000,17476.70,PASS
10,random_fullrange_6,71,004722ab311150a5,0047220211010000,0047220211010000,16680.30,PASS
10,random_fullrange_6,72,0048111c132235f1,0048110122010000,0048110122010000,16475.30,PASS
10,random_fullrange_6,73,00492241cb11c422,0049220111020000,0049220111020000,17433.30,PASS
10,random_fullrange_6,74,004a11de02222a71,004a110222010000,004a110222010000,16110.80,PASS
10,random_fullrange_6,75,004b220619119025,004b220111020000,004b220111020000,16891.70,PASS
10,random_fullrange_6,76,004c114c2822af01,004c110122020000,004c110122020000,16764.20,PASS
10,random_fullrange_6,77,004d224411114540,004d220111010000,004d220111010000,16790.40,PASS
10,random_fullrange_6,78,004e11e04422df1e,004e110222020000,004e110222020000,16952.80,PASS
10,random_fullrange_6,79,004f220d6f115c1a,004f220111010000,004f220111010000,16780.70,PASS
10,random_fullrange_6,80,0050116e1e22a600,0050110122020000,0050110122020000,16657.60,PASS
10,random_fullrange_6,81,005122f5fd11db63,0051220211020000,0051220211020000,16980.70,PASS
10,random_fullrange_6,82,005211c704220cda,0052110222010000,0052110222010000,16786.70,PASS
10,random_fullrange_6,83,005322a2b3113b6d,0053220211010000,0053220211010000,16979.50,PASS
10,random_fullrange_6,84,00541151fa224666,0054110122010000,0054110122010000,16616.90,PASS
10,random_fullrange_6,85,005522f6ba11095b,0055220211010000,0055220211010000,16993.90,PASS
10,random_fullrange_6,86,0056112af0225898,0056110122010000,0056110122010000,16808.10,PASS
10,random_fullrange_6,87,0057223af81117c9,0057220111010000,0057220111010000,16950.00,PASS
10,random_fullrange_6,88,0058117e2722ee8f,0058110222020000,0058110222020000,16823.00,PASS
10,random_fullrange_6,89,005922c69111d4de,0059220211020000,0059220211020000,17005.20,PASS
10,random_fullrange_6,90,005a11ace622d57c,005a110222020000,005a110222020000,16861.80,PASS
10,random_fullrange_6,91,005b228676116e88,005b220111010000,005b220111010000,16623.80,PASS
10,random_fullrange_6,92,005c112dad22c325,005c110122020000,005c110122020000,17017.90,PASS
10,random_fullrange_6,93,005d22f53911e7cd,005d220211020000,005d220211020000,16782.10,PASS
10,random_fullrange_6,94,005e1190cc22fdb2,005e110222020000,005e110222020000,16911.40,PASS
10,random_fullrange_6,95,005f22cfda11326b,005f220211010000,005f220211010000,17157.20,PASS
10,random_fullrange_6,96,006011a78922e56b,0060110222020000,0060110222020000,16763.20,PASS
10,random_fullrange_6,97,006122537911a544,0061220111020000,0061220111020000,16949.50,PASS
10,random_fullrange_6,98,00621101e622704f,0062110122010000,0062110122010000,16882.80,PASS
10,random_fullrange_6,99,0063227bce11658d,0063220111010000,0063220111010000,16695.20,PASS
11,random_fullrange_7,0,000022deb8117f08,0000220011000000,0000220011000000,2595.90,PASS
11,random_fullrange_7,1,0001112e0a22ab38,0001110022000000,0001110022000000,17042.90,PASS
11,random_fullrange_7,2,00022201dd112dee,0002220011000000,0002220011000000,16703.90,PASS
11,random_fullrange_7,3,000311e237223363,0003110022000000,0003110022000000,16880.90,PASS
11,random_fullrange_7,4,00042251d7113aa9,0004220011000000,0004220011000000,16528.50,PASS
11,random_fullrange_7,5,0005115baf22cc07,0005110022000000,0005110022000000,16985.10,PASS
11,random_fullrange_7,6,000622dd3511db11,0006220011000000,0006220011000000,16836.90,PASS
11,random_fullrange_7,7,00071166a822b7d9,0007110022000000,0007110022000000,16975.30,PASS
11,random_fullrange_7,8,000822d0ec11e427,0008220011000000,0008220011000000,16532.40,PASS
11,random_fullrange_7,9,00091143bc223db5,0009110022000000,0009110022000000,16910.30,PASS
11,random_fullrange_7,10,000a226ed0117049,000a220011000000,000a220011000000,17429.30,PASS
11,random_fullrange_7,11,000b11b64122453d,000b110022000000,000b110022000000,16231.20,PASS
11,random_fullrange_7,12,000c2223d211018d,000c220011000000,000c220011000000,16731.90,PASS
11,random_fullrange_7,13,000d112a7022cfca,000d110022000000,000d110022000000,16860.00,PASS
11,random_fullrange_7,14,000e221cc711f69f,000e220011000000,000e220011000000,16711.40,PASS
11,random_fullrange_7,15,000f116923223d6e,000f110022000000,000f110022000000,17045.50,PASS
11,random_fullrange_7,16,00102240d311008a,0010220011000000,0010220011000000,17345.10,PASS
11,random_fullrange_7,17,0011112d682256db,0011110022000000,0011110022000000,16122.20,PASS
11,random_fullrange_7,18,00122212011122bd,0012220011000000,0012220011000000,17018.10,PASS
11,random_fullrange_7,19,001311a1c5222ea8,0013110222000000,0013110222000000,17207.10,PASS
11,random_fullrange_7,20,001422e0ac1105bd,0014220211010000,0014220211010000,16504.30,PASS
11,random_fullrange_7,21,0015114efa229e18,0015110122020000,0015110122020000,16977.60,PASS
11,random_fullrange_7,22,001622778f1108ad,0016220211010000,0016220211010000,16485.20,PASS
11,random_fullrange_7,23,0017113f6d22a10c,0017110122020000,0017110122020000,16935.70,PASS
11,random_fullrange_7,24,001822c6bb11c1d3,0018220211020000,0018220211020000,17216.30,PASS
11,random_fullrange_7,25,001911d488229a92,0019110222020000,0019110222020000,16067.40,PASS
11,random_fullrange_7,26,001a224bb7111965,001a220111010000,001a220111010000,16849.90,PASS
11,random_fullrange_7,27,001b116bdc22f1c8,001b110222020000,001b110222020000,16978.10,PASS
11,random_fullrange_7,28,001c225008113e61,001c220111010000,001c220111010000,17018.50,PASS
11,random_fullrange_7,29,001d11a417220f1f,001d110222010000,001d110222010000,16611.00,PASS
11,random_fullrange_7,30,001e22514a11967b,001e220111020000,001e220111020000,16734.50,PASS
11,random_fullrange_7,31,001f11ec86226816,001f110222010000,001f110222010000,17487.00,PASS
11,random_fullrange_7,32,00202290d611efd7,0020220211020000,0020220211020000,16305.70,PASS
11,random_fullrange_7,33,002111fba52289bb,0021110222020000,0021110222020000,16626.80,PASS
11,random_fullrange_7,34,002222d04611e6fb,0022220211020000,0022220211020000,16672.70,PASS
11,random_fullrange_7,35,002311e0cf22b5a2,0023110222020000,0023110222020000,17032.10,PASS
11,random_fullrange_7,36,0024227f9611edd7,0024220111020000,0024220111020000,16832.70,PASS
11,random_fullrange_7,37,0025116b5122b6ae,0025110122020000,0025110122020000,16526.70,PASS
11,random_fullrange_7,38,0026223762118373,0026220111010000,0026220111010000,17482.30,PASS
11,random_fullrange_7,39,00271149bd2228b3,0027110122010000,0027110122010000,16369.80,PASS
11,random_fullrange_7,40,00282298a91174ba,0028220211010000,0028220211010000,16637.60,PASS
11,random_fullrange_7,41,002911881522f5c5,0029110122020000,0029110122020000,17630.60,PASS
11,random_fullrange_7,42,002a22622c116208,002a220111010000,002a220111010000,16163.90,PASS
11,random_fullrange_7,43,002b11c5c822c53c,002b110222020000,002b110222020000,16869.30,PASS
11,random_fullrange_7,44,002c22c77c11b6ce,002c220211020000,002c220211020000,16762.60,PASS
11,random_fullrange_7,45,002d1177e6228cd6,002d110122010000,002d110122010000,16650.40,PASS
11,random_fullrange_7,46,002e221fdb117eba,002e220111010000,002e220111010000,16760.90,PASS
11,random_fullrange_7,47,002f11d6f1223aac,002f110222010000,002f110222010000,17023.40,PASS
11,random_fullrange_7,48,00302203751193b1,0030220111010000,0030220111010000,16854.40,PASS
11,random_fullrange_7,49,003111423d226fcf,0031110122010000,0031110122010000,16684.90,PASS
11,random_fullrange_7,50,003222199b116225,0032220111010000,0032220111010000,16768.50,PASS
11,random_fullrange_7,51,00331178b822b61f,0033110122020000,0033110122020000,17123.20,PASS
11,random_fullrange_7,52,0034227fda11fd1f,0034220211020000,0034220211020000,16867.20,PASS
11,random_fullrange_7,53,0035111c5c22f9bb,0035110122020000,0035110122020000,16881.10,PASS
11,random_fullrange_7,54,003622969b111ed9,0036220211010000,0036220211010000,16958.10,PASS
11,random_fullrange_7,55,0037113f2a22087e,0037110122010000,0037110122010000,16935.50,PASS
11,random_fullrange_7,56,003822feeb11d40a,0038220211020000,0038220211020000,16621.10,PASS
11,random_fullrange_7,57,0039113645220562,0039110122010000,0039110122010000,17134.20,PASS
11,random_fullrange_7,58,003a22e79411fe27,003a220211020000,003a220211020000,16396.50,PASS
11,random_fullrange_7,59,003b1170c422e159,003b110122020000,003b110122020000,16981.30,PASS
11,random_fullrange_7,60,003c22f629117c41,003c220211010000,003c220211010000,16673.80,PASS
11,random_fullrange_7,61,003d1115e8220fbc,003d110122010000,003d110122010000,17151.80,PASS
11,random_fullrange_7,62,003e2259a71151d8,003e220111010000,003e220111010000,16580.50,PASS
11,random_fullrange_7,63,003f116ea322b0f7,003f110122020000,003f110122020000,16802.70,PASS
11,random_fullrange_7,64,0040222a6f117ae6,0040220111020000,0040220111020000,16702.10,PASS
11,random_fullrange_7,65,0041113f36225d38,0041110122010000,0041110122010000,16928.90,PASS
11,random_fullrange_7,66,00422211dd113822,0042220111010000,0042220111010000,16941.30,PASS
11,random_fullrange_7,67,00431186472206de,0043110222010000,0043110222010000,16994.40,PASS
11,random_fullrange_7,68,004422368211df25,0044220111020000,0044220111020000,17496.30,PASS
11,random_fullrange_7,69,00451168e42252ba,0045110122010000,0045110122010000,16484.30,PASS
11,random_fullrange_7,70,004622a431115692,0046220211010000,0046220211010000,16711.20,PASS
11,random_fullrange_7,71,0047113baa2222ae,0047110122010000,0047110122010000,16953.00,PASS
11,random_fullrange_7,72,004822e41511c1be,0048220211020000,0048220211020000,16644.00,PASS
11,random_fullrange_7,73,0049117feb22396a,0049110222010000,0049110222010000,16946.70,PASS
11,random_fullrange_7,74,004a22f2e1113a8b,004a220211010000,004a220211010000,16649.00,PASS
11,random_fullrange_7,75,004b11dcf422cf1d,004b110222020000,004b110222020000,17138.30,PASS
11,random_fullrange_7,76,004c2209ba11e797,004c220111020000,004c220111020000,16594.70,PASS
11,random_fullrange_7,77,004d11f098221042,004d110222010000,004d110222010000,16726.90,PASS
11,random_fullrange_7,78,004e22f9af1114da,004e220211010000,004e220211010000,17211.70,PASS
11,random_fullrange_7,79,004f11449c223fd7,004f110122010000,004f110122010000,17110.50,PASS
11,random_fullrange_7,80,00502284a0116389,0050220211010000,0050220211010000,16146.70,PASS
11,random_fullrange_7,81,00511167a022a2f3,0051110122020000,0051110122020000,17037.20,PASS
11,random_fullrange_7,82,005222228011773f,0052220111010000,0052220111010000,16491.30,PASS
11,random_fullrange_7,83,005311a61b2209cb,0053110222010000,0053110222010000,16842.50,PASS
11,random_fullrange_7,84,0054220684113903,0054220111010000,0054220111010000,16914.10,PASS
11,random_fullrange_7,85,005511cede22ef95,0055110222020000,0055110222020000,16845.00,PASS
11,random_fullrange_7,86,005622c24b119cb2,0056220211020000,0056220211020000,16769.30,PASS
11,random_fullrange_7,87,005711daf92271a0,0057110222010000,0057110222010000,16685.90,PASS
11,random_fullrange_7,88,005822b0fa117cc3,0058220211010000,0058220211010000,17568.60,PASS
11,random_fullrange_7,89,005911f4d222b8e4,0059110222020000,0059110222020000,16522.70,PASS
11,random_fullrange_7,90,005a2261bf11e7e3,005a220111020000,005a220111020000,16522.10,PASS
11,random_fullrange_7,91,005b11a7fc224f92,005b110222010000,005b110222010000,17324.70,PASS
11,random_fullrange_7,92,005c2288551132e7,005c220211010000,005c220211010000,16270.60,PASS
11,random_fullrange_7,93,005d112682224d6f,005d110122010000,005d110122010000,16813.30,PASS
11,random_fullrange_7,94,005e22657d118b94,005e220111020000,005e220111020000,14336.20,PASS
11,random_fullrange_7,95,005f1146a92200bf,005f110122010000,005f110122010000,16957.60,PASS
11,random_fullrange_7,96,006022465411c834,0060220111020000,0060220111020000,16994.90,PASS
11,random_fullrange_7,97,006111bf8822b44c,0061110222020000,0061110222020000,16909.20,PASS
11,random_fullrange_7,98,00622287fe11195b,0062220211010000,0062220211010000,16643.00,PASS
11,random_fullrange_7,99,0063118f9d22ddae,0063110222020000,0063110222020000,17041.60,PASS
12,random_fullrange_8,0,000011b007222f50,0000110022000000,0000110022000000,8163.70,PASS
12,random_fullrange_8,1,000122a509112087,0001220011000000,0001220011000000,17102.30,PASS
12,random_fullrange_8,2,000211b455225ba8,0002110022000000,0002110022000000,16734.10,PASS
12,random_fullrange_8,3,0003227e5611ed59,0003220011000000,0003220011000000,16842.80,PASS
12,random_fullrange_8,4,0004114109221a19,0004110022000000,0004110022000000,16782.10,PASS
12,random_fullrange_8,5,000522994911a105,0005220011000000,0005220011000000,17086.10,PASS
12,random_fullrange_8,6,000611a64522cb91,0006110022000000,0006110022000000,16744.30,PASS
12,random_fullrange_8,7,000722515911cd27,0007220011000000,0007220011000000,16904.20,PASS
12,random_fullrange_8,8,000811671a22d306,0008110022000000,0008110022000000,16620.80,PASS
12,random_fullrange_8,9,0009229753111c99,0009220011000000,0009220011000000,16913.90,PASS
12,random_fullrange_8,10,000a1159f722cb60,000a110022000000,000a110022000000,16922.70,PASS
12,random_fullrange_8,11,000b2277d51164bd,000b220011000000,000b220011000000,16774.40,PASS
12,random_fullrange_8,12,000c11b5bc22ed20,000c110022000000,000c110022000000,16793.00,PASS
12,random_fullrange_8,13,000d22b2e2113121,000d220011000000,000d220011000000,16751.00,PASS
12,random_fullrange_8,14,000e119ffd223a40,000e110022000000,000e110022000000,17054.20,PASS
12,random_fullrange_8,15,000f223b2311a077,000f220011000000,000f220011000000,16763.00,PASS
12,random_fullrange_8,16,001011c54b22fde9,0010110022020000,0010110022020000,16756.30,PASS
12,random_fullrange_8,17,001122cfb6111c85,0011220211010000,0011220211010000,17115.60,PASS
12,random_fullrange_8,18,00121166092244fe,0012110122010000,0012110122010000,16992.80,PASS
12,random_fullrange_8,19,00132283a711dbf7,0013220111020000,0013220111020000,16907.00,PASS
12,random_fullrange_8,20,001411fed622bcfe,0014110222020000,0014110222020000,17215.90,PASS
12,random_fullrange_8,21,0015221a2711f907,0015220111020000,0015220111020000,16249.10,PASS
12,random_fullrange_8,22,001611305b22ac49,0016110122020000,0016110122020000,17483.00,PASS
12,random_fullrange_8,23,001722c10811758b,0017220211010000,0017220211010000,16288.50,PASS
12,random_fullrange_8,24,001811671122de3c,0018110122020000,0018110122020000,17044.80,PASS
12,random_fullrange_8,25,0019228dad1174bf,0019220111010000,0019220111010000,16539.00,PASS
12,random_fullrange_8,26,001a117138220c16,001a110122010000,001a110122010000,16972.10,PASS
12,random_fullrange_8,27,001b22690d116d1c,001b220111010000,001b220111010000,16271.10,PASS
12,random_fullrange_8,28,001c113e0822b556,001c110122020000,001c110122020000,16817.60,PASS
12,random_fullrange_8,29,001d2249be11499b,001d220111010000,001d220111010000,16908.00,PASS
12,random_fullrange_8,30,001e1156ff22c9fe,001e110122020000,001e110122020000,17101.70,PASS
12,random_fullrange_8,31,001f22a39011b5c8,001f220211020000,001f220211020000,16507.70,PASS
12,random_fullrange_8,32,002011f82f2218f4,0020110222010000,0020110222010000,16981.90,PASS
12,random_fullrange_8,33,0021227d4011f266,0021220111020000,0021220111020000,16667.90,PASS
12,random_fullrange_8,34,0022118880220938,0022110122010000,0022110122010000,16798.80,PASS
12,random_fullrange_8,35,002322c87311ded5,0023220211020000,0023220211020000,16803.60,PASS
12,random_fullrange_8,36,002411d7be221a57,0024110222010000,0024110222010000,16846.00,PASS
12,random_fullrange_8,37,0025220b9f11f9a5,0025220111020000,0025220111020000,16813.20,PASS
12,random_fullrange_8,38,002611f3df22fd1e,0026110222020000,0026110222020000,16765.40,PASS
12,random_fullrange_8,39,0027225a5411bd94,0027220111020000,0027220111020000,16840.40,PASS
12,random_fullrange_8,40,002811cd302201d7,0028110222010000,0028110222010000,16911.20,PASS
12,random_fullrange_8,41,0029222e03114bc4,0029220111010000,0029220111010000,16911.40,PASS
12,random_fullrange_8,42,002a11d32c226f5b,002a110222020000,002a110222020000,16723.90,PASS
12,random_fullrange_8,43,002b224a7511a15f,002b220111010000,002b220111010000,17102.10,PASS
12,random_fullrange_8,44,002c11fcb62286a9,002c110222020000,002c110222020000,16687.20,PASS
12,random_fullrange_8,45,002d22639d11845b,002d220211010000,002d220211010000,17016.70,PASS
12,random_fullrange_8,46,002e11f74a229cea,002e110222020000,002e110222020000,16396.40,PASS
12,random_fullrange_8,47,002f22424b114b6c,002f220111010000,002f220111010000,16630.30,PASS
12,random_fullrange_8,48,00301158aa227c42,0030110122020000,0030110122020000,16854.40,PASS
12,random_fullrange_8,49,003122ec8e11f29b,0031220211020000,0031220211020000,17208.30,PASS
12,random_fullrange_8,50,003211b2a7220278,0032110122010000,0032110122010000,16338.70,PASS
12,random_fullrange_8,51,003322f8d311ca72,0033220211020000,0033220211020000,16825.20,PASS
12,random_fullrange_8,52,00341102d8221f7b,0034110122010000,0034110122010000,17565.80,PASS
12,random_fullrange_8,53,003522fd87114a53,0035220211010000,0035220211010000,16092.20,PASS
12,random_fullrange_8,54,0036116124225914,0036110122010000,0036110122010000,16830.50,PASS
12,random_fullrange_8,55,003722048311564d,0037220111010000,0037220111010000,16766.20,PASS
12,random_fullrange_8,56,003811b2f922aa79,0038110222020000,0038110222020000,17018.90,PASS
12,random_fullrange_8,57,00392211d011fed8,0039220111020000,0039220111020000,16819.20,PASS
12,random_fullrange_8,58,003a11f4922226f9,003a110222010000,003a110222010000,16549.00,PASS
12,random_fullrange_8,59,003b220c95112c77,003b220111010000,003b220111010000,16806.20,PASS
12,random_fullrange_8,60,003c119d2322fe31,003c110222020000,003c110222020000,16876.90,PASS
12,random_fullrange_8,61,003d229a18111ba0,003d220211010000,003d220211010000,16778.80,PASS
12,random_fullrange_8,62,003e1129d0226404,003e110122010000,003e110122010000,17082.90,PASS
12,random_fullrange_8,63,003f2217ca11754b,003f220111010000,003f220111010000,16711.00,PASS
12,random_fullrange_8,64,004011a22522fcff,0040110222020000,0040110222020000,16597.70,PASS
12,random_fullrange_8,65,0041227d79113c34,0041220211010000,0041220211010000,16964.00,PASS
12,random_fullrange_8,66,00421157b32287f0,0042110122020000,0042110122020000,16768.10,PASS
12,random_fullrange_8,67,004322db3b11c432,0043220211020000,0043220211020000,17486.00,PASS
12,random_fullrange_8,68,004411e9ec22bbd5,0044110222020000,0044110222020000,16254.70,PASS
12,random_fullrange_8,69,00452258b3117aeb,0045220111010000,0045220111010000,16586.50,PASS
12,random_fullrange_8,70,0046116e9b22bff1,0046110122020000,0046110122020000,17009.70,PASS
12,random_fullrange_8,71,00472290fd117dc1,0047220211010000,0047220211010000,16807.10,PASS
12,random_fullrange_8,72,00481113e9227548,0048110122010000,0048110122010000,16640.70,PASS
12,random_fullrange_8,73,0049221ba51117b0,0049220111010000,0049220111010000,17056.60,PASS
12,random_fullrange_8,74,004a116dd8229a85,004a110222020000,004a110222020000,17028.50,PASS
12,random_fullrange_8,75,004b22be26110b80,004b220211010000,004b220211010000,16420.50,PASS
12,random_fullrange_8,76,004c11b6ce220959,004c110222010000,004c110222010000,16931.50,PASS
12,random_fullrange_8,77,004d22d299118574,004d220211020000,004d220211020000,16823.40,PASS
12,random_fullrange_8,78,004e1124c8221efa,004e110122010000,004e110122010000,16787.70,PASS
12,random_fullrange_8,79,004f22f405111ebf,004f220211010000,004f220211010000,16815.30,PASS
12,random_fullrange_8,80,005011adae22259e,0050110222010000,0050110222010000,16984.30,PASS
12,random_fullrange_8,81,005122d85f110d3c,0051220211010000,0051220211010000,16743.10,PASS
12,random_fullrange_8,82,0052114f9b22b8cc,0052110122020000,0052110122020000,16999.70,PASS
12,random_fullrange_8,83,005322d87b11edb6,0053220211020000,0053220211020000,16837.10,PASS
12,random_fullrange_8,84,005411e0a722be0e,0054110222020000,0054110222020000,17000.60,PASS
12,random_fullrange_8,85,005522262811936a,0055220111020000,0055220111020000,16657.40,PASS
12,random_fullrange_8,86,00561198cf22c291,0056110222020000,0056110222020000,16968.70,PASS
12,random_fullrange_8,87,0057224a9911e9a1,0057220111020000,0057220111020000,16727.00,PASS
12,random_fullrange_8,88,00581160512296c4,0058110122020000,0058110122020000,16913.20,PASS
12,random_fullrange_8,89,0059223b2e114f52,0059220111010000,0059220111010000,16907.40,PASS
12,random_fullrange_8,90,005a11de1222b127,005a110222020000,005a110222020000,16786.20,PASS
12,random_fullrange_8,91,005b22c46711346b,005b220211010000,005b220211010000,17118.10,PASS
12,random_fullrange_8,92,005c1144b6220c7c,005c110122010000,005c110122010000,16697.70,PASS
12,random_fullrange_8,93,005d227da111ea8b,005d220111020000,005d220111020000,17465.40,PASS
12,random_fullrange_8,94,005e115d16227630,005e110122010000,005e110122010000,16040.30,PASS
12,random_fullrange_8,95,005f22a805119fc7,005f220211020000,005f220211020000,16927.60,PASS
12,random_fullrange_8,96,0060118ce722d3d7,0060110222020000,0060110222020000,17057.00,PASS
12,random_fullrange_8,97,00612203a4117171,0061220111010000,0061220111010000,16988.60,PASS
12,random_fullrange_8,98,006211793622aeb5,0062110122020000,0062110122020000,16606.10,PASS
12,random_fullrange_8,99,0063225f4a119b1f,0063220111020000,0063220111020000,16636.40,PASS
13,random_fullrange_9,0,000022a83211cae4,0000220011000000,0000220011000000,2499.20,PASS
13,random_fullrange_9,1,000111132822f38a,0001110022000000,0001110022000000,17394.40,PASS
13,random_fullrange_9,2,00022280d1116203,0002220011000000,0002220011000000,16423.70,PASS
13,random_fullrange_9,3,00031100ba226987,0003110022000000,0003110022000000,16988.00,PASS
13,random_fullrange_9,4,00042275f5112e61,0004220011000000,0004220011000000,17218.00,PASS
13,random_fullrange_9,5,000511850622d0da,0005110022000000,0005110022000000,16221.50,PASS
13,random_fullrange_9,6,0006228d4f11f914,0006220011000000,0006220011000000,16734.00,PASS
13,random_fullrange_9,7,0007117a7922ceb8,0007110022000000,0007110022000000,16852.10,PASS
13,random_fullrange_9,8,000822f0e911262c,0008220011000000,0008220011000000,16728.80,PASS
13,random_fullrange_9,9,000911b73d22e6c7,0009110022000000,0009110022000000,17111.70,PASS
13,random_fullrange_9,10,000a22bdaf114ddb,000a220011000000,000a220011000000,17268.00,PASS
13,random_fullrange_9,11,000b115445225b4d,000b110022000000,000b110022000000,16775.70,PASS
13,random_fullrange_9,12,000c22d0b011721c,000c220011000000,000c220011000000,16258.70,PASS
13,random_fullrange_9,13,000d11dc6b22506d,000d110022000000,000d110022000000,16825.90,PASS
13,random_fullrange_9,14,000e224307116593,000e220011000000,000e220011000000,16940.20,PASS
13,random_fullrange_9,15,000f11df2022cbb5,000f110022000000,000f110022000000,16586.60,PASS
13,random_fullrange_9,16,001022cbae110d01,0010220011010000,0010220011010000,17056.70,PASS
13,random_fullrange_9,17,001111fd9522e75d,0011110222000000,0011110222000000,16643.30,PASS
13,random_fullrange_9,18,0012221e861190fd,0012220111020000,0012220111020000,16779.90,PASS
13,random_fullrange_9,19,001311813122c2ee,0013110122020000,0013110122020000,16977.70,PASS
13,random_fullrange_9,20,0014226b251107c2,0014220111010000,0014220111010000,16734.10,PASS
13,random_fullrange_9,21,0015116f0f223612,0015110122010000,0015110122010000,16704.40,PASS
13,random_fullrange_9,22,001622fc3911621c,0016220211010000,0016220211010000,17096.60,PASS
13,random_fullrange_9,23,00171138ae226034,0017110122010000,0017110122010000,16671.30,PASS
13,random_fullrange_9,24,0018225fdf11aa33,0018220111020000,0018220111020000,16888.10,PASS
13,random_fullrange_9,25,00191132ff22e937,0019110122020000,0019110122020000,16863.20,PASS
13,random_fullrange_9,26,001a2213e711b511,001a220111020000,001a220111020000,16824.50,PASS
13,random_fullrange_9,27,001b11613222025f,001b110122010000,001b110122010000,16936.20,PASS
13,random_fullrange_9,28,001c220300116214,001c220111010000,001c220111010000,16859.70,PASS
13,random_fullrange_9,29,001d110d1f22df5b,001d110122020000,001d110122020000,17147.90,PASS
13,random_fullrange_9,30,001e2205a4117748,001e220111020000,001e220111020000,16948.40,PASS
13,random_fullrange_9,31,001f11b2f0228946,001f110222020000,001f110222020000,16888.30,PASS
13,random_fullrange_9,32,002022f81e1156ae,0020220211010000,0020220211010000,16437.00,PASS
13,random_fullrange_9,33,0021119c1922edcf,0021110222020000,0021110222020000,17037.10,PASS
13,random_fullrange_9,34,002222635d11f40b,0022220111020000,0022220111020000,16663.80,PASS
13,random_fullrange_9,35,002311f3fe222228,0023110222010000,0023110222010000,17133.60,PASS
13,random_fullrange_9,36,0024224d6311a498,0024220111020000,0024220111020000,16682.40,PASS
13,random_fullrange_9,37,002511f24e22c73a,0025110222020000,0025110222020000,17032.30,PASS
13,random_fullrange_9,38,00262289051116e2,0026220211010000,0026220211010000,17148.40,PASS
13,random_fullrange_9,39,002711f3c822dd2f,0027110222020000,0027110222020000,16273.10,PASS
13,random_fullrange_9,40,0028229e0c116842,0028220211010000,0028220211010000,16823.30,PASS
13,random_fullrange_9,41,0029110c7d220a14,0029110122010000,0029110122010000,16662.70,PASS
13,random_fullrange_9,42,002a2297c711f29d,002a220211020000,002a220211020000,16845.50,PASS
13,random_fullrange_9,43,002b11852d22c52d,002b110122020000,002b110122020000,16829.60,PASS
13,random_fullrange_9,44,002c22bd49112270,002c220211010000,002c220211010000,16949.60,PASS
13,random_fullrange_9,45,002d11ca292278f0,002d110222010000,002d110222010000,16727.50,PASS
13,random_fullrange_9,46,002e22c8c3119a7f,002e220211020000,002e220211020000,16946.50,PASS
13,random_fullrange_9,47,002f11be3922cf4e,002f110222020000,002f110222020000,16960.10,PASS
13,random_fullrange_9,48,00302285b4112ebf,0030220111010000,0030220111010000,16965.90,PASS
13,random_fullrange_9,49,003111b55d22196d,0031110222010000,0031110222010000,16880.90,PASS
13,random_fullrange_9,50,003222117f11c2da,0032220111020000,0032220111020000,16807.10,PASS
13,random_fullrange_9,51,0033115fca220aa1,0033110122010000,0033110122010000,16641.10,PASS
13,random_fullrange_9,52,00342216f911faf2,0034220111020000,0034220111020000,16987.00,PASS
13,random_fullrange_9,53,0035118a6b223130,0035110122010000,0035110122010000,16730.70,PASS
13,random_fullrange_9,54,003622c769119033,0036220211010000,0036220211010000,16799.40,PASS
13,random_fullrange_9,55,0037118fa722cf06,0037110222020000,0037110222020000,16818.00,PASS
13,random_fullrange_9,56,00382227201160ab,0038220111010000,0038220111010000,16988.10,PASS
13,random_fullrange_9,57,00391141ea226e76,0039110122010000,0039110122010000,16678.30,PASS
13,random_fullrange_9,58,003a22d73511119b,003a220211010000,003a220211010000,16899.30,PASS
13,random_fullrange_9,59,003b1147e4229a4e,003b110122020000,003b110122020000,16924.80,PASS
13,random_fullrange_9,60,003c225783116d28,003c220111010000,003c220111010000,16933.90,PASS
13,random_fullrange_9,61,003d110e9822ea08,003d110122020000,003d110122020000,17144.40,PASS
13,random_fullrange_9,62,003e224dee112bdb,003e220111010000,003e220111010000,16414.30,PASS
13,random_fullrange_9,63,003f11ad74227cfd,003f110222020000,003f110222020000,16807.70,PASS
13,random_fullrange_9,64,004022a35f11b6be,0040220211020000,0040220211020000,16971.10,PASS
13,random_fullrange_9,65,00411130cc228541,0041110122020000,0041110122020000,16842.30,PASS
13,random_fullrange_9,66,004222713c11f767,0042220111020000,0042220111020000,16899.80,PASS
13,random_fullrange_9,67,004311dff222c6f6,0043110222020000,0043110222020000,16902.70,PASS
13,random_fullrange_9,68,004422b3dd11d65d,0044220211020000,0044220211020000,16861.40,PASS
13,random_fullrange_9,69,00451162bb22e9d2,0045110122020000,0045110122020000,16998.10,PASS
13,random_fullrange_9,70,004622b6441173d7,0046220211010000,0046220211010000,17011.70,PASS
13,random_fullrange_9,71,0047113fbc2289f1,0047110122010000,0047110122010000,16795.50,PASS
13,random_fullrange_9,72,004822be4411bb7a,0048220211020000,0048220211020000,16937.10,PASS
13,random_fullrange_9,73,0049110659228e0e,0049110122010000,0049110122010000,16806.10,PASS
13,random_fullrange_9,74,004a22458711b47c,004a220111020000,004a220111020000,16959.50,PASS
13,random_fullrange_9,75,004b11f6e72264c5,004b110222010000,004b110222010000,16957.70,PASS
13,random_fullrange_9,76,004c228b1511ed03,004c220111020000,004c220111020000,16876.30,PASS
13,random_fullrange_9,77,004d11106a220fdc,004d110122010000,004d110122010000,16894.40,PASS
13,random_fullrange_9,78,004e2210ff11ab96,004e220111020000,004e220111020000,16904.90,PASS
13,random_fullrange_9,79,004f11d0dd227879,004f110222010000,004f110222010000,16876.40,PASS
13,random_fullrange_9,80,00502271de117cd0,0050220111010000,0050220111010000,16940.50,PASS
13,random_fullrange_9,81,005111795222996d,0051110122020000,0051110122020000,16708.10,PASS
13,random_fullrange_9,82,0052223d3c115fde,0052220111010000,0052220111010000,16875.10,PASS
13,random_fullrange_9,83,005311746b225312,0053110122010000,0053110122010000,16934.90,PASS
13,random_fullrange_9,84,005422bad511877b,0054220211020000,0054220211020000,16826.90,PASS
13,random_fullrange_9,85,005511cadc22fa08,0055110222020000,0055110222020000,16934.80,PASS
13,random_fullrange_9,86,005622059311529e,0056220111010000,0056220111010000,16858.50,PASS
13,random_fullrange_9,87,005711e70022b95b,0057110222020000,0057110222020000,16821.00,PASS
13,random_fullrange_9,88,00582271f411ccb8,0058220211020000,0058220211020000,16995.20,PASS
13,random_fullrange_9,89,005911054922596a,0059110122010000,0059110122010000,16940.30,PASS
13,random_fullrange_9,90,005a2244ba1150a2,005a220111010000,005a220111010000,16822.90,PASS
13,random_fullrange_9,91,005b11458022935a,005b110122020000,005b110122020000,16851.80,PASS
13,random_fullrange_9,92,005c2221bf114329,005c220111010000,005c220111010000,16961.70,PASS
13,random_fullrange_9,93,005d11cff622e98a,005d110222020000,005d110222020000,17009.20,PASS
13,random_fullrange_9,94,005e22f1dd11e597,005e220211020000,005e220211020000,16867.70,PASS
13,random_fullrange_9,95,005f116a23226799,005f110122010000,005f110122010000,16899.20,PASS
13,random_fullrange_9,96,006022aff711a4fc,0060220211020000,0060220211020000,16854.00,PASS
13,random_fullrange_9,97,0061117828222e3f,0061110122010000,0061110122010000,16941.50,PASS
13,random_fullrange_9,98,006222bd6311d3a3,0062220211020000,0062220211020000,16997.80,PASS
13,random_fullrange_9,99,0063113b97222542,0063110122010000,0063110122010000,16733.50,PASS
14,random_fullrange_10,0,0000116d09223fa1,0000110022000000,0000110022000000,13351.50,PASS
14,random_fullrange_10,1,0001223bd2118263,0001220011000000,0001220011000000,16801.00,PASS
14,random_fullrange_10,2,000211e40d22208c,0002110022000000,0002110022000000,16932.20,PASS
14,random_fullrange_10,3,000322a6bd11c9b2,0003220011000000,0003220011000000,17001.30,PASS
14,random_fullrange_10,4,0004114ab422c126,0004110022000000,0004110022000000,16742.30,PASS
14,random_fullrange_10,5,000522e19811940b,0005220011000000,0005220011000000,16918.80,PASS
14,random_fullrange_10,6,000611397b22479e,0006110022000000,0006110022000000,16928.60,PASS
14,random_fullrange_10,7,000722fc3811cdb6,0007220011000000,0007220011000000,16929.90,PASS
14,random_fullrange_10,8,000811a06a22f7cd,0008110022000000,0008110022000000,16897.90,PASS
14,random_fullrange_10,9,000922717d119dbd,0009220011000000,0009220011000000,16796.60,PASS
14,random_fullrange_10,10,000a113cc5220a74,000a110022000000,000a110022000000,16798.50,PASS
14,random_fullrange_10,11,000b228b7711a0e2,000b220011000000,000b220011000000,16946.30,PASS
14,random_fullrange_10,12,000c11498722a886,000c110022000000,000c110022000000,16952.60,PASS
14,random_fullrange_10,13,000d221cfd1175e6,000d220011000000,000d220011000000,16769.40,PASS
14,random_fullrange_10,14,000e11649f2281b2,000e110022000000,000e110022000000,16862.20,PASS
14,random_fullrange_10,15,000f22e4a611259f,000f220011000000,000f220011000000,16920.50,PASS
14,random_fullrange_10,16,001011f95b22a096,0010110222000000,0010110222000000,16919.30,PASS
14,random_fullrange_10,17,0011222251117e71,0011220111010000,0011220111010000,16806.20,PASS
14,random_fullrange_10,18,001211976d224919,0012110222010000,0012110222010000,17007.10,PASS
14,random_fullrange_10,19,0013222bd8115ab1,0013220111010000,0013220111010000,16642.00,PASS
14,random_fullrange_10,20,0014113873223b4d,0014110122010000,0014110122010000,16772.60,PASS
14,random_fullrange_10,21,001522604211f5f0,0015220111020000,0015220111020000,16944.20,PASS
14,random_fullrange_10,22,001611e820220591,0016110222010000,0016110222010000,16840.90,PASS
14,random_fullrange_10,23,001722fa951165b8,0017220211010000,0017220211010000,16936.10,PASS
14,random_fullrange_10,24,0018113e10229cd8,0018110122020000,0018110122020000,16920.10,PASS
14,random_fullrange_10,25,001922389211bb31,0019220111020000,0019220111020000,16940.90,PASS
14,random_fullrange_10,26,001a11476d22c930,001a110122020000,001a110122020000,16964.90,PASS
14,random_fullrange_10,27,001b2272c811fe1a,001b220211020000,001b220211020000,16904.70,PASS
14,random_fullrange_10,28,001c11c566223377,001c110222010000,001c110222010000,16903.30,PASS
14,random_fullrange_10,29,001d22330a11c38c,001d220111020000,001d220111020000,16954.20,PASS
14,random_fullrange_10,30,001e11f011228729,001e110222020000,001e110222020000,16930.90,PASS
14,random_fullrange_10,31,001f225e1c11c8e5,001f220111020000,001f220111020000,16940.40,PASS
14,random_fullrange_10,32,0020119d68226ca8,0020110122020000,0020110122020000,16886.60,PASS
14,random_fullrange_10,33,002122613411e00e,0021220111020000,0021220111020000,16916.60,PASS
14,random_fullrange_10,34,0022119f8f2249fe,0022110122010000,0022110122010000,16956.40,PASS
14,random_fullrange_10,35,002322dd7a114290,0023220211010000,0023220211010000,16924.90,PASS
14,random_fullrange_10,36,0024118244220731,0024110122010000,0024110122010000,17021.80,PASS
14,random_fullrange_10,37,002522b793113681,0025220211010000,0025220211010000,17010.70,PASS
14,random_fullrange_10,38,00261102d32241e4,0026110122010000,0026110122010000,17021.70,PASS
14,random_fullrange_10,39,00272224f41172ff,0027220111010000,0027220111010000,16763.70,PASS
14,random_fullrange_10,40,002811b8a222fb0a,0028110222020000,0028110222020000,16845.40,PASS
14,random_fullrange_10,41,002922569a11e4a8,0029220111020000,0029220111020000,16753.50,PASS
14,random_fullrange_10,42,002a114f49220d22,002a110122010000,002a110122010000,16857.00,PASS
14,random_fullrange_10,43,002b22d26e11b3e7,002b220211020000,002b220211020000,16825.80,PASS
14,random_fullrange_10,44,002c11371b22cabf,002c110122020000,002c110122020000,16814.00,PASS
14,random_fullrange_10,45,002d22553411144b,002d220111010000,002d220111010000,16883.60,PASS
14,random_fullrange_10,46,002e1160c422c07b,002e110122020000,002e110122020000,16907.30,PASS
14,random_fullrange_10,47,002f226421116f83,002f220111010000,002f220111010000,16905.60,PASS
14,random_fullrange_10,48,003011b5dc22b3f1,0030110222020000,0030110222020000,16939.20,PASS
14,random_fullrange_10,49,003122131a11ed7e,0031220111020000,0031220111020000,16889.10,PASS
14,random_fullrange_10,50,003211d1ab221fa1,0032110222010000,0032110222010000,16889.30,PASS
14,random_fullrange_10,51,00332230d111a820,0033220111020000,0033220111020000,16936.50,PASS
14,random_fullrange_10,52,0034115b11225553,0034110122010000,0034110122010000,16921.50,PASS
14,random_fullrange_10,53,0035222e04116cef,0035220111010000,0035220111010000,16919.60,PASS
14,random_fullrange_10,54,003611b55522b93f,0036110222020000,0036110222020000,16934.10,PASS
14,random_fullrange_10,55,00372291ff11e7b1,0037220211020000,0037220211020000,16941.40,PASS
14,random_fullrange_10,56,003811935822274b,0038110222010000,0038110222010000,16894.70,PASS
14,random_fullrange_10,57,003922621011cebf,0039220111020000,0039220111020000,16958.00,PASS
14,random_fullrange_10,58,003a11d81f229f83,003a110222020000,003a110222020000,16897.30,PASS
14,random_fullrange_10,59,003b22359b11d5e1,003b220111020000,003b220111020000,16983.40,PASS
14,random_fullrange_10,60,003c11dd3a226e33,003c110222020000,003c110222020000,16849.10,PASS
14,random_fullrange_10,61,003d22703f11f1e2,003d220211020000,003d220211020000,16886.20,PASS
14,random_fullrange_10,62,003e11a051229743,003e110122020000,003e110122020000,16896.10,PASS
14,random_fullrange_10,63,003f222f4c11a624,003f220111010000,003f220111010000,16970.70,PASS
14,random_fullrange_10,64,004011b859226b83,0040110122020000,0040110122020000,16902.70,PASS
14,random_fullrange_10,65,004122d2291155ee,0041220211010000,0041220211010000,16954.70,PASS
14,random_fullrange_10,66,004211650d227cb3,0042110122020000,0042110122020000,16877.80,PASS
14,random_fullrange_10,67,004322fa3b114908,0043220211010000,0043220211010000,16925.20,PASS
14,random_fullrange_10,68,00441132142276c6,0044110122010000,0044110122010000,16936.20,PASS
14,random_fullrange_10,69,004522338d11da23,0045220111020000,0045220111020000,16922.10,PASS
14,random_fullrange_10,70,004611d45c2238ce,0046110222010000,0046110222010000,16960.00,PASS
14,random_fullrange_10,71,00472225bb11771e,0047220111010000,0047220111010000,16858.50,PASS
14,random_fullrange_10,72,004811c8f82210a2,0048110222010000,0048110222010000,16935.30,PASS
14,random_fullrange_10,73,00492218e6110c35,0049220111010000,0049220111010000,16910.60,PASS
14,random_fullrange_10,74,004a11d26d224ff5,004a110222010000,004a110222010000,16916.90,PASS
14,random_fullrange_10,75,004b22c75c11a6c0,004b220211020000,004b220211020000,16900.30,PASS
14,random_fullrange_10,76,004c11494522dbac,004c110122020000,004c110122020000,16883.70,PASS
14,random_fullrange_10,77,004d224e7811fbdf,004d220111020000,004d220111020000,16921.20,PASS
14,random_fullrange_10,78,004e11cec322b513,004e110222020000,004e110222020000,16988.30,PASS
14,random_fullrange_10,79,004f22d09011c234,004f220211020000,004f220211020000,16897.00,PASS
14,random_fullrange_10,80,005011bc3c22bec2,0050110222020000,0050110222020000,16912.50,PASS
14,random_fullrange_10,81,005122ba1a11ad5a,0051220211020000,0051220211020000,17056.70,PASS
14,random_fullrange_10,82,005211a6f8223f38,0052110222010000,0052110222010000,16776.90,PASS
14,random_fullrange_10,83,005322715a111826,0053220111010000,0053220111010000,16953.90,PASS
14,random_fullrange_10,84,005411556822bc9b,0054110122020000,0054110122020000,16856.20,PASS
14,random_fullrange_10,85,0055226a8a11145c,0055220111010000,0055220111010000,16926.90,PASS
14,random_fullrange_10,86,00561190db22d5e5,0056110222020000,0056110222020000,16923.10,PASS
14,random_fullrange_10,87,005722d99711d69f,0057220211020000,0057220211020000,16861.50,PASS
14,random_fullrange_10,88,005811a2e62218f6,0058110222010000,0058110222010000,16903.20,PASS
14,random_fullrange_10,89,005922bae511b1d1,0059220211020000,0059220211020000,16895.50,PASS
14,random_fullrange_10,90,005a11af31225e79,005a110222010000,005a110222010000,16891.20,PASS
14,random_fullrange_10,91,005b229f4011085b,005b220211010000,005b220211010000,16897.00,PASS
14,random_fullrange_10,92,005c115a0b2268b1,005c110122010000,005c110122010000,16893.90,PASS
14,random_fullrange_10,93,005d22dc19118f9d,005d220211020000,005d220211020000,16874.50,PASS
14,random_fullrange_10,94,005e11029b2268b6,005e110122010000,005e110122010000,16934.60,PASS
14,random_fullrange_10,95,005f22da1b110ab5,005f220211010000,005f220211010000,16873.50,PASS
14,random_fullrange_10,96,00601118b822f854,0060110122020000,0060110122020000,16882.60,PASS
14,random_fullrange_10,97,006122217211947b,0061220111020000,0061220111020000,16913.30,PASS
14,random_fullrange_10,98,0062111d1822bfd0,0062110122020000,0062110122020000,16919.30,PASS
14,random_fullrange_10,99,0063227b5711d509,0063220111020000,0063220111020000,16941.90,PASS
15,random_fullrange_11,0,0000221e3011f154,0000220011000000,0000220011000000,12068.80,PASS
15,random_fullrange_11,1,000111d29322bf4e,0001110022000000,0001110022000000,16841.00,PASS
15,random_fullrange_11,2,000222f86011a380,0002220011000000,0002220011000000,16893.40,PASS
15,random_fullrange_11,3,000311e880224a36,0003110022000000,0003110022000000,16884.70,PASS
15,random_fullrange_11,4,0004222c0411ee81,0004220011000000,0004220011000000,16915.00,PASS
15,random_fullrange_11,5,000511509822d3e2,0005110022000000,0005110022000000,16930.00,PASS
15,random_fullrange_11,6,000622f9de119e57,0006220011000000,0006220011000000,16964.40,PASS
15,random_fullrange_11,7,000711f376223254,0007110022000000,0007110022000000,16833.30,PASS
15,random_fullrange_11,8,000822d18111a921,0008220011000000,0008220011000000,16827.70,PASS
15,random_fullrange_11,9,0009113103226bf9,0009110022000000,0009110022000000,16888.20,PASS
15,random_fullrange_11,10,000a22690f11d48b,000a220011000000,000a220011000000,16871.80,PASS
15,random_fullrange_11,11,000b11a931229995,000b110022000000,000b110022000000,16875.10,PASS
15,random_fullrange_11,12,000c228a68118590,000c220011000000,000c220011000000,16993.40,PASS
15,random_fullrange_11,13,000d11523922c968,000d110022000000,000d110022000000,16848.30,PASS
15,random_fullrange_11,14,000e220c3d117a4c,000e220011000000,000e220011000000,16862.40,PASS
15,random_fullrange_11,15,000f11c26e22b73b,000f110022000000,000f110022000000,16924.10,PASS
15,random_fullrange_11,16,001022fdfa118bd7,0010220011010000,0010220011010000,17007.60,PASS
15,random_fullrange_11,17,0011113d8a227657,0011110122010000,0011110122010000,16786.00,PASS
15,random_fullrange_11,18,0012223d6c11ec1d,0012220111020000,0012220111020000,16903.10,PASS
15,random_fullrange_11,19,001311d26c22664d,0013110222010000,0013110222010000,16967.20,PASS
15,random_fullrange_11,20,001422317e11bd77,0014220111020000,0014220111020000,16886.80,PASS
15,random_fullrange_11,21,0015118a5a22d008,0015110122020000,0015110122020000,16847.80,PASS
15,random_fullrange_11,22,0016225a7d11ec47,0016220111020000,0016220111020000,16903.70,PASS
15,random_fullrange_11,23,00171101e722badf,0017110122020000,0017110122020000,16908.40,PASS
15,random_fullrange_11,24,0018226ef011f26b,0018220111020000,0018220111020000,16936.90,PASS
15,random_fullrange_11,25,00191153c4221d09,0019110122010000,0019110122010000,16945.50,PASS
15,random_fullrange_11,26,001a22d61f117a51,001a220211010000,001a220211010000,16884.20,PASS
15,random_fullrange_11,27,001b1142e922dd63,001b110122020000,001b110122020000,16941.50,PASS
15,random_fullrange_11,28,001c228615119c75,001c220111020000,001c220111020000,16898.70,PASS
15,random_fullrange_11,29,001d1107e6226f5c,001d110122010000,001d110122010000,16962.40,PASS
15,random_fullrange_11,30,001e22d1ee119158,001e220211020000,001e220211020000,16929.00,PASS
15,random_fullrange_11,31,001f1122422235b6,001f110122010000,001f110122010000,16829.40,PASS
15,random_fullrange_11,32,002022c044116fed,0020220211010000,0020220211010000,16888.30,PASS
15,random_fullrange_11,33,002111f0e922fa30,0021110222020000,0021110222020000,17009.10,PASS
15,random_fullrange_11,34,00222202de110989,0022220111010000,0022220111010000,16881.10,PASS
15,random_fullrange_11,35,0023115b7922210b,0023110122010000,0023110122010000,16783.50,PASS
15,random_fullrange_11,36,002422f1fa110058,0024220211010000,0024220211010000,16762.60,PASS
15,random_fullrange_11,37,002511340e222f3f,0025110122010000,0025110122010000,16890.90,PASS
15,random_fullrange_11,38,002622981f117e93,0026220211020000,0026220211020000,16876.90,PASS
15,random_fullrange_11,39,002711e19a228ed4,0027110222020000,0027110222020000,16918.40,PASS
15,random_fullrange_11,40,00282299221132b3,0028220211010000,0028220211010000,16996.00,PASS
15,random_fullrange_11,41,002911e233227dd6,0029110222010000,0029110222010000,16922.00,PASS
15,random_fullrange_11,42,002a223539111d36,002a220111010000,002a220111010000,16786.60,PASS
15,random_fullrange_11,43,002b11dafc225792,002b110222010000,002b110222010000,16942.90,PASS
15,random_fullrange_11,44,002c22dc8a11528d,002c220211010000,002c220211010000,16901.00,PASS
15,random_fullrange_11,45,002d11f22522d2d8,002d110222020000,002d110222020000,16928.70,PASS
15,random_fullrange_11,46,002e22b4fc11f868,002e220211020000,002e220211020000,16957.30,PASS
15,random_fullrange_11,47,002f116d46228b90,002f110122010000,002f110122010000,16832.40,PASS
15,random_fullrange_11,48,003022f13511ac25,0030220211020000,0030220211020000,16904.40,PASS
15,random_fullrange_11,49,003111b1be22f490,0031110222020000,0031110222020000,17049.80,PASS
15,random_fullrange_11,50,0032224b51118eb3,0032220111020000,0032220111020000,16747.20,PASS
15,random_fullrange_11,51,003311cbfd225f7b,0033110222010000,0033110222010000,16831.10,PASS
15,random_fullrange_11,52,003422a93111327c,0034220211010000,0034220211010000,16811.40,PASS
15,random_fullrange_11,53,00351188cf2219e1,0035110122010000,0035110122010000,16790.50,PASS
15,random_fullrange_11,54,003622bd15115907,0036220211010000,0036220211010000,16930.30,PASS
15,random_fullrange_11,55,0037119989227bdc,0037110222010000,0037110222010000,17009.50,PASS
15,random_fullrange_11,56,0038225574114bae,0038220111010000,0038220111010000,17362.90,PASS
15,random_fullrange_11,57,00391196e722e738,0039110222020000,0039110222020000,16328.60,PASS
15,random_fullrange_11,58,003a22fad711f199,003a220211020000,003a220211020000,16921.90,PASS
15,random_fullrange_11,59,003b11c2642269b4,003b110222010000,003b110222010000,16947.20,PASS
15,random_fullrange_11,60,003c22c473111cd9,003c220211010000,003c220211010000,16853.40,PASS
15,random_fullrange_11,61,003d1174a0224d4b,003d110122010000,003d110122010000,16932.50,PASS
15,random_fullrange_11,62,003e22b2271149bf,003e220211010000,003e220211010000,16818.30,PASS
15,random_fullrange_11,63,003f117a26222479,003f110122010000,003f110122010000,16905.70,PASS
15,random_fullrange_11,64,004022b6a9110164,0040220211010000,0040220211010000,16865.70,PASS
15,random_fullrange_11,65,004111e75122136f,0041110222010000,0041110222010000,16928.50,PASS
15,random_fullrange_11,66,0042225145119c5e,0042220111020000,0042220111020000,16839.20,PASS
15,random_fullrange_11,67,004311bf1c22ad48,0043110222020000,0043110222020000,16863.00,PASS
15,random_fullrange_11,68,0044227cf21152fc,0044220111010000,0044220111010000,16897.20,PASS
15,random_fullrange_11,69,004511454f22f445,0045110122020000,0045110122020000,16903.60,PASS
15,random_fullrange_11,70,00462208eb118ce8,0046220111020000,0046220111020000,16709.20,PASS
15,random_fullrange_11,71,004711e9da22ebaf,0047110222020000,0047110222020000,16853.70,PASS
15,random_fullrange_11,72,0048221f17115d74,0048220111010000,0048220111010000,16922.10,PASS
15,random_fullrange_11,73,004911a36e22d6f4,0049110222020000,0049110222020000,16901.70,PASS
15,random_fullrange_11,74,004a2273f011053e,004a220111010000,004a220111010000,16862.00,PASS
15,random_fullrange_11,75,004b11b53322631a,004b110222010000,004b110222010000,17009.60,PASS
15,random_fullrange_11,76,004c224ea81136ab,004c220111010000,004c220111010000,16805.40,PASS
15,random_fullrange_11,77,004d11d6aa226ee9,004d110222010000,004d110222010000,16911.30,PASS
15,random_fullrange_11,78,004e2269051182ce,004e220111020000,004e220111020000,16858.10,PASS
15,random_fullrange_11,79,004f11ae19227759,004f110222010000,004f110222010000,16910.00,PASS
15,random_fullrange_11,80,005022c02211c9e5,0050220211020000,0050220211020000,16932.40,PASS
15,random_fullrange_11,81,0051113bf722c64d,0051110122020000,0051110122020000,16814.40,PASS
15,random_fullrange_11,82,0052223c1b11d5ab,0052220111020000,0052220111020000,16938.00,PASS
15,random_fullrange_11,83,005311f5372234b4,0053110222010000,0053110222010000,16927.10,PASS
15,random_fullrange_11,84,00542206bb119af7,0054220111020000,0054220111020000,16912.00,PASS
15,random_fullrange_11,85,005511030922c9a9,0055110122020000,0055110122020000,16909.90,PASS
15,random_fullrange_11,86,005622b014117cf3,0056220211010000,0056220211010000,16914.10,PASS
15,random_fullrange_11,87,00571185fe222d37,0057110122010000,0057110122010000,16930.30,PASS
15,random_fullrange_11,88,0058228b6311f0c1,0058220211020000,0058220211020000,16885.70,PASS
15,random_fullrange_11,89,0059111fe7224a97,0059110122010000,0059110122010000,16939.20,PASS
15,random_fullrange_11,90,005a225e3411fe5b,005a220111020000,005a220111020000,16921.30,PASS
15,random_fullrange_11,91,005b118832224c61,005b110122010000,005b110122010000,16914.80,PASS
15,random_fullrange_11,92,005c224860114949,005c220111010000,005c220111010000,16938.10,PASS
15,random_fullrange_11,93,005d11d13b22a5df,005d110222020000,005d110222020000,16973.70,PASS
15,random_fullrange_11,94,005e2214dc11cacd,005e220111020000,005e220111020000,16814.50,PASS
15,random_fullrange_11,95,005f110e1f221d69,005f110122010000,005f110122010000,16948.80,PASS
15,random_fullrange_11,96,00602229df11e47d,0060220111020000,0060220111020000,16901.00,PASS
15,random_fullrange_11,97,006111724122e98b,0061110122020000,0061110122020000,16928.80,PASS
15,random_fullrange_11,98,006222c816117f27,0062220211010000,0062220211010000,16953.00,PASS
15,random_fullrange_11,99,0063113304221c00,0063110122010000,0063110122010000,16836.10,PASS
16,random_fullrange_12,0,0000115c9822ef67,0000110022000000,0000110022000000,9496.50,PASS
16,random_fullrange_12,1,00012264b311301a,0001220011000000,0001220011000000,16837.70,PASS
16,random_fullrange_12,2,000211c4f42282b3,0002110022000000,0002110022000000,16928.50,PASS
16,random_fullrange_12,3,0003225eb4113255,0003220011000000,0003220011000000,16874.20,PASS
16,random_fullrange_12,4,0004117e3b224e3d,0004110022000000,0004110022000000,17043.40,PASS
16,random_fullrange_12,5,00052226f811cc28,0005220011000000,0005220011000000,16812.80,PASS
16,random_fullrange_12,6,000611024c223ea7,0006110022000000,0006110022000000,16868.10,PASS
16,random_fullrange_12,7,000722d6a9115c8b,0007220011000000,0007220011000000,16918.30,PASS
16,random_fullrange_12,8,000811c5d8224fe6,0008110022000000,0008110022000000,16876.20,PASS
16,random_fullrange_12,9,000922805f11ee8e,0009220011000000,0009220011000000,16914.30,PASS
16,random_fullrange_12,10,000a11d38522b9be,000a110022000000,000a110022000000,16910.90,PASS
16,random_fullrange_12,11,000b222047110959,000b220011000000,000b220011000000,16950.00,PASS
16,random_fullrange_12,12,000c11621f228652,000c110022000000,000c110022000000,16926.10,PASS
16,random_fullrange_12,13,000d22e7e1113c30,000d220011000000,000d220011000000,16943.80,PASS
16,random_fullrange_12,14,000e117b3522685d,000e110022000000,000e110022000000,16940.80,PASS
16,random_fullrange_12,15,000f224d43117a5f,000f220011000000,000f220011000000,16874.00,PASS
16,random_fullrange_12,16,0010119f7122ce59,0010110022020000,0010110022020000,16895.40,PASS
16,random_fullrange_12,17,0011227f2d11e746,0011220211000000,0011220211000000,16929.60,PASS
16,random_fullrange_12,18,00121194fa22411d,0012110022010000,0012110022010000,16912.80,PASS
16,random_fullrange_12,19,001322ab0a1109c2,0013220211010000,0013220211010000,16948.40,PASS
16,random_fullrange_12,20,001411fd5322422c,0014110222010000,0014110222010000,16902.10,PASS
16,random_fullrange_12,21,001522850411927a,0015220211020000,0015220211020000,16920.40,PASS
16,random_fullrange_12,22,0016110d1422eead,0016110122020000,0016110122020000,16942.70,PASS
16,random_fullrange_12,23,00172291901113ea,0017220211010000,0017220211010000,16906.20,PASS
16,random_fullrange_12,24,001811b62822d880,0018110222020000,0018110222020000,16944.10,PASS
16,random_fullrange_12,25,00192258cf11b60c,0019220111020000,0019220111020000,16920.30,PASS
16,random_fullrange_12,26,001a114bd6226f2c,001a110122010000,001a110122010000,16944.70,PASS
16,random_fullrange_12,27,001b226678116848,001b220111010000,001b220111010000,17069.00,PASS
16,random_fullrange_12,28,001c11ca6022d014,001c110222020000,001c110222020000,17624.70,PASS
16,random_fullrange_12,29,001d2224bc118345,001d220111010000,001d220111010000,16462.60,PASS
16,random_fullrange_12,30,001e1191fa22f9ce,001e110222020000,001e110222020000,16589.00,PASS
16,random_fullrange_12,31,001f223328112f80,001f220111010000,001f220111010000,16794.30,PASS
16,random_fullrange_12,32,002011efe82265d2,0020110222010000,0020110222010000,16937.90,PASS
16,random_fullrange_12,33,002122f03311d103,0021220211020000,0021220211020000,16930.30,PASS
16,random_fullrange_12,34,0022117cfa2253bc,0022110122010000,0022110122010000,17192.90,PASS
16,random_fullrange_12,35,0023224fd41170c2,0023220111010000,0023220111010000,16327.80,PASS
16,random_fullrange_12,36,002411b07d225573,0024110222010000,0024110222010000,16829.80,PASS
16,random_fullrange_12,37,002522abab118b35,0025220211020000,0025220211020000,16611.20,PASS
16,random_fullrange_12,38,0026111d8422753a,0026110122010000,0026110122010000,17160.20,PASS
16,random_fullrange_12,39,00272278731141a5,0027220111010000,0027220111010000,16561.50,PASS
16,random_fullrange_12,40,002811b81f22dd89,0028110222020000,0028110222020000,16976.20,PASS
16,random_fullrange_12,41,0029221a54113b71,0029220111010000,0029220111010000,16686.40,PASS
16,random_fullrange_12,42,002a11f5ed22b719,002a110222020000,002a110222020000,16989.20,PASS
16,random_fullrange_12,43,002b2244a7116a62,002b220111010000,002b220111010000,17323.10,PASS
16,random_fullrange_12,44,002c119054220714,002c110222010000,002c110222010000,16612.60,PASS
16,random_fullrange_12,45,002d22b9f6112a91,002d220211010000,002d220211010000,17019.30,PASS
16,random_fullrange_12,46,002e11127f223f10,002e110122010000,002e110122010000,16406.10,PASS
16,random_fullrange_12,47,002f22485911293f,002f220111010000,002f220111010000,16578.10,PASS
16,random_fullrange_12,48,0030113abb226773,0030110122010000,0030110122010000,16962.20,PASS
16,random_fullrange_12,49,00312216e61172e0,0031220111020000,0031220111020000,17107.60,PASS
16,random_fullrange_12,50,003211d7962230fe,0032110222010000,0032110222010000,16387.10,PASS
16,random_fullrange_12,51,003322545b115309,0033220111010000,0033220111010000,17119.70,PASS
16,random_fullrange_12,52,00341186e622b87d,0034110222020000,0034110222020000,16428.90,PASS
16,random_fullrange_12,53,003522d1b31198ac,0035220211020000,0035220211020000,16840.20,PASS
16,random_fullrange_12,54,0036116e3b224a8f,0036110122010000,0036110122010000,17088.20,PASS
16,random_fullrange_12,55,0037228ffb11d3f5,0037220211020000,0037220211020000,16401.20,PASS
16,random_fullrange_12,56,003811921222a3c3,0038110222020000,0038110222020000,16819.50,PASS
16,random_fullrange_12,57,003922080d1108ce,0039220111010000,0039220111010000,17153.20,PASS
16,random_fullrange_12,58,003a11773822664a,003a110222020000,003a110222020000,16636.40,PASS
16,random_fullrange_12,59,003b2231bd11b96d,003b220111020000,003b220111020000,16690.50,PASS
16,random_fullrange_12,60,003c11116d225d83,003c110122010000,003c110122010000,16829.10,PASS
16,random_fullrange_12,61,003d22ef6b11ec73,003d220211020000,003d220211020000,16835.40,PASS
16,random_fullrange_12,62,003e11fa042232f2,003e110222010000,003e110222010000,16968.40,PASS
16,random_fullrange_12,63,003f225ff411a993,003f220111020000,003f220111020000,16895.20,PASS
16,random_fullrange_12,64,004011f4ce22ad3f,0040110222020000,0040110222020000,16750.20,PASS
16,random_fullrange_12,65,004122c92d112298,0041220211010000,0041220211010000,16972.50,PASS
16,random_fullrange_12,66,00421175002218f1,0042110122010000,0042110122010000,16891.50,PASS
16,random_fullrange_12,67,00432281ce1182c0,0043220211010000,0043220211010000,16702.80,PASS
16,random_fullrange_12,68,0044110c9422b7c0,0044110122020000,0044110122020000,16923.80,PASS
16,random_fullrange_12,69,0045221c141135db,0045220111010000,0045220111010000,16777.60,PASS
16,random_fullrange_12,70,00461185f522689c,0046110222010000,0046110222010000,17137.40,PASS
16,random_fullrange_12,71,0047224c05117f27,0047220111020000,0047220111020000,16618.60,PASS
16,random_fullrange_12,72,004811991b22c33f,0048110222020000,0048110222020000,17102.80,PASS
16,random_fullrange_12,73,004922172d11c474,0049220111020000,0049220111020000,16685.40,PASS
16,random_fullrange_12,74,004a11f6c4221565,004a110222010000,004a110222010000,16924.80,PASS
16,random_fullrange_12,75,004b22406e111d6d,004b220111010000,004b220111010000,16676.30,PASS
16,random_fullrange_12,76,004c117ab32210fb,004c110122010000,004c110122010000,16940.00,PASS
16,random_fullrange_12,77,004d22a6fd114ba6,004d220211010000,004d220211010000,16751.60,PASS
16,random_fullrange_12,78,004e1162cc229f93,004e110122020000,004e110122020000,16824.20,PASS
16,random_fullrange_12,79,004f22e0d4111f5a,004f220211010000,004f220211010000,16835.30,PASS
16,random_fullrange_12,80,0050117ce6221271,0050110222010000,0050110222010000,16671.60,PASS
16,random_fullrange_12,81,005122650a11ad53,0051220211020000,0051220211020000,16986.40,PASS
16,random_fullrange_12,82,0052112412226733,0052110122020000,0052110122020000,16875.70,PASS
16,random_fullrange_12,83,005322f119114c5a,0053220211010000,0053220211010000,16991.40,PASS
16,random_fullrange_12,84,0054112bbb22eec0,0054110122020000,0054110122020000,16708.80,PASS
16,random_fullrange_12,85,005522092111fa62,0055220111020000,0055220111020000,17067.00,PASS
16,random_fullrange_12,86,005611dbd0225fe4,0056110222010000,0056110222010000,16662.00,PASS
16,random_fullrange_12,87,005722d09d11a88e,0057220211020000,0057220211020000,16897.10,PASS
16,random_fullrange_12,88,005811714f226f1e,0058110122010000,0058110122010000,16838.20,PASS
16,random_fullrange_12,89,005922db031171e9,0059220211010000,0059220211010000,16840.90,PASS
16,random_fullrange_12,90,005a11865322ecef,005a110222020000,005a110222020000,17024.20,PASS
16,random_fullrange_12,91,005b227c7d11146b,005b220111010000,005b220111010000,16729.00,PASS
16,random_fullrange_12,92,005c1103ba2291cc,005c110122010000,005c110122010000,16982.70,PASS
16,random_fullrange_12,93,005d22f76b117b4b,005d220211020000,005d220211020000,16691.60,PASS
16,random_fullrange_12,94,005e115d4a22179a,005e110122010000,005e110122010000,17332.70,PASS
16,random_fullrange_12,95,005f2218bd11e27f,005f220111020000,005f220111020000,16498.70,PASS
16,random_fullrange_12,96,006011e3bb22bcdd,0060110222020000,0060110222020000,17334.40,PASS
16,random_fullrange_12,97,006122b60e11e0ba,0061220211020000,0061220211020000,16540.00,PASS
16,random_fullrange_12,98,00621172f0222bce,0062110122010000,0062110122010000,16497.30,PASS
16,random_fullrange_12,99,006322daac11f7bc,0063220211020000,0063220211020000,17322.30,PASS
17,random_fullrange_13,0,000022712d111e8e,0000220011000000,0000220011000000,3548.70,PASS
17,random_fullrange_13,1,0001119fd422dd90,0001110022000000,0001110022000000,16342.00,PASS
17,random_fullrange_13,2,0002222bed116bc8,0002220011000000,0002220011000000,16771.10,PASS
17,random_fullrange_13,3,0003111f2a2281ba,0003110022000000,0003110022000000,16966.20,PASS
17,random_fullrange_13,4,000422a83411684a,0004220011000000,0004220011000000,16643.70,PASS
17,random_fullrange_13,5,0005116fde22262f,0005110022000000,0005110022000000,16839.90,PASS
17,random_fullrange_13,6,000622e668116e4b,0006220011000000,0006220011000000,16774.60,PASS
17,random_fullrange_13,7,000711f6f5224cfd,0007110022000000,0007110022000000,17067.20,PASS
17,random_fullrange_13,8,000822a74411af45,0008220011000000,0008220011000000,16827.70,PASS
17,random_fullrange_13,9,00091146c1229ae0,0009110022000000,0009110022000000,16875.50,PASS
17,random_fullrange_13,10,000a22456c11705b,000a220011000000,000a220011000000,16704.00,PASS
17,random_fullrange_13,11,000b116599224c8e,000b110022000000,000b110022000000,16708.00,PASS
17,random_fullrange_13,12,000c22467f110f05,000c220011000000,000c220011000000,17100.00,PASS
17,random_fullrange_13,13,000d118f4e22d34b,000d110022000000,000d110022000000,16494.30,PASS
17,random_fullrange_13,14,000e22c68111e09d,000e220011000000,000e220011000000,16883.30,PASS
17,random_fullrange_13,15,000f11a771227041,000f110022000000,000f110022000000,16783.30,PASS
17,random_fullrange_13,16,001022fa1d11203e,0010220211010000,0010220211010000,16936.10,PASS
17,random_fullrange_13,17,001111f5b722dc27,0011110222020000,0011110222020000,17263.60,PASS
17,random_fullrange_13,18,00122204c41128d9,0012220111010000,0012220111010000,16680.70,PASS
17,random_fullrange_13,19,001311426c22957b,0013110122020000,0013110122020000,16445.10,PASS
17,random_fullrange_13,20,001422adb4113212,0014220211010000,0014220211010000,16759.80,PASS
17,random_fullrange_13,21,001511a80822d1a2,0015110222020000,0015110222020000,17145.20,PASS
17,random_fullrange_13,22,0016220cb311616b,0016220111010000,0016220111010000,16811.20,PASS
17,random_fullrange_13,23,001711c27c220bd2,0017110222010000,0017110222010000,16685.60,PASS
17,random_fullrange_13,24,00182230e6112ea0,0018220111010000,0018220111010000,16615.70,PASS
17,random_fullrange_13,25,00191105f822e25a,0019110122020000,0019110122020000,16814.90,PASS
17,random_fullrange_13,26,001a2239c511e30b,001a220111020000,001a220111020000,16726.20,PASS
17,random_fullrange_13,27,001b11da7f22d21b,001b110222020000,001b110222020000,16959.90,PASS
17,random_fullrange_13,28,001c22720a1188e8,001c220111020000,001c220111020000,17097.70,PASS
17,random_fullrange_13,29,001d118bf1226059,001d110222010000,001d110222010000,16634.10,PASS
17,random_fullrange_13,30,001e22e2941113c9,001e220211010000,001e220211010000,16961.70,PASS
17,random_fullrange_13,31,001f11aed122d024,001f110222020000,001f110222020000,16755.80,PASS
17,random_fullrange_13,32,002022bef011a11e,0020220211020000,0020220211020000,16915.00,PASS
17,random_fullrange_13,33,00211101bc2215f1,0021110122010000,0021110122010000,16864.00,PASS
17,random_fullrange_13,34,0022220a72117aa2,0022220111020000,0022220111020000,17080.20,PASS
17,random_fullrange_13,35,002311f371220d9c,0023110222010000,0023110222010000,16791.80,PASS
17,random_fullrange_13,36,002422116b1191a3,0024220111020000,0024220111020000,17170.00,PASS
17,random_fullrange_13,37,00251121a1226e7f,0025110122020000,0025110122020000,16601.30,PASS
17,random_fullrange_13,38,00262220da11a3d3,0026220111020000,0026220111020000,17149.50,PASS
17,random_fullrange_13,39,002711bd872239c6,0027110222010000,0027110222010000,16373.90,PASS
17,random_fullrange_13,40,00282242a51151e9,0028220111010000,0028220111010000,16858.40,PASS
17,random_fullrange_13,41,0029115459226ad1,0029110122020000,0029110122020000,16804.40,PASS
17,random_fullrange_13,42,002a224bdf114299,002a220111010000,002a220111010000,16870.40,PASS
17,random_fullrange_13,43,002b117b16221280,002b110222010000,002b110222010000,16775.40,PASS
17,random_fullrange_13,44,002c227480115f8e,002c220211010000,002c220211010000,16977.80,PASS
17,random_fullrange_13,45,002d11e445225e3b,002d110222020000,002d110222020000,16867.50,PASS
17,random_fullrange_13,46,002e22972c11d93e,002e220211020000,002e220211020000,17065.00,PASS
17,random_fullrange_13,47,002f11a27b226d95,002f110222020000,002f110222020000,17291.60,PASS
17,random_fullrange_13,48,0030222804116461,0030220111010000,0030220111010000,16363.90,PASS
17,random_fullrange_13,49,003111adab2260de,0031110222020000,0031110222020000,16939.10,PASS
17,random_fullrange_13,50,0032228e851162e7,0032220211010000,0032220211010000,16591.60,PASS
17,random_fullrange_13,51,0033118e5122a501,0033110222020000,0033110222020000,16876.80,PASS
17,random_fullrange_13,52,0034225aec119380,0034220111020000,0034220111020000,17151.40,PASS
17,random_fullrange_13,53,00351149da228fd2,0035110122020000,0035110122020000,17032.20,PASS
17,random_fullrange_13,54,003622e0a31105da,0036220211010000,0036220211010000,16790.90,PASS
17,random_fullrange_13,55,003711f51b22e486,0037110222020000,0037110222020000,16788.80,PASS
17,random_fullrange_13,56,0038220dda11f809,0038220111020000,0038220111020000,16737.50,PASS
17,random_fullrange_13,57,003911f81422cdfd,0039110222020000,0039110222020000,17357.60,PASS
17,random_fullrange_13,58,003a22ed1f116c22,003a220211010000,003a220211010000,16284.50,PASS
17,random_fullrange_13,59,003b1191a5226f63,003b110122010000,003b110122010000,17214.80,PASS
17,random_fullrange_13,60,003c221ec011c4c8,003c220111020000,003c220111020000,16334.40,PASS
17,random_fullrange_13,61,003d119c1d2299d9,003d110222020000,003d110222020000,17589.10,PASS
17,random_fullrange_13,62,003e226436110470,003e220111010000,003e220111010000,16266.00,PASS
17,random_fullrange_13,63,003f117c6722c463,003f110122020000,003f110122020000,16980.70,PASS
17,random_fullrange_13,64,0040223b4e1135d0,0040220111010000,0040220111010000,17229.10,PASS
17,random_fullrange_13,65,004111435322c06e,0041110122020000,0041110122020000,16169.70,PASS
17,random_fullrange_13,66,0042224e8d112b97,0042220111010000,0042220111010000,16770.20,PASS
17,random_fullrange_13,67,0043111f242255e4,0043110122010000,0043110122010000,16777.80,PASS
17,random_fullrange_13,68,0044226f4e11fe88,0044220111020000,0044220111020000,17234.20,PASS
17,random_fullrange_13,69,0045111b7822d0d4,0045110122020000,0045110122020000,16467.60,PASS
17,random_fullrange_13,70,0046225db2110f54,0046220111010000,0046220111010000,16658.00,PASS
17,random_fullrange_13,71,00471178832208fc,0047110222010000,0047110222010000,16986.80,PASS
17,random_fullrange_13,72,004822acf111b91d,0048220211020000,0048220211020000,16910.60,PASS
17,random_fullrange_13,73,004911188c222157,0049110122010000,0049110122010000,16719.50,PASS
17,random_fullrange_13,74,004a22201b116a9b,004a220111020000,004a220111020000,17498.90,PASS
17,random_fullrange_13,75,004b11ec9822c3e9,004b110222020000,004b110222020000,16130.50,PASS
17,random_fullrange_13,76,004c2256df116629,004c220111020000,004c220111020000,16731.10,PASS
17,random_fullrange_13,77,004d1123ae228922,004d110122020000,004d110122020000,16861.30,PASS
17,random_fullrange_13,78,004e22484d1176a0,004e220111020000,004e220111020000,16999.70,PASS
17,random_fullrange_13,79,004f111eff229284,004f110122020000,004f110122020000,16584.70,PASS
17,random_fullrange_13,80,0050228bae116fbc,0050220211020000,0050220211020000,16795.30,PASS
17,random_fullrange_13,81,00511134ec2217d8,0051110122010000,0051110122010000,16966.70,PASS
17,random_fullrange_13,82,005222d7b5113477,0052220211010000,0052220211010000,16870.60,PASS
17,random_fullrange_13,83,005311a83c2296d5,0053110222020000,0053110222020000,16865.30,PASS
17,random_fullrange_13,84,005422c15f111387,0054220211010000,0054220211010000,16993.20,PASS
17,random_fullrange_13,85,005511775922cbe0,0055110222020000,0055110222020000,16737.30,PASS
17,random_fullrange_13,86,005622204511f247,0056220111020000,0056220111020000,17420.90,PASS
17,random_fullrange_13,87,00571171bc22bd36,0057110222020000,0057110222020000,16241.70,PASS
17,random_fullrange_13,88,0058228a4f110809,0058220211010000,0058220211010000,16693.40,PASS
17,random_fullrange_13,89,0059114567228d1c,0059110122020000,0059110122020000,17083.70,PASS
17,random_fullrange_13,90,005a22b17211a7ec,005a220211020000,005a220211020000,16573.30,PASS
17,random_fullrange_13,91,005b118261225810,005b110222010000,005b110222010000,16826.10,PASS
17,random_fullrange_13,92,005c22e958115684,005c220211010000,005c220211010000,16941.00,PASS
17,random_fullrange_13,93,005d114f0c22670a,005d110122010000,005d110122010000,16844.60,PASS
17,random_fullrange_13,94,005e22690611a170,005e220111020000,005e220111020000,16761.10,PASS
17,random_fullrange_13,95,005f1148e4227666,005f110122010000,005f110122010000,16842.00,PASS
17,random_fullrange_13,96,0060229ab011afe1,0060220211020000,0060220211020000,16771.60,PASS
17,random_fullrange_13,97,006111ff7c222fca,0061110222010000,0061110222010000,16847.60,PASS
17,random_fullrange_13,98,006222feb8118f89,0062220211020000,0062220211020000,16895.10,PASS
17,random_fullrange_13,99,0063112c0b221f2d,0063110122010000,0063110122010000,16969.90,PASS
18,random_fullrange_14,0,000011fde522d6c9,0000110022000000,0000110022000000,4656.20,PASS
18,random_fullrange_14,1,0001228ce3113f00,0001220011000000,0001220011000000,17562.90,PASS
18,random_fullrange_14,2,000211ffbe22b570,0002110022000000,0002110022000000,16263.90,PASS
18,random_fullrange_14,3,0003222d6011a992,0003220011000000,0003220011000000,17038.10,PASS
18,random_fullrange_14,4,000411c1832243b4,0004110022000000,0004110022000000,16544.10,PASS
18,random_fullrange_14,5,00052265291119d0,0005220011000000,0005220011000000,16777.90,PASS
18,random_fullrange_14,6,00061173b32220af,0006110022000000,0006110022000000,16885.70,PASS
18,random_fullrange_14,7,000722112211668e,0007220011000000,0007220011000000,16694.00,PASS
18,random_fullrange_14,8,000811959a22ff7a,0008110022000000,0008110022000000,16995.90,PASS
18,random_fullrange_14,9,000922d0a811d4bc,0009220011000000,0009220011000000,16939.90,PASS
18,random_fullrange_14,10,000a11e97e223d45,000a110022000000,000a110022000000,16874.20,PASS
18,random_fullrange_14,11,000b226c391189db,000b220011000000,000b220011000000,17036.80,PASS
18,random_fullrange_14,12,000c1115102239c9,000c110022000000,000c110022000000,16506.80,PASS
18,random_fullrange_14,13,000d22971911e179,000d220011000000,000d220011000000,17131.70,PASS
18,random_fullrange_14,14,000e11e1f5225d43,000e110022000000,000e110022000000,17365.00,PASS
18,random_fullrange_14,15,000f223ef5117958,000f220011000000,000f220011000000,16836.30,PASS
18,random_fullrange_14,16,001011d391221593,0010110222000000,0010110222000000,16171.90,PASS
18,random_fullrange_14,17,0011221d5c1129c1,0011220011010000,0011220011010000,16685.70,PASS
18,random_fullrange_14,18,001211e47b2293f5,0012110222020000,0012110222020000,17496.90,PASS
18,random_fullrange_14,19,001322273011c1c3,0013220111020000,0013220111020000,16348.70,PASS
18,random_fullrange_14,20,00141150e222ea24,0014110122020000,0014110122020000,16700.60,PASS
18,random_fullrange_14,21,001522ce5911295e,0015220211010000,0015220211010000,16781.60,PASS
18,random_fullrange_14,22,001611cbbd22036f,0016110222010000,0016110222010000,17040.30,PASS
18,random_fullrange_14,23,001722d8b8110572,0017220211010000,0017220211010000,17018.20,PASS
18,random_fullrange_14,24,0018119b6e22bcf9,0018110222020000,0018110222020000,16349.90,PASS
18,random_fullrange_14,25,0019222c1411669d,0019220111010000,0019220111010000,16927.30,PASS
18,random_fullrange_14,26,001a11cbdf2262d9,001a110222010000,001a110222010000,16722.70,PASS
18,random_fullrange_14,27,001b228bc41148e2,001b220211010000,001b220211010000,16908.20,PASS
18,random_fullrange_14,28,001c11b14f222764,001c110222010000,001c110222010000,16975.80,PASS
18,random_fullrange_14,29,001d22b487114f06,001d220211010000,001d220211010000,16743.70,PASS
18,random_fullrange_14,30,001e11d2e1224925,001e110222010000,001e110222010000,16892.10,PASS
18,random_fullrange_14,31,001f226b6c112146,001f220111010000,001f220111010000,16664.30,PASS
18,random_fullrange_14,32,002011161022fedf,0020110122020000,0020110122020000,17448.80,PASS
18,random_fullrange_14,33,002122853911aff5,0021220211020000,0021220211020000,16629.20,PASS
18,random_fullrange_14,34,0022119f0b22e638,0022110222020000,0022110222020000,17012.20,PASS
18,random_fullrange_14,35,00232253bd119e16,0023220111020000,0023220111020000,16030.60,PASS
18,random_fullrange_14,36,0024117750224986,0024110122010000,0024110122010000,16974.40,PASS
18,random_fullrange_14,37,00252292f511ffcd,0025220211020000,0025220211020000,17274.00,PASS
18,random_fullrange_14,38,002611fa4922d216,0026110222020000,0026110222020000,16451.00,PASS
18,random_fullrange_14,39,002722cdfc1191d0,0027220211020000,0027220211020000,16706.30,PASS
18,random_fullrange_14,40,00281148c12243f0,0028110122010000,0028110122010000,17098.80,PASS
18,random_fullrange_14,41,002922023b119fc4,0029220111020000,0029220111020000,17184.10,PASS
18,random_fullrange_14,42,002a1112eb227669,002a110122010000,002a110122010000,16613.50,PASS
18,random_fullrange_14,43,002b229b1c117c4d,002b220211010000,002b220211010000,16384.80,PASS
18,random_fullrange_14,44,002c11a2bd221ba5,002c110222010000,002c110222010000,17362.40,PASS
18,random_fullrange_14,45,002d22ddad11a1fa,002d220211020000,002d220211020000,16198.20,PASS
18,random_fullrange_14,46,002e113c1d223c92,002e110122010000,002e110122010000,16991.80,PASS
18,random_fullrange_14,47,002f223dcb11f297,002f220111020000,002f220111020000,16340.00,PASS
18,random_fullrange_14,48,00301110d1227b8e,0030110122020000,0030110122020000,17527.30,PASS
18,random_fullrange_14,49,003122b5e51147be,0031220211010000,0031220211010000,16230.40,PASS
18,random_fullrange_14,50,003211b2f922d1f1,0032110222020000,0032110222020000,16991.10,PASS
18,random_fullrange_14,51,003322e658117836,0033220211010000,0033220211010000,17266.30,PASS
18,random_fullrange_14,52,0034113cf9228ee2,0034110122020000,0034110122020000,16579.90,PASS
18,random_fullrange_14,53,0035229a1f119167,0035220211020000,0035220211020000,16749.50,PASS
18,random_fullrange_14,54,00361196ed22875c,0036110222020000,0036110222020000,16476.40,PASS
18,random_fullrange_14,55,003722031f112c1e,0037220111010000,0037220111010000,16922.90,PASS
18,random_fullrange_14,56,003811475522d336,0038110122020000,0038110122020000,17220.60,PASS
18,random_fullrange_14,57,0039225a5311968e,0039220111020000,0039220111020000,16693.60,PASS
18,random_fullrange_14,58,003a11148222aa3a,003a110122020000,003a110122020000,16461.40,PASS
18,random_fullrange_14,59,003b228cb911f6f9,003b220211020000,003b220211020000,16678.10,PASS
18,random_fullrange_14,60,003c112aeb226709,003c110122010000,003c110122010000,16982.30,PASS
18,random_fullrange_14,61,003d2246a01168f8,003d220111010000,003d220111010000,16813.90,PASS
18,random_fullrange_14,62,003e119e6922a09c,003e110222020000,003e110222020000,16818.70,PASS
18,random_fullrange_14,63,003f2289f5117db3,003f220111020000,003f220111020000,16877.70,PASS
18,random_fullrange_14,64,004011e68e22c451,0040110222020000,0040110222020000,16862.70,PASS
18,random_fullrange_14,65,004122333f11f70e,0041220111020000,0041220111020000,16782.00,PASS
18,random_fullrange_14,66,00421178f622667c,0042110122010000,0042110122010000,17089.00,PASS
18,random_fullrange_14,67,004322371511a37f,0043220111020000,0043220111020000,17041.20,PASS
18,random_fullrange_14,68,004411d0a822c892,0044110222020000,0044110222020000,16995.60,PASS
18,random_fullrange_14,69,004522a377113521,0045220211010000,0045220211010000,16383.30,PASS
18,random_fullrange_14,70,0046115fd5221bf7,0046110122010000,0046110122010000,16994.60,PASS
18,random_fullrange_14,71,004722fda211dbee,0047220211020000,0047220211020000,16655.90,PASS
18,random_fullrange_14,72,004811f465224c89,0048110222010000,0048110222010000,16823.30,PASS
18,random_fullrange_14,73,00492221de11567d,0049220111010000,0049220111010000,17111.20,PASS
18,random_fullrange_14,74,004a11284722bb12,004a110122020000,004a110122020000,16493.70,PASS
18,random_fullrange_14,75,004b229cc211faa0,004b220211020000,004b220211020000,16998.40,PASS
18,random_fullrange_14,76,004c110b4422f210,004c110122020000,004c110122020000,17425.60,PASS
18,random_fullrange_14,77,004d2266931160bf,004d220111010000,004d220111010000,16213.90,PASS
18,random_fullrange_14,78,004e114fc1228124,004e110122010000,004e110122010000,17059.40,PASS
18,random_fullrange_14,79,004f222d71119ace,004f220111020000,004f220111020000,16503.90,PASS
18,random_fullrange_14,80,00501183a222b824,0050110122020000,0050110122020000,16844.20,PASS
18,random_fullrange_14,81,00512296cb115123,0051220211010000,0051220211010000,16859.70,PASS
18,random_fullrange_14,82,0052118fa5223a5c,0052110222010000,0052110222010000,17164.50,PASS
18,random_fullrange_14,83,0053224cde113e6c,0053220111010000,0053220111010000,16463.50,PASS
18,random_fullrange_14,84,0054116ebe2209d5,0054110122010000,0054110122010000,16779.70,PASS
18,random_fullrange_14,85,005522f1011159de,0055220211010000,0055220211010000,17158.10,PASS
18,random_fullrange_14,86,005611bf31228e52,0056110222020000,0056110222020000,16965.70,PASS
18,random_fullrange_14,87,005722880d111cbe,0057220211010000,0057220211010000,16138.80,PASS
18,random_fullrange_14,88,0058111d8c2212b3,0058110122010000,0058110122010000,17064.40,PASS
18,random_fullrange_14,89,005922f422116d77,0059220211020000,0059220211020000,17320.30,PASS
18,random_fullrange_14,90,005a11a63822aaea,005a110222020000,005a110222020000,16256.70,PASS
18,random_fullrange_14,91,005b221204118989,005b220111020000,005b220111020000,16867.50,PASS
18,random_fullrange_14,92,005c119ddb220a10,005c110222010000,005c110222010000,16732.40,PASS
18,random_fullrange_14,93,005d22742a1101be,005d220211010000,005d220211010000,17032.60,PASS
18,random_fullrange_14,94,005e11171c2235ff,005e110122010000,005e110122010000,17264.30,PASS
18,random_fullrange_14,95,005f220e4611925b,005f220111020000,005f220111020000,16583.90,PASS
18,random_fullrange_14,96,006011f461223389,0060110222010000,0060110222010000,16623.90,PASS
18,random_fullrange_14,97,006122c26c11ea6a,0061220211020000,0061220211020000,16959.30,PASS
18,random_fullrange_14,98,006211434322e523,0062110122020000,0062110122020000,16539.80,PASS
18,random_fullrange_14,99,00632273d411b593,0063220211020000,0063220211020000,16931.30,PASS
19,random_fullrange_15,0,0000225eb5112c86,0000220011000000,0000220011000000,17279.20,PASS
19,random_fullrange_15,1,0001111c4e220c70,0001110022000000,0001110022000000,16513.80,PASS
19,random_fullrange_15,2,0002229be1114f80,0002220011000000,0002220011000000,16706.50,PASS
19,random_fullrange_15,3,0003116e7c22bcf5,0003110022000000,0003110022000000,16950.60,PASS
19,random_fullrange_15,4,00042227f21119a1,0004220011000000,0004220011000000,16780.70,PASS
19,random_fullrange_15,5,0005111f1e22b484,0005110022000000,0005110022000000,16900.60,PASS
19,random_fullrange_15,6,0006227bf011a491,0006220011000000,0006220011000000,16952.50,PASS
19,random_fullrange_15,7,00071161aa22943f,0007110022000000,0007110022000000,17094.10,PASS
19,random_fullrange_15,8,000822f64b1147a2,0008220011000000,0008220011000000,16867.70,PASS
19,random_fullrange_15,9,000911b59622b856,0009110022000000,0009110022000000,17085.30,PASS
19,random_fullrange_15,10,000a2210ce117a51,000a220011000000,000a220011000000,16941.00,PASS
19,random_fullrange_15,11,000b11cb3022f153,000b110022000000,000b110022000000,16699.00,PASS
19,random_fullrange_15,12,000c2299b711ac17,000c220011000000,000c220011000000,16361.60,PASS
19,random_fullrange_15,13,000d11a0b122fe97,000d110022000000,000d110022000000,17210.90,PASS
19,random_fullrange_15,14,000e22b67a115da5,000e220011000000,000e220011000000,16628.20,PASS
19,random_fullrange_15,15,000f1118df222af2,000f110022000000,000f110022000000,16600.20,PASS
19,random_fullrange_15,16,0010227b61116f96,0010220011020000,0010220011020000,16630.80,PASS
19,random_fullrange_15,17,001111184122653f,0011110122000000,0011110122000000,17455.20,PASS
19,random_fullrange_15,18,0012220909118ca7,0012220011020000,0012220011020000,16738.10,PASS
19,random_fullrange_15,19,001311ce43227af3,0013110222000000,0013110222000000,16490.60,PASS
19,random_fullrange_15,20,001422ad9711b4c9,0014220211020000,0014220211020000,16841.50,PASS
19,random_fullrange_15,21,001511010d220165,0015110122010000,0015110122010000,16638.30,PASS
19,random_fullrange_15,22,0016223c9a11c850,0016220111020000,0016220111020000,16894.90,PASS
19,random_fullrange_15,23,0017119540229ba6,0017110222020000,0017110222020000,16875.80,PASS
19,random_fullrange_15,24,001822553011fefe,0018220111020000,0018220111020000,16539.50,PASS
19,random_fullrange_15,25,0019117d7222d100,0019110122020000,0019110122020000,16861.90,PASS
19,random_fullrange_15,26,001a2253b9114e26,001a220111010000,001a220111010000,16968.30,PASS
19,random_fullrange_15,27,001b11c91e22cd93,001b110222020000,001b110222020000,16831.80,PASS
19,random_fullrange_15,28,001c22d90a11b654,001c220211020000,001c220211020000,16913.00,PASS
19,random_fullrange_15,29,001d11b20022657a,001d110222010000,001d110222010000,17052.40,PASS
19,random_fullrange_15,30,001e22410511892e,001e220111010000,001e220111010000,16795.20,PASS
19,random_fullrange_15,31,001f113532228368,001f110122020000,001f110122020000,16929.20,PASS
19,random_fullrange_15,32,002022940e11ff45,0020220211020000,0020220211020000,16922.70,PASS
19,random_fullrange_15,33,00211101db22c373,0021110122020000,0021110122020000,16890.00,PASS
19,random_fullrange_15,34,00222271cf1122da,0022220111010000,0022220111010000,16889.70,PASS
19,random_fullrange_15,35,0023119e4722061b,0023110222010000,0023110222010000,16686.90,PASS
19,random_fullrange_15,36,0024225446117d4d,0024220111010000,0024220111010000,16771.80,PASS
19,random_fullrange_15,37,002511b7d5229fcc,0025110222020000,0025110222020000,17020.60,PASS
19,random_fullrange_15,38,002622f1321128a5,0026220211010000,0026220211010000,17141.40,PASS
19,random_fullrange_15,39,00271195da22601f,0027110222010000,0027110222010000,16530.60,PASS
19,random_fullrange_15,40,002822ed1211c825,0028220211020000,0028220211020000,16846.60,PASS
19,random_fullrange_15,41,002911973c223ba0,0029110222010000,0029110222010000,16779.40,PASS
19,random_fullrange_15,42,002a2295d911846b,002a220211010000,002a220211010000,16959.20,PASS
19,random_fullrange_15,43,002b115c1c22a2f9,002b110122020000,002b110122020000,17150.90,PASS
19,random_fullrange_15,44,002c22e1b511dd2b,002c220211020000,002c220211020000,16526.40,PASS
19,random_fullrange_15,45,002d116a5b22a399,002d110122020000,002d110122020000,17350.20,PASS
19,random_fullrange_15,46,002e224c7511bc04,002e220111020000,002e220111020000,16218.60,PASS
19,random_fullrange_15,47,002f118e92229a3c,002f110222020000,002f110222020000,16780.40,PASS
19,random_fullrange_15,48,003022223011806c,0030220111010000,0030220111010000,16958.20,PASS
19,random_fullrange_15,49,003111902f221591,0031110222010000,0031110222010000,16675.80,PASS
19,random_fullrange_15,50,003222ca8011558a,0032220211010000,0032220211010000,16865.60,PASS
19,random_fullrange_15,51,003311f1ac223a12,0033110222010000,0033110222010000,17048.50,PASS
19,random_fullrange_15,52,0034224aed11280d,0034220111010000,0034220111010000,16395.60,PASS
19,random_fullrange_15,53,00351166c5226381,0035110122010000,0035110122010000,16691.90,PASS
19,random_fullrange_15,54,0036229e4b115b8e,0036220211010000,0036220211010000,16937.70,PASS
19,random_fullrange_15,55,00371116ab22e34a,0037110122020000,0037110122020000,16719.10,PASS
19,random_fullrange_15,56,003822976f111dca,0038220211010000,0038220211010000,17001.90,PASS
19,random_fullrange_15,57,003911018222eef7,0039110122020000,0039110122020000,16639.50,PASS
19,random_fullrange_15,58,003a221c7611657d,003a220111010000,003a220111010000,16929.00,PASS
19,random_fullrange_15,59,003b112e3f225a76,003b110122010000,003b110122010000,16844.40,PASS
19,random_fullrange_15,60,003c2241fb11e435,003c220111020000,003c220111020000,17255.20,PASS
19,random_fullrange_15,61,003d11571a22df54,003d110122020000,003d110122020000,16222.30,PASS
19,random_fullrange_15,62,003e22b581110ae6,003e220211010000,003e220211010000,16728.00,PASS
19,random_fullrange_15,63,003f11cb63221f4b,003f110222010000,003f110222010000,16836.80,PASS
19,random_fullrange_15,64,0040228e7411388e,0040220211010000,0040220211010000,17133.90,PASS
19,random_fullrange_15,65,004111b3de223258,0041110222010000,0041110222010000,16887.00,PASS
19,random_fullrange_15,66,004222f485118124,0042220211020000,0042220211020000,16450.20,PASS
19,random_fullrange_15,67,0043112e78223930,0043110122010000,0043110122010000,17035.60,PASS
19,random_fullrange_15,68,004422d78c11f7ab,0044220211020000,0044220211020000,16749.00,PASS
19,random_fullrange_15,69,0045117610228dcf,0045110222020000,0045110222020000,16871.70,PASS
19,random_fullrange_15,70,004622f24c11e730,0046220211020000,0046220211020000,17182.60,PASS
19,random_fullrange_15,71,004711bcfb227a30,0047110222010000,0047110222010000,16529.80,PASS
19,random_fullrange_15,72,004822a90311a6ee,0048220211020000,0048220211020000,16851.30,PASS
19,random_fullrange_15,73,0049115e4022564b,0049110122010000,0049110122010000,16614.40,PASS
19,random_fullrange_15,74,004a22cc5411178c,004a220211010000,004a220211010000,16919.70,PASS
19,random_fullrange_15,75,004b11ec3722ca97,004b110222020000,004b110222020000,17473.90,PASS
19,random_fullrange_15,76,004c22ea7c11527b,004c220211010000,004c220211010000,16723.60,PASS
19,random_fullrange_15,77,004d11acc62217bf,004d110222010000,004d110222010000,16294.50,PASS
19,random_fullrange_15,78,004e22a0801121a1,004e220211010000,004e220211010000,16902.90,PASS
19,random_fullrange_15,79,004f113f1d22c59f,004f110122020000,004f110122020000,16497.50,PASS
19,random_fullrange_15,80,0050225e7e116974,0050220111010000,0050220111010000,16801.70,PASS
19,random_fullrange_15,81,0051114b6f22db97,0051110122020000,0051110122020000,16978.80,PASS
19,random_fullrange_15,82,005222e5d21178a6,0052220211010000,0052220211010000,16930.80,PASS
19,random_fullrange_15,83,0053114cd62283fc,0053110122010000,0053110122010000,16586.10,PASS
19,random_fullrange_15,84,0054225e8c11de0d,0054220111020000,0054220111020000,16877.80,PASS
19,random_fullrange_15,85,00551197c122b76d,0055110222020000,0055110222020000,16849.30,PASS
19,random_fullrange_15,86,00562257dc111c62,0056220111010000,0056220111010000,16962.00,PASS
19,random_fullrange_15,87,005711ba13223ac0,0057110222010000,0057110222010000,16716.60,PASS
19,random_fullrange_15,88,0058226148113e09,0058220111010000,0058220111010000,16848.20,PASS
19,random_fullrange_15,89,0059113d9822628f,0059110122010000,0059110122010000,16812.60,PASS
19,random_fullrange_15,90,005a22752411d969,005a220111020000,005a220111020000,16726.20,PASS
19,random_fullrange_15,91,005b11b486222030,005b110222010000,005b110222010000,16835.30,PASS
19,random_fullrange_15,92,005c22f1c01142a4,005c220211010000,005c220211010000,16848.20,PASS
19,random_fullrange_15,93,005d11610b22e444,005d110122020000,005d110122020000,16875.20,PASS
19,random_fullrange_15,94,005e22304511eceb,005e220111020000,005e220111020000,17006.90,PASS
19,random_fullrange_15,95,005f118ca022a764,005f110222020000,005f110222020000,16593.00,PASS
19,random_fullrange_15,96,006022efab111898,0060220211010000,0060220211010000,17722.50,PASS
19,random_fullrange_15,97,006111154322595c,0061110122010000,0061110122010000,16311.80,PASS
19,random_fullrange_15,98,00622282c51169fb,0062220211010000,0062220211010000,16906.40,PASS
19,random_fullrange_15,99,00631176f222951a,0063110122020000,0063110122020000,16918.70,PASS
