session,name,index,request_hex,expected_hex,actual_hex,latency_us,status
0,constant_max_zero,0,000011ffff220000,0000110022000000,0000110022000000,12956.60,PASS
0,constant_max_zero,1,000122000011ffff,0001220011000000,0001220011000000,16907.00,PASS
0,constant_max_zero,2,000211ffff220000,0002110022000000,0002110022000000,16808.00,PASS
0,constant_max_zero,3,000322000011ffff,0003220011000000,0003220011000000,16713.10,PASS
0,constant_max_zero,4,000411ffff220000,0004110022000000,0004110022000000,16980.90,PASS
0,constant_max_zero,5,000522000011ffff,0005220011000000,0005220011000000,17338.20,PASS
0,constant_max_zero,6,000611ffff220000,0006110022000000,0006110022000000,16603.80,PASS
0,constant_max_zero,7,000722000011ffff,0007220011000000,0007220011000000,16392.90,PASS
0,constant_max_zero,8,000811ffff220000,0008110022000000,0008110022000000,16291.10,PASS
0,constant_max_zero,9,000922000011ffff,0009220011000000,0009220011000000,16870.70,PASS
0,constant_max_zero,10,000a11ffff220000,000a110022000000,000a110022000000,16795.10,PASS
0,constant_max_zero,11,000b22000011ffff,000b220011000000,000b220011000000,16997.70,PASS
0,constant_max_zero,12,000c11ffff220000,000c110022000000,000c110022000000,16911.20,PASS
0,constant_max_zero,13,000d22000011ffff,000d220011000000,000d220011000000,16776.20,PASS
0,constant_max_zero,14,000e11ffff220000,000e110022000000,000e110022000000,16876.50,PASS
0,constant_max_zero,15,000f22000011ffff,000f220011000000,000f220011000000,16905.70,PASS
0,constant_max_zero,16,001011ffff220000,0010110022000000,0010110022000000,16821.30,PASS
0,constant_max_zero,17,001122000011ffff,0011220011000000,0011220011000000,17117.50,PASS
0,constant_max_zero,18,001211ffff220000,0012110022000000,0012110022000000,16684.30,PASS
0,constant_max_zero,19,001322000011ffff,0013220011000000,0013220011000000,17251.20,PASS
0,constant_max_zero,20,001411ffff220000,0014110022000000,0014110022000000,16517.90,PASS
0,constant_max_zero,21,001522000011ffff,0015220011000000,0015220011000000,16683.60,PASS
0,constant_max_zero,22,001611ffff220000,0016110022000000,0016110022000000,16889.50,PASS
0,constant_max_zero,23,001722000011ffff,0017220011000000,0017220011000000,16734.30,PASS
0,constant_max_zero,24,001811ffff220000,0018110022000000,0018110022000000,17273.50,PASS
0,constant_max_zero,25,001922000011ffff,0019220011000000,0019220011000000,16388.70,PASS
0,constant_max_zero,26,001a11ffff220000,001a110022000000,001a110022000000,16543.10,PASS
0,constant_max_zero,27,001b22000011ffff,001b220011000000,001b220011000000,16933.10,PASS
0,constant_max_zero,28,001c11ffff220000,001c110022000000,001c110022000000,16830.30,PASS
0,constant_max_zero,29,001d22000011ffff,001d220011000000,001d220011000000,16833.30,PASS
0,constant_max_zero,30,001e11ffff220000,001e110022000000,001e110022000000,16827.90,PASS
0,constant_max_zero,31,001f22000011ffff,001f220011000000,001f220011000000,17048.10,PASS
0,constant_max_zero,32,002011ffff220000,0020110022000000,0020110022000000,16862.70,PASS
0,constant_max_zero,33,002122000011ffff,0021220011000000,0021220011000000,16795.80,PASS
0,constant_max_zero,34,002211ffff220000,0022110022000000,0022110022000000,16788.60,PASS
0,constant_max_zero,35,002322000011ffff,0023220011000000,0023220011000000,16958.70,PASS
0,constant_max_zero,36,002411ffff220000,0024110022000000,0024110022000000,16823.70,PASS
0,constant_max_zero,37,002522000011ffff,0025220011000000,0025220011000000,16936.00,PASS
0,constant_max_zero,38,002611ffff220000,0026110022000000,0026110022000000,16896.40,PASS
0,constant_max_zero,39,002722000011ffff,0027220011000000,0027220011000000,16932.80,PASS
0,constant_max_zero,40,002811ffff220000,0028110022000000,0028110022000000,16903.40,PASS
0,constant_max_zero,41,002922000011ffff,0029220011000000,0029220011000000,16895.90,PASS
0,constant_max_zero,42,002a11ffff220000,002a110022000000,002a110022000000,17013.60,PASS
0,constant_max_zero,43,002b22000011ffff,002b220011000000,002b220011000000,16830.20,PASS
0,constant_max_zero,44,002c11ffff220000,002c110022000000,002c110022000000,16935.10,PASS
0,constant_max_zero,45,002d22000011ffff,002d220011000000,002d220011000000,16911.90,PASS
0,constant_max_zero,46,002e11ffff220000,002e110022000000,002e110022000000,16920.40,PASS
0,constant_max_zero,47,002f22000011ffff,002f220011000000,002f220011000000,17066.00,PASS
0,constant_max_zero,48,003011ffff220000,0030110022000000,0030110022000000,16937.10,PASS
0,constant_max_zero,49,003122000011ffff,0031220011000000,0031220011000000,16704.70,PASS
0,constant_max_zero,50,003211ffff220000,0032110022000000,0032110022000000,16881.30,PASS
0,constant_max_zero,51,003322000011ffff,0033220011000000,0033220011000000,16919.70,PASS
0,constant_max_zero,52,003411ffff220000,0034110022000000,0034110022000000,16973.80,PASS
0,constant_max_zero,53,003522000011ffff,0035220011000000,0035220011000000,16818.80,PASS
0,constant_max_zero,54,003611ffff220000,0036110022000000,0036110022000000,16930.90,PASS
0,constant_max_zero,55,003722000011ffff,0037220011000000,0037220011000000,16960.10,PASS
0,constant_max_zero,56,003811ffff220000,0038110022000000,0038110022000000,16862.20,PASS
0,constant_max_zero,57,003922000011ffff,0039220011000000,0039220011000000,16946.20,PASS
0,constant_max_zero,58,003a11ffff220000,003a110022000000,003a110022000000,16874.30,PASS
0,constant_max_zero,59,003b22000011ffff,003b220011000000,003b220011000000,16970.50,PASS
0,constant_max_zero,60,003c11ffff220000,003c110022000000,003c110022000000,16878.30,PASS
0,constant_max_zero,61,003d22000011ffff,003d220011000000,003d220011000000,16891.20,PASS
0,constant_max_zero,62,003e11ffff220000,003e110022000000,003e110022000000,16921.90,PASS
0,constant_max_zero,63,003f22000011ffff,003f220011000000,003f220011000000,16947.20,PASS
0,constant_max_zero,64,004011ffff220000,0040110022000000,0040110022000000,16894.70,PASS
0,constant_max_zero,65,004122000011ffff,0041220011000000,0041220011000000,16894.60,PASS
0,constant_max_zero,66,004211ffff220000,0042110022000000,0042110022000000,16923.40,PASS
0,constant_max_zero,67,004322000011ffff,0043220011000000,0043220011000000,16852.00,PASS
0,constant_max_zero,68,004411ffff220000,0044110022000000,0044110022000000,16958.90,PASS
0,constant_max_zero,69,004522000011ffff,0045220011000000,0045220011000000,16894.90,PASS
0,constant_max_zero,70,004611ffff220000,0046110022000000,0046110022000000,16931.80,PASS
0,constant_max_zero,71,004722000011ffff,0047220011000000,0047220011000000,16935.80,PASS
0,constant_max_zero,72,004811ffff220000,0048110022000000,0048110022000000,16900.90,PASS
0,constant_max_zero,73,004922000011ffff,0049220011000000,0049220011000000,16947.40,PASS
0,constant_max_zero,74,004a11ffff220000,004a110022000000,004a110022000000,17010.60,PASS
0,constant_max_zero,75,004b22000011ffff,004b220011000000,004b220011000000,16698.10,PASS
0,constant_max_zero,76,004c11ffff220000,004c110022000000,004c110022000000,17051.70,PASS
0,constant_max_zero,77,004d22000011ffff,004d220011000000,004d220011000000,16918.20,PASS
0,constant_max_zero,78,004e11ffff220000,004e110022000000,004e110022000000,16771.00,PASS
0,constant_max_zero,79,004f22000011ffff,004f220011000000,004f220011000000,17015.80,PASS
0,constant_max_zero,80,005011ffff220000,0050110022000000,0050110022000000,16915.00,PASS
0,constant_max_zero,81,005122000011ffff,0051220011000000,0051220011000000,16862.30,PASS
0,constant_max_zero,82,005211ffff220000,0052110022000000,0052110022000000,16797.80,PASS
0,constant_max_zero,83,005322000011ffff,0053220011000000,0053220011000000,16945.90,PASS
0,constant_max_zero,84,005411ffff220000,0054110022000000,0054110022000000,16798.20,PASS
0,constant_max_zero,85,005522000011ffff,0055220011000000,0055220011000000,16883.00,PASS
0,constant_max_zero,86,005611ffff220000,0056110022000000,0056110022000000,16760.00,PASS
0,constant_max_zero,87,005722000011ffff,0057220011000000,0057220011000000,16728.90,PASS
0,constant_max_zero,88,005811ffff220000,0058110022000000,0058110022000000,16788.10,PASS
0,constant_max_zero,89,005922000011ffff,0059220011000000,0059220011000000,16871.50,PASS
0,constant_max_zero,90,005a11ffff220000,005a110022000000,005a110022000000,16808.30,PASS
0,constant_max_zero,91,005b22000011ffff,005b220011000000,005b220011000000,16805.10,PASS
0,constant_max_zero,92,005c11ffff220000,005c110022000000,005c110022000000,16718.30,PASS
0,constant_max_zero,93,005d22000011ffff,005d220011000000,005d220011000000,16902.60,PASS
0,constant_max_zero,94,005e11ffff220000,005e110022000000,005e110022000000,16692.30,PASS
0,constant_max_zero,95,005f22000011ffff,005f220011000000,005f220011000000,16722.30,PASS
0,constant_max_zero,96,006011ffff220000,0060110022000000,0060110022000000,17022.90,PASS
0,constant_max_zero,97,006122000011ffff,0061220011000000,0061220011000000,16836.30,PASS
0,constant_max_zero,98,006211ffff220000,0062110022000000,0062110022000000,16871.00,PASS
0,constant_max_zero,99,006322000011ffff,0063220011000000,0063220011000000,17000.30,PASS
1,constant_zero_max,0,000022ffff110000,0000220011000000,0000220011000000,6879.10,PASS
1,constant_zero_max,1,000111000022ffff,0001110022000000,0001110022000000,16073.70,PASS
1,constant_zero_max,2,000222ffff110000,0002220011000000,0002220011000000,16446.00,PASS
1,constant_zero_max,3,000311000022ffff,0003110022000000,0003110022000000,16900.40,PASS
1,constant_zero_max,4,000422ffff110000,0004220011000000,0004220011000000,16898.50,PASS
1,constant_zero_max,5,000511000022ffff,0005110022000000,0005110022000000,16839.30,PASS
1,constant_zero_max,6,000622ffff110000,0006220011000000,0006220011000000,16949.50,PASS
1,constant_zero_max,7,000711000022ffff,0007110022000000,0007110022000000,16774.00,PASS
1,constant_zero_max,8,000822ffff110000,0008220011000000,0008220011000000,17257.80,PASS
1,constant_zero_max,9,000911000022ffff,0009110022000000,0009110022000000,16240.90,PASS
1,constant_zero_max,10,000a22ffff110000,000a220011000000,000a220011000000,16959.00,PASS
1,constant_zero_max,11,000b11000022ffff,000b110022000000,000b110022000000,17303.10,PASS
1,constant_zero_max,12,000c22ffff110000,000c220011000000,000c220011000000,16226.90,PASS
1,constant_zero_max,13,000d11000022ffff,000d110022000000,000d110022000000,16790.50,PASS
1,constant_zero_max,14,000e22ffff110000,000e220011000000,000e220011000000,16710.90,PASS
1,constant_zero_max,15,000f11000022ffff,000f110022000000,000f110022000000,17047.00,PASS
1,constant_zero_max,16,001022ffff110000,0010220011000000,0010220011000000,16732.60,PASS
1,constant_zero_max,17,001111000022ffff,0011110022000000,0011110022000000,17419.30,PASS
1,constant_zero_max,18,001222ffff110000,0012220011000000,0012220011000000,16203.60,PASS
1,constant_zero_max,19,001311000022ffff,0013110022000000,0013110022000000,16796.00,PASS
1,constant_zero_max,20,001422ffff110000,0014220011000000,0014220011000000,17444.90,PASS
1,constant_zero_max,21,001511000022ffff,0015110022000000,0015110022000000,16255.40,PASS
1,constant_zero_max,22,001622ffff110000,0016220011000000,0016220011000000,16641.60,PASS
1,constant_zero_max,23,001711000022ffff,0017110022000000,0017110022000000,16825.90,PASS
1,constant_zero_max,24,001822ffff110000,0018220011000000,0018220011000000,16820.60,PASS
1,constant_zero_max,25,001911000022ffff,0019110022000000,0019110022000000,16798.60,PASS
1,constant_zero_max,26,001a22ffff110000,001a220011000000,001a220011000000,16923.30,PASS
1,constant_zero_max,27,001b11000022ffff,001b110022000000,001b110022000000,16735.10,PASS
1,constant_zero_max,28,001c22ffff110000,001c220011000000,001c220011000000,17150.60,PASS
1,constant_zero_max,29,001d11000022ffff,001d110022000000,001d110022000000,17457.90,PASS
1,constant_zero_max,30,001e22ffff110000,001e220011000000,001e220011000000,16328.50,PASS
1,constant_zero_max,31,001f11000022ffff,001f110022000000,001f110022000000,16844.10,PASS
1,constant_zero_max,32,002022ffff110000,0020220011000000,0020220011000000,16821.50,PASS
1,constant_zero_max,33,002111000022ffff,0021110022000000,0021110022000000,16877.60,PASS
1,constant_zero_max,34,002222ffff110000,0022220011000000,0022220011000000,17321.70,PASS
1,constant_zero_max,35,002311000022ffff,0023110022000000,0023110022000000,16012.60,PASS
1,constant_zero_max,36,002422ffff110000,0024220011000000,0024220011000000,16891.70,PASS
1,constant_zero_max,37,002511000022ffff,0025110022000000,0025110022000000,16753.30,PASS
1,constant_zero_max,38,002622ffff110000,0026220011000000,0026220011000000,16733.00,PASS
1,constant_zero_max,39,002711000022ffff,0027110022000000,0027110022000000,16856.10,PASS
1,constant_zero_max,40,002822ffff110000,0028220011000000,0028220011000000,16845.40,PASS
1,constant_zero_max,41,002911000022ffff,0029110022000000,0029110022000000,16933.50,PASS
1,constant_zero_max,42,002a22ffff110000,002a220011000000,002a220011000000,16890.10,PASS
1,constant_zero_max,43,002b11000022ffff,002b110022000000,002b110022000000,16817.90,PASS
1,constant_zero_max,44,002c22ffff110000,002c220011000000,002c220011000000,16852.00,PASS
1,constant_zero_max,45,002d11000022ffff,002d110022000000,002d110022000000,17171.50,PASS
1,constant_zero_max,46,002e22ffff110000,002e220011000000,002e220011000000,17103.90,PASS
1,constant_zero_max,47,002f11000022ffff,002f110022000000,002f110022000000,16506.50,PASS
1,constant_zero_max,48,003022ffff110000,0030220011000000,0030220011000000,16610.90,PASS
1,constant_zero_max,49,003111000022ffff,0031110022000000,0031110022000000,17292.80,PASS
1,constant_zero_max,50,003222ffff110000,0032220011000000,0032220011000000,16532.10,PASS
1,constant_zero_max,51,003311000022ffff,0033110022000000,0033110022000000,16766.30,PASS
1,constant_zero_max,52,003422ffff110000,0034220011000000,0034220011000000,16671.80,PASS
1,constant_zero_max,53,003511000022ffff,0035110022000000,0035110022000000,16754.10,PASS
1,constant_zero_max,54,003622ffff110000,0036220011000000,0036220011000000,16922.90,PASS
1,constant_zero_max,55,003711000022ffff,0037110022000000,0037110022000000,17366.40,PASS
1,constant_zero_max,56,003822ffff110000,0038220011000000,0038220011000000,16384.30,PASS
1,constant_zero_max,57,003911000022ffff,0039110022000000,0039110022000000,17241.90,PASS
1,constant_zero_max,58,003a22ffff110000,003a220011000000,003a220011000000,16251.40,PASS
1,constant_zero_max,59,003b11000022ffff,003b110022000000,003b110022000000,16910.50,PASS
1,constant_zero_max,60,003c22ffff110000,003c220011000000,003c220011000000,16844.80,PASS
1,constant_zero_max,61,003d11000022ffff,003d110022000000,003d110022000000,17263.30,PASS
1,constant_zero_max,62,003e22ffff110000,003e220011000000,003e220011000000,16823.50,PASS
1,constant_zero_max,63,003f11000022ffff,003f110022000000,003f110022000000,16751.10,PASS
1,constant_zero_max,64,004022ffff110000,0040220011000000,0040220011000000,16304.90,PASS
1,constant_zero_max,65,004111000022ffff,0041110022000000,0041110022000000,16844.30,PASS
1,constant_zero_max,66,004222ffff110000,0042220011000000,0042220011000000,17423.80,PASS
1,constant_zero_max,67,004311000022ffff,0043110022000000,0043110022000000,16300.10,PASS
1,constant_zero_max,68,004422ffff110000,0044220011000000,0044220011000000,16753.00,PASS
1,constant_zero_max,69,004511000022ffff,0045110022000000,0045110022000000,17004.40,PASS
1,constant_zero_max,70,004622ffff110000,0046220011000000,0046220011000000,17196.10,PASS
1,constant_zero_max,71,004711000022ffff,0047110022000000,0047110022000000,16223.50,PASS
1,constant_zero_max,72,004822ffff110000,0048220011000000,0048220011000000,17484.90,PASS
1,constant_zero_max,73,004911000022ffff,0049110022000000,0049110022000000,16234.70,PASS
1,constant_zero_max,74,004a22ffff110000,004a220011000000,004a220011000000,16890.50,PASS
1,constant_zero_max,75,004b11000022ffff,004b110022000000,004b110022000000,17453.30,PASS
1,constant_zero_max,76,004c22ffff110000,004c220011000000,004c220011000000,16415.60,PASS
1,constant_zero_max,77,004d11000022ffff,004d110022000000,004d110022000000,16624.10,PASS
1,constant_zero_max,78,004e22ffff110000,004e220011000000,004e220011000000,16665.80,PASS
1,constant_zero_max,79,004f11000022ffff,004f110022000000,004f110022000000,16678.50,PASS
1,constant_zero_max,80,005022ffff110000,0050220011000000,0050220011000000,17025.60,PASS
1,constant_zero_max,81,005111000022ffff,0051110022000000,0051110022000000,16651.00,PASS
1,constant_zero_max,82,005222ffff110000,0052220011000000,0052220011000000,16785.70,PASS
1,constant_zero_max,83,005311000022ffff,0053110022000000,0053110022000000,16856.40,PASS
1,constant_zero_max,84,005422ffff110000,0054220011000000,0054220011000000,16736.40,PASS
1,constant_zero_max,85,005511000022ffff,0055110022000000,0055110022000000,16700.40,PASS
1,constant_zero_max,86,005622ffff110000,0056220011000000,0056220011000000,17066.20,PASS
1,constant_zero_max,87,005711000022ffff,0057110022000000,0057110022000000,16904.50,PASS
1,constant_zero_max,88,005822ffff110000,0058220011000000,0058220011000000,17508.70,PASS
1,constant_zero_max,89,005911000022ffff,0059110022000000,0059110022000000,16598.30,PASS
1,constant_zero_max,90,005a22ffff110000,005a220011000000,005a220011000000,16477.10,PASS
1,constant_zero_max,91,005b11000022ffff,005b110022000000,005b110022000000,16664.90,PASS
1,constant_zero_max,92,005c22ffff110000,005c220011000000,005c220011000000,17094.40,PASS
1,constant_zero_max,93,005d11000022ffff,005d110022000000,005d110022000000,16675.00,PASS
1,constant_zero_max,94,005e22ffff110000,005e220011000000,005e220011000000,17177.00,PASS
1,constant_zero_max,95,005f11000022ffff,005f110022000000,005f110022000000,16987.80,PASS
1,constant_zero_max,96,006022ffff110000,0060220011000000,0060220011000000,16732.90,PASS
1,constant_zero_max,97,006111000022ffff,0061110022000000,0061110022000000,16324.00,PASS
1,constant_zero_max,98,006222ffff110000,0062220011000000,0062220011000000,17008.40,PASS
1,constant_zero_max,99,006311000022ffff,0063110022000000,0063110022000000,16846.90,PASS
2,alternating_extremes,0,000011000022ffff,0000110022000000,0000110022000000,17383.80,PASS
2,alternating_extremes,1,000122000011ffff,0001220011000000,0001220011000000,16854.80,PASS
2,alternating_extremes,2,000211000022ffff,0002110022000000,0002110022000000,16888.20,PASS
2,alternating_extremes,3,000322000011ffff,0003220011000000,0003220011000000,16914.50,PASS
2,alternating_extremes,4,000411000022ffff,0004110022000000,0004110022000000,16958.80,PASS
2,alternating_extremes,5,000522000011ffff,0005220011000000,0005220011000000,16892.40,PASS
2,alternating_extremes,6,000611000022ffff,0006110022000000,0006110022000000,16848.50,PASS
2,alternating_extremes,7,000722000011ffff,0007220011000000,0007220011000000,16885.50,PASS
2,alternating_extremes,8,000811000022ffff,0008110022000000,0008110022000000,16893.30,PASS
2,alternating_extremes,9,000922000011ffff,0009220011000000,0009220011000000,17626.40,PASS
2,alternating_extremes,10,000a11000022ffff,000a110022000000,000a110022000000,15987.30,PASS
2,alternating_extremes,11,000b22000011ffff,000b220011000000,000b220011000000,16721.80,PASS
2,alternating_extremes,12,000c11000022ffff,000c110022000000,000c110022000000,16827.40,PASS
2,alternating_extremes,13,000d22000011ffff,000d220011000000,000d220011000000,16867.30,PASS
2,alternating_extremes,14,000e11000022ffff,000e110022000000,000e110022000000,16783.00,PASS
2,alternating_extremes,15,000f22000011ffff,000f220011000000,000f220011000000,16980.00,PASS
2,alternating_extremes,16,001011000022ffff,0010110122020000,0010110122020000,16872.60,PASS
2,alternating_extremes,17,001122000011ffff,0011220111020000,0011220111020000,16914.30,PASS
2,alternating_extremes,18,001211000022ffff,0012110122020000,0012110122020000,16792.70,PASS
2,alternating_extremes,19,001322000011ffff,0013220111020000,0013220111020000,17011.00,PASS
2,alternating_extremes,20,001411000022ffff,0014110122020000,0014110122020000,16602.70,PASS
2,alternating_extremes,21,001522000011ffff,0015220111020000,0015220111020000,17016.50,PASS
2,alternating_extremes,22,001611000022ffff,0016110122020000,0016110122020000,16744.00,PASS
2,alternating_extremes,23,001722000011ffff,0017220111020000,0017220111020000,16808.90,PASS
2,alternating_extremes,24,001811000022ffff,0018110122020000,0018110122020000,16841.40,PASS
2,alternating_extremes,25,001922000011ffff,0019220111020000,0019220111020000,16636.40,PASS
2,alternating_extremes,26,001a11000022ffff,001a110122020000,001a110122020000,16797.00,PASS
2,alternating_extremes,27,001b22000011ffff,001b220111020000,001b220111020000,16854.10,PASS
2,alternating_extremes,28,001c11000022ffff,001c110122020000,001c110122020000,16732.90,PASS
2,alternating_extremes,29,001d22000011ffff,001d220111020000,001d220111020000,17029.80,PASS
2,alternating_extremes,30,001e11000022ffff,001e110122020000,001e110122020000,16952.70,PASS
2,alternating_extremes,31,001f22000011ffff,001f220111020000,001f220111020000,16503.40,PASS
2,alternating_extremes,32,002011000022ffff,0020110122020000,0020110122020000,16774.80,PASS
2,alternating_extremes,33,002122000011ffff,0021220111020000,0021220111020000,17469.40,PASS
2,alternating_extremes,34,002211000022ffff,0022110122020000,0022110122020000,16207.20,PASS
2,alternating_extremes,35,002322000011ffff,0023220111020000,0023220111020000,17391.60,PASS
2,alternating_extremes,36,002411000022ffff,0024110122020000,0024110122020000,16258.10,PASS
2,alternating_extremes,37,002522000011ffff,0025220111020000,0025220111020000,16873.50,PASS
2,alternating_extremes,38,002611000022ffff,0026110122020000,0026110122020000,16737.80,PASS
2,alternating_extremes,39,002722000011ffff,0027220111020000,0027220111020000,16832.00,PASS
2,alternating_extremes,40,002811000022ffff,0028110122020000,0028110122020000,16691.50,PASS
2,alternating_extremes,41,002922000011ffff,0029220111020000,0029220111020000,16878.70,PASS
2,alternating_extremes,42,002a11000022ffff,002a110122020000,002a110122020000,16680.80,PASS
2,alternating_extremes,43,002b22000011ffff,002b220111020000,002b220111020000,17150.50,PASS
2,alternating_extremes,44,002c11000022ffff,002c110122020000,002c110122020000,16727.30,PASS
2,alternating_extremes,45,002d22000011ffff,002d220111020000,002d220111020000,16748.30,PASS
2,alternating_extremes,46,002e11000022ffff,002e110122020000,002e110122020000,16792.70,PASS
2,alternating_extremes,47,002f22000011ffff,002f220111020000,002f220111020000,16770.30,PASS
2,alternating_extremes,48,003011000022ffff,0030110122020000,0030110122020000,16901.10,PASS
2,alternating_extremes,49,003122000011ffff,0031220111020000,0031220111020000,16847.70,PASS
2,alternating_extremes,50,003211000022ffff,0032110122020000,0032110122020000,17161.50,PASS
2,alternating_extremes,51,003322000011ffff,0033220111020000,0033220111020000,16533.50,PASS
2,alternating_extremes,52,003411000022ffff,0034110122020000,0034110122020000,17251.40,PASS
2,alternating_extremes,53,003522000011ffff,0035220111020000,0035220111020000,16596.90,PASS
2,alternating_extremes,54,003611000022ffff,0036110122020000,0036110122020000,17501.40,PASS
2,alternating_extremes,55,003722000011ffff,0037220111020000,0037220111020000,16198.90,PASS
2,alternating_extremes,56,003811000022ffff,0038110122020000,0038110122020000,16755.60,PASS
2,alternating_extremes,57,003922000011ffff,0039220111020000,0039220111020000,16871.20,PASS
2,alternating_extremes,58,003a11000022ffff,003a110122020000,003a110122020000,16641.30,PASS
2,alternating_extremes,59,003b22000011ffff,003b220111020000,003b220111020000,16984.20,PASS
2,alternating_extremes,60,003c11000022ffff,003c110122020000,003c110122020000,16744.30,PASS
2,alternating_extremes,61,003d22000011ffff,003d220111020000,003d220111020000,17128.40,PASS
2,alternating_extremes,62,003e11000022ffff,003e110122020000,003e110122020000,16825.70,PASS
2,alternating_extremes,63,003f22000011ffff,003f220111020000,003f220111020000,16771.10,PASS
2,alternating_extremes,64,004011000022ffff,0040110122020000,0040110122020000,16775.20,PASS
2,alternating_extremes,65,004122000011ffff,0041220111020000,0041220111020000,16716.70,PASS
2,alternating_extremes,66,004211000022ffff,0042110122020000,0042110122020000,16729.30,PASS
2,alternating_extremes,67,004322000011ffff,0043220111020000,0043220111020000,16984.80,PASS
2,alternating_extremes,68,004411000022ffff,0044110122020000,0044110122020000,16859.20,PASS
2,alternating_extremes,69,004522000011ffff,0045220111020000,0045220111020000,16668.50,PASS
2,alternating_extremes,70,004611000022ffff,0046110122020000,0046110122020000,16908.30,PASS
2,alternating_extremes,71,004722000011ffff,0047220111020000,0047220111020000,16967.20,PASS
2,alternating_extremes,72,004811000022ffff,0048110122020000,0048110122020000,16892.40,PASS
2,alternating_extremes,73,004922000011ffff,0049220111020000,0049220111020000,16866.80,PASS
2,alternating_extremes,74,004a11000022ffff,004a110122020000,004a110122020000,16778.30,PASS
2,alternating_extremes,75,004b22000011ffff,004b220111020000,004b220111020000,17045.20,PASS
2,alternating_extremes,76,004c11000022ffff,004c110122020000,004c110122020000,16654.30,PASS
2,alternating_extremes,77,004d22000011ffff,004d220111020000,004d220111020000,16991.10,PASS
2,alternating_extremes,78,004e11000022ffff,004e110122020000,004e110122020000,16767.40,PASS
2,alternating_extremes,79,004f22000011ffff,004f220111020000,004f220111020000,16897.60,PASS
2,alternating_extremes,80,005011000022ffff,0050110122020000,0050110122020000,16496.90,PASS
2,alternating_extremes,81,005122000011ffff,0051220111020000,0051220111020000,16894.90,PASS
2,alternating_extremes,82,005211000022ffff,0052110122020000,0052110122020000,16755.30,PASS
2,alternating_extremes,83,005322000011ffff,0053220111020000,0053220111020000,17044.80,PASS
2,alternating_extremes,84,005411000022ffff,0054110122020000,0054110122020000,16654.30,PASS
2,alternating_extremes,85,005522000011ffff,0055220111020000,0055220111020000,16989.70,PASS
2,alternating_extremes,86,005611000022ffff,0056110122020000,0056110122020000,16602.10,PASS
2,alternating_extremes,87,005722000011ffff,0057220111020000,0057220111020000,17110.10,PASS
2,alternating_extremes,88,005811000022ffff,0058110122020000,0058110122020000,16822.50,PASS
2,alternating_extremes,89,005922000011ffff,0059220111020000,0059220111020000,16488.20,PASS
2,alternating_extremes,90,005a11000022ffff,005a110122020000,005a110122020000,17164.20,PASS
2,alternating_extremes,91,005b22000011ffff,005b220111020000,005b220111020000,16526.70,PASS
2,alternating_extremes,92,005c11000022ffff,005c110122020000,005c110122020000,16727.10,PASS
2,alternating_extremes,93,005d22000011ffff,005d220111020000,005d220111020000,17070.80,PASS
2,alternating_extremes,94,005e11000022ffff,005e110122020000,005e110122020000,16703.10,PASS
2,alternating_extremes,95,005f22000011ffff,005f220111020000,005f220111020000,16961.00,PASS
2,alternating_extremes,96,006011000022ffff,0060110122020000,0060110122020000,17085.30,PASS
2,alternating_extremes,97,006122000011ffff,0061220111020000,0061220111020000,16544.90,PASS
2,alternating_extremes,98,006211000022ffff,0062110122020000,0062110122020000,16867.60,PASS
2,alternating_extremes,99,006322000011ffff,0063220111020000,0063220111020000,16723.30,PASS
3,rounding_and_held_actions,0,000022006411000f,0000220011000000,0000220011000000,9184.90,PASS
3,rounding_and_held_actions,1,000111000f220064,0001110022000000,0001110022000000,16973.20,PASS
3,rounding_and_held_actions,2,000222006411000f,0002220011000000,0002220011000000,16792.40,PASS
3,rounding_and_held_actions,3,000311000f220064,0003110022000000,0003110022000000,16953.60,PASS
3,rounding_and_held_actions,4,000422006411000f,0004220011000000,0004220011000000,17053.00,PASS
3,rounding_and_held_actions,5,000511000f220064,0005110022000000,0005110022000000,16683.70,PASS
3,rounding_and_held_actions,6,000622006411000f,0006220011000000,0006220011000000,16891.10,PASS
3,rounding_and_held_actions,7,000711000f220064,0007110022000000,0007110022000000,16934.50,PASS
3,rounding_and_held_actions,8,000822006411000f,0008220011000000,0008220011000000,16880.30,PASS
3,rounding_and_held_actions,9,000911000f220064,0009110022000000,0009110022000000,16745.50,PASS
3,rounding_and_held_actions,10,000a22006411000f,000a220011000000,000a220011000000,16897.10,PASS
3,rounding_and_held_actions,11,000b11000f220064,000b110022000000,000b110022000000,16970.70,PASS
3,rounding_and_held_actions,12,000c22006411000f,000c220011000000,000c220011000000,17382.90,PASS
3,rounding_and_held_actions,13,000d11000f220064,000d110022000000,000d110022000000,16503.30,PASS
3,rounding_and_held_actions,14,000e22006411000f,000e220011000000,000e220011000000,17105.80,PASS
3,rounding_and_held_actions,15,000f110010220064,000f110022000000,000f110022000000,16165.20,PASS
3,rounding_and_held_actions,16,001022006511000f,0010220211000000,0010220211000000,16698.30,PASS
3,rounding_and_held_actions,17,0011110010220065,0011110222020000,0011110222020000,17024.40,PASS
3,rounding_and_held_actions,18,001222006511000e,0012220211010000,0012220211010000,16897.80,PASS
3,rounding_and_held_actions,19,0013110000220065,0013110122020000,0013110122020000,16734.00,PASS
3,rounding_and_held_actions,20,001422006511ffff,0014220211020000,0014220211020000,16810.20,PASS
3,rounding_and_held_actions,21,001511000f220065,0015110122020000,0015110122020000,17457.30,PASS
3,rounding_and_held_actions,22,0016220065110010,0016220211010000,0016220211010000,16104.70,PASS
3,rounding_and_held_actions,23,001711000e220065,0017110122020000,0017110122020000,17446.80,PASS
3,rounding_and_held_actions,24,0018220065110000,0018220211010000,0018220211010000,16483.20,PASS
3,rounding_and_held_actions,25,001911ffff220065,0019110222020000,0019110222020000,16483.50,PASS
3,rounding_and_held_actions,26,001a22006511000f,001a220211010000,001a220211010000,16787.20,PASS
3,rounding_and_held_actions,27,001b110010220065,001b110122020000,001b110122020000,17015.10,PASS
3,rounding_and_held_actions,28,001c22006511000e,001c220211010000,001c220211010000,16878.50,PASS
3,rounding_and_held_actions,29,001d110000220065,001d110122020000,001d110122020000,16796.90,PASS
3,rounding_and_held_actions,30,001e22006511ffff,001e220211020000,001e220211020000,16700.20,PASS
3,rounding_and_held_actions,31,001f11000f220065,001f110122020000,001f110122020000,16572.90,PASS
3,rounding_and_held_actions,32,0020220065110010,0020220211010000,0020220211010000,16798.40,PASS
3,rounding_and_held_actions,33,002111000e220065,0021110122020000,0021110122020000,16986.10,PASS
3,rounding_and_held_actions,34,0022220065110000,0022220211010000,0022220211010000,16816.70,PASS
3,rounding_and_held_actions,35,002311ffff220065,0023110222020000,0023110222020000,16844.60,PASS
3,rounding_and_held_actions,36,002422006311000f,0024220111010000,0024220111010000,16781.30,PASS
3,rounding_and_held_actions,37,0025110010220063,0025110122010000,0025110122010000,17040.70,PASS
3,rounding_and_held_actions,38,002622006311000e,0026220111010000,0026220111010000,16737.00,PASS
3,rounding_and_held_actions,39,0027110000220063,0027110122010000,0027110122010000,16961.50,PASS
3,rounding_and_held_actions,40,002822006311ffff,0028220111020000,0028220111020000,16939.80,PASS
3,rounding_and_held_actions,41,002911000f220063,0029110122010000,0029110122010000,16996.30,PASS
3,rounding_and_held_actions,42,002a220063110010,002a220111010000,002a220111010000,16782.60,PASS
3,rounding_and_held_actions,43,002b11000e220063,002b110122010000,002b110122010000,16837.70,PASS
3,rounding_and_held_actions,44,002c220063110000,002c220111010000,002c220111010000,16971.40,PASS
3,rounding_and_held_actions,45,002d11ffff220063,002d110222010000,002d110222010000,17339.30,PASS
3,rounding_and_held_actions,46,002e22006311000f,002e220111010000,002e220111010000,16136.30,PASS
3,rounding_and_held_actions,47,002f110010220063,002f110122010000,002f110122010000,16850.30,PASS
3,rounding_and_held_actions,48,003022006311000e,0030220111010000,0030220111010000,16949.10,PASS
3,rounding_and_held_actions,49,0031110000220063,0031110122010000,0031110122010000,16993.80,PASS
3,rounding_and_held_actions,50,003222006311ffff,0032220111020000,0032220111020000,16637.40,PASS
3,rounding_and_held_actions,51,003311000f220063,0033110122010000,0033110122010000,16800.40,PASS
3,rounding_and_held_actions,52,0034220063110010,0034220111010000,0034220111010000,16804.80,PASS
3,rounding_and_held_actions,53,003511000e220063,0035110122010000,0035110122010000,16695.20,PASS
3,rounding_and_held_actions,54,0036220063110000,0036220111010000,0036220111010000,16785.20,PASS
3,rounding_and_held_actions,55,003711ffff220063,0037110222010000,0037110222010000,17469.00,PASS
3,rounding_and_held_actions,56,003822006411000f,0038220211010000,0038220211010000,16260.00,PASS
3,rounding_and_held_actions,57,0039110010220064,0039110122020000,0039110122020000,17380.20,PASS
3,rounding_and_held_actions,58,003a22006411000e,003a220211010000,003a220211010000,16892.60,PASS
3,rounding_and_held_actions,59,003b110000220064,003b110122020000,003b110122020000,16171.50,PASS
3,rounding_and_held_actions,60,003c22006411ffff,003c220211020000,003c220211020000,17450.70,PASS
3,rounding_and_held_actions,61,003d11000f220064,003d110122020000,003d110122020000,16181.70,PASS
3,rounding_and_held_actions,62,003e220064110010,003e220211010000,003e220211010000,17371.20,PASS
3,rounding_and_held_actions,63,003f11000e220064,003f110122020000,003f110122020000,15832.00,PASS
3,rounding_and_held_actions,64,0040220064110000,0040220211010000,0040220211010000,17126.70,PASS
3,rounding_and_held_actions,65,004111ffff220064,0041110222020000,0041110222020000,17037.40,PASS
3,rounding_and_held_actions,66,004222006411000f,0042220211010000,0042220211010000,16526.40,PASS
3,rounding_and_held_actions,67,0043110010220064,0043110122020000,0043110122020000,16517.90,PASS
3,rounding_and_held_actions,68,004422006411000e,0044220211010000,0044220211010000,16724.80,PASS
3,rounding_and_held_actions,69,0045110000220064,0045110122020000,0045110122020000,16967.30,PASS
3,rounding_and_held_actions,70,004622006411ffff,0046220211020000,0046220211020000,16852.40,PASS
3,rounding_and_held_actions,71,004711000f220064,0047110122020000,0047110122020000,16821.00,PASS
3,rounding_and_held_actions,72,0048220064110010,0048220211010000,0048220211010000,16986.90,PASS
3,rounding_and_held_actions,73,004911000e220064,0049110122020000,0049110122020000,16929.80,PASS
3,rounding_and_held_actions,74,004a220064110000,004a220211010000,004a220211010000,17274.10,PASS
3,rounding_and_held_actions,75,004b11ffff220064,004b110222020000,004b110222020000,16445.80,PASS
3,rounding_and_held_actions,76,004c22006411000f,004c220211010000,004c220211010000,16878.60,PASS
3,rounding_and_held_actions,77,004d110010220064,004d110122020000,004d110122020000,16835.10,PASS
3,rounding_and_held_actions,78,004e22006411000e,004e220211010000,004e220211010000,16749.30,PASS
3,rounding_and_held_actions,79,004f110000220064,004f110122020000,004f110122020000,16896.80,PASS
3,rounding_and_held_actions,80,005022006411ffff,0050220211020000,0050220211020000,16784.30,PASS
3,rounding_and_held_actions,81,005111000f220064,0051110122020000,0051110122020000,17300.50,PASS
3,rounding_and_held_actions,82,0052220064110010,0052220211010000,0052220211010000,16973.00,PASS
3,rounding_and_held_actions,83,005311000e220064,0053110122020000,0053110122020000,16552.50,PASS
3,rounding_and_held_actions,84,0054220064110000,0054220211010000,0054220211010000,16445.20,PASS
3,rounding_and_held_actions,85,005511ffff220064,0055110222020000,0055110222020000,17175.90,PASS
3,rounding_and_held_actions,86,005622006411000f,0056220211010000,0056220211010000,16557.90,PASS
3,rounding_and_held_actions,87,0057110010220064,0057110122020000,0057110122020000,16964.20,PASS
3,rounding_and_held_actions,88,005822006411000e,0058220211010000,0058220211010000,17067.70,PASS
3,rounding_and_held_actions,89,0059110000220064,0059110122020000,0059110122020000,16611.80,PASS
3,rounding_and_held_actions,90,005a22006411ffff,005a220211020000,005a220211020000,16830.00,PASS
3,rounding_and_held_actions,91,005b11000f220064,005b110122020000,005b110122020000,17031.60,PASS
3,rounding_and_held_actions,92,005c220064110010,005c220211010000,005c220211010000,16435.20,PASS
3,rounding_and_held_actions,93,005d11000e220064,005d110122020000,005d110122020000,16567.80,PASS
3,rounding_and_held_actions,94,005e220064110000,005e220211010000,005e220211010000,16867.00,PASS
3,rounding_and_held_actions,95,005f11ffff220064,005f110222020000,005f110222020000,17044.20,PASS
3,rounding_and_held_actions,96,0060220064110064,0060220211010000,0060220211010000,16539.60,PASS
3,rounding_and_held_actions,97,0061110064220064,0061110122020000,0061110122020000,16812.20,PASS
3,rounding_and_held_actions,98,0062220064110064,0062220211010000,0062220211010000,16895.50,PASS
3,rounding_and_held_actions,99,0063110064220064,0063110122020000,0063110122020000,16958.30,PASS
4,random_fullrange_0,0,000011552a22009b,0000110022000000,0000110022000000,18392.00,PASS
4,random_fullrange_0,1,000122374911b179,0001220011000000,0001220011000000,16745.70,PASS
4,random_fullrange_0,2,00021188c022db44,0002110022000000,0002110022000000,17075.30,PASS
4,random_fullrange_0,3,000322427211fc6a,0003220011000000,0003220011000000,16759.90,PASS
4,random_fullrange_0,4,000411475a224669,0004110022000000,0004110022000000,17019.20,PASS
4,random_fullrange_0,5,00052233d3116067,0005220011000000,0005220011000000,16788.10,PASS
4,random_fullrange_0,6,000611187d22b0b5,0006110022000000,0006110022000000,17316.00,PASS
4,random_fullrange_0,7,00072224ee119050,0007220011000000,0007220011000000,16188.50,PASS
4,random_fullrange_0,8,000811d830224138,0008110022000000,0008110022000000,16995.80,PASS
4,random_fullrange_0,9,000922f4b7116d63,0009220011000000,0009220011000000,16648.70,PASS
4,random_fullrange_0,10,000a11f64a22c0fd,000a110022000000,000a110022000000,16915.40,PASS
4,random_fullrange_0,11,000b229d7311506a,000b220011000000,000b220011000000,16707.10,PASS
4,random_fullrange_0,12,000c110dfb221cd4,000c110022000000,000c110022000000,17336.30,PASS
4,random_fullrange_0,13,000d2253fe114e8d,000d220011000000,000d220011000000,16335.80,PASS
4,random_fullrange_0,14,000e11f6af223722,000e110022000000,000e110022000000,17481.10,PASS
4,random_fullrange_0,15,000f2225ad117487,000f220011000000,000f220011000000,16091.40,PASS
4,random_fullrange_0,16,0010118f49228d23,0010110222020000,0010110222020000,16889.40,PASS
4,random_fullrange_0,17,00112226cf1148f1,0011220111010000,0011220111010000,16743.40,PASS
4,random_fullrange_0,18,001211ac3f22ee65,0012110222020000,0012110222020000,17058.60,PASS
4,random_fullrange_0,19,001322136a11f98c,0013220111020000,0013220111020000,16958.00,PASS
4,random_fullrange_0,20,001411c0db227d09,0014110222020000,0014110222020000,16257.10,PASS
4,random_fullrange_0,21,0015224c9911c92c,0015220111020000,0015220111020000,16856.00,PASS
4,random_fullrange_0,22,0016116329225ffd,0016110122010000,0016110122010000,17027.20,PASS
4,random_fullrange_0,23,001722995411d674,0017220211020000,0017220211020000,16412.90,PASS
4,random_fullrange_0,24,00181198b2225816,0018110222010000,0018110222010000,16750.60,PASS
4,random_fullrange_0,25,0019222703114fdf,0019220111010000,0019220111010000,16884.80,PASS
4,random_fullrange_0,26,001a11080c22fc9d,001a110122020000,001a110122020000,16784.30,PASS
4,random_fullrange_0,27,001b22b0551157ed,001b220211010000,001b220211010000,17265.50,PASS
4,random_fullrange_0,28,001c11d3742257c1,001c110222010000,001c110222010000,16433.60,PASS
4,random_fullrange_0,29,001d22af16112723,001d220211010000,001d220211010000,17368.40,PASS
4,random_fullrange_0,30,001e11be49223f51,001e110222010000,001e110222010000,16819.40,PASS
4,random_fullrange_0,31,001f227eb2110575,001f220211010000,001f220211010000,16540.10,PASS
4,random_fullrange_0,32,002011cfd9223e95,0020110222010000,0020110222010000,17129.80,PASS
4,random_fullrange_0,33,002122747011ccb8,0021220111020000,0021220111020000,16264.30,PASS
4,random_fullrange_0,34,002211381e22638a,0022110122010000,0022110122010000,16839.50,PASS
4,random_fullrange_0,35,002322a95e111146,0023220211010000,0023220211010000,17386.00,PASS
4,random_fullrange_0,36,002411f232229152,0024110222020000,0024110222020000,16094.70,PASS
4,random_fullrange_0,37,002522f3e01103bd,0025220211010000,0025220211010000,17171.60,PASS
4,random_fullrange_0,38,002611d288225f79,0026110222010000,0026110222010000,16650.30,PASS
4,random_fullrange_0,39,0027220276118f24,0027220111020000,0027220111020000,17303.30,PASS
4,random_fullrange_0,40,002811772322d705,0028110222020000,0028110222020000,16316.10,PASS
4,random_fullrange_0,41,002922eb5511bb94,0029220211020000,0029220211020000,16827.70,PASS
4,random_fullrange_0,42,002a1136f922b999,002a110122020000,002a110122020000,16800.60,PASS
4,random_fullrange_0,43,002b2205ac11fb04,002b220111020000,002b220111020000,16822.80,PASS
4,random_fullrange_0,44,002c1172fd229dd3,002c110122020000,002c110122020000,17339.60,PASS
4,random_fullrange_0,45,002d22f90c11dca3,002d220211020000,002d220211020000,16360.60,PASS
4,random_fullrange_0,46,002e11980e224b81,002e110222010000,002e110222010000,16669.00,PASS
4,random_fullrange_0,47,002f22fc67112dde,002f220211010000,002f220211010000,17317.10,PASS
4,random_fullrange_0,48,003011b29d220130,0030110222010000,0030110222010000,16291.70,PASS
4,random_fullrange_0,49,003122e23011b274,0031220211020000,0031220211020000,16687.20,PASS
4,random_fullrange_0,50,00321182262217c4,0032110122010000,0032110122010000,17028.60,PASS
4,random_fullrange_0,51,003322611211d695,0033220111020000,0033220111020000,17340.90,PASS
4,random_fullrange_0,52,0034110cb3228dc0,0034110122020000,0034110122020000,16147.50,PASS
4,random_fullrange_0,53,0035228afd1123b4,0035220211010000,0035220211010000,16875.90,PASS
4,random_fullrange_0,54,003611b75922a1f0,0036110222020000,0036110222020000,16725.80,PASS
4,random_fullrange_0,55,0037226fb6117795,0037220111010000,0037220111010000,16874.90,PASS
4,random_fullrange_0,56,003811958422d4c8,0038110222020000,0038110222020000,16760.40,PASS
4,random_fullrange_0,57,003922eb89117866,0039220211010000,0039220211010000,16871.40,PASS
4,random_fullrange_0,58,003a11506f22d413,003a110122020000,003a110122020000,17038.50,PASS
4,random_fullrange_0,59,003b225210113b9a,003b220111010000,003b220111010000,16752.10,PASS
4,random_fullrange_0,60,003c1155f0228ac1,003c110122010000,003c110122010000,16818.30,PASS
4,random_fullrange_0,61,003d22e0fe11fe41,003d220211020000,003d220211020000,16762.60,PASS
4,random_fullrange_0,62,003e112df222eacf,003e110122020000,003e110122020000,16947.90,PASS
4,random_fullrange_0,63,003f221d3811d571,003f220111020000,003f220111020000,16864.00,PASS
4,random_fullrange_0,64,004011e88722971c,0040110222010000,0040110222010000,16796.90,PASS
4,random_fullrange_0,65,004122223511d386,0041220111020000,0041220111020000,16929.80,PASS
4,random_fullrange_0,66,0042117c7c2296b3,0042110122020000,0042110122020000,16923.90,PASS
4,random_fullrange_0,67,00432226ad11aad7,0043220111020000,0043220111020000,16970.20,PASS
4,random_fullrange_0,68,0044116d09227f48,0044110122010000,0044110122010000,16916.40,PASS
4,random_fullrange_0,69,004522cf5d11f4a1,0045220211020000,0045220211020000,17440.70,PASS
4,random_fullrange_0,70,004611a149221842,0046110222010000,0046110222010000,16378.90,PASS
4,random_fullrange_0,71,0047223f5511c0a0,0047220111020000,0047220111020000,17000.20,PASS
4,random_fullrange_0,72,0048112c3e2285cf,0048110122020000,0048110122020000,16275.30,PASS
4,random_fullrange_0,73,004922b24c118721,0049220211010000,0049220211010000,16887.00,PASS
4,random_fullrange_0,74,004a112aaf224b92,004a110122010000,004a110122010000,16909.40,PASS
4,random_fullrange_0,75,004b2287f0111e01,004b220211010000,004b220211010000,16863.00,PASS
4,random_fullrange_0,76,004c114cc9222464,004c110122010000,004c110122010000,17349.90,PASS
4,random_fullrange_0,77,004d2207f5111d04,004d220111010000,004d220111010000,16423.40,PASS
4,random_fullrange_0,78,004e1115ea22feaa,004e110122020000,004e110122020000,17299.20,PASS
4,random_fullrange_0,79,004f22836711a9ac,004f220211020000,004f220211020000,16425.00,PASS
4,random_fullrange_0,80,0050115b3c22bcd7,0050110122020000,0050110122020000,16504.20,PASS
4,random_fullrange_0,81,005122fdf5117807,0051220211020000,0051220211020000,17609.90,PASS
4,random_fullrange_0,82,005211d8a022db66,0052110222020000,0052110222020000,16011.50,PASS
4,random_fullrange_0,83,005322e904117c0c,0053220211020000,0053220211020000,16919.00,PASS
4,random_fullrange_0,84,00541191a622b5ac,0054110222020000,0054110222020000,17004.30,PASS
4,random_fullrange_0,85,005522287b11fe0d,0055220111020000,0055220111020000,16724.60,PASS
4,random_fullrange_0,86,005611486f229f5b,0056110122020000,0056110122020000,17199.10,PASS
4,random_fullrange_0,87,005722c9ce114c9c,0057220211010000,0057220211010000,16254.20,PASS
4,random_fullrange_0,88,00581177f2229e6f,0058110222020000,0058110222020000,16800.90,PASS
4,random_fullrange_0,89,005922409911d427,0059220111020000,0059220111020000,16903.20,PASS
4,random_fullrange_0,90,005a118294227d2c,005a110222010000,005a110222010000,16705.00,PASS
4,random_fullrange_0,91,005b22b46f11d3c5,005b220211020000,005b220211020000,17017.50,PASS
4,random_fullrange_0,92,005c119bad224791,005c110222010000,005c110222010000,16725.50,PASS
4,random_fullrange_0,93,005d22d98911690d,005d220211010000,005d220211010000,16818.80,PASS
4,random_fullrange_0,94,005e11c5612276aa,005e110222010000,005e110222010000,16877.80,PASS
4,random_fullrange_0,95,005f227699115e9b,005f220111010000,005f220111010000,17458.20,PASS
4,random_fullrange_0,96,006011c8ba229d0f,0060110222020000,0060110222020000,16384.10,PASS
4,random_fullrange_0,97,0061226b441152a8,0061220111010000,0061220111010000,17464.60,PASS
4,random_fullrange_0,98,0062111f5222593a,0062110122010000,0062110122010000,16317.90,PASS
4,random_fullrange_0,99,006322d6691199c8,0063220211020000,0063220211020000,16634.10,PASS
5,random_fullrange_1,0,0000229b9e116378,0000220011000000,0000220011000000,2995.30,PASS
5,random_fullrange_1,1,000111f620220490,0001110022000000,0001110022000000,16978.90,PASS
5,random_fullrange_1,2,00022234bf111662,0002220011000000,0002220011000000,16992.00,PASS
5,random_fullrange_1,3,0003115afa22458c,0003110022000000,0003110022000000,16724.60,PASS
5,random_fullrange_1,4,000422cf43110be4,0004220011000000,0004220011000000,16719.10,PASS
5,random_fullrange_1,5,0005111ded22c9cb,0005110022000000,0005110022000000,16727.00,PASS
5,random_fullrange_1,6,000622639e11a665,0006220011000000,0006220011000000,16779.70,PASS
5,random_fullrange_1,7,000711ec6222b541,0007110022000000,0007110022000000,16997.80,PASS
5,random_fullrange_1,8,00082299d1112b6c,0008220011000000,0008220011000000,16856.30,PASS
5,random_fullrange_1,9,0009115d25220b43,0009110022000000,0009110022000000,16808.60,PASS
5,random_fullrange_1,10,000a2232bf11d999,000a220011000000,000a220011000000,16708.10,PASS
5,random_fullrange_1,11,000b115d4522dcb0,000b110022000000,000b110022000000,16745.90,PASS
5,random_fullrange_1,12,000c22e65e115be7,000c220011000000,000c220011000000,17042.30,PASS
5,random_fullrange_1,13,000d11777722e0f8,000d110022000000,000d110022000000,16791.70,PASS
5,random_fullrange_1,14,000e2296f4117177,000e220011000000,000e220011000000,16436.60,PASS
5,random_fullrange_1,15,000f11f57e222d3c,000f110022000000,000f110022000000,16802.50,PASS
5,random_fullrange_1,16,0010227b3a111feb,0010220011010000,0010220011010000,16914.70,PASS
5,random_fullrange_1,17,00111131c122f3ac,0011110122020000,0011110122020000,16873.70,PASS
5,random_fullrange_1,18,001222ac8c111187,0012220211010000,0012220211010000,16878.60,PASS
5,random_fullrange_1,19,001311e00622cfa2,0013110222020000,0013110222020000,17053.20,PASS
5,random_fullrange_1,20,00142288361183cd,0014220111020000,0014220111020000,16728.50,PASS
5,random_fullrange_1,21,0015119c692247fd,0015110222010000,0015110222010000,17054.20,PASS
5,random_fullrange_1,22,001622400311d47b,0016220111020000,0016220111020000,16824.50,PASS
5,random_fullrange_1,23,001711b3dd22984f,0017110222020000,0017110222020000,16831.10,PASS
5,random_fullrange_1,24,0018229512113a84,0018220211010000,0018220211010000,16817.90,PASS
5,random_fullrange_1,25,001911ff61221443,0019110222010000,0019110222010000,16529.70,PASS
5,random_fullrange_1,26,001a22780911fe89,001a220111020000,001a220111020000,16863.60,PASS
5,random_fullrange_1,27,001b11de5d22d091,001b110222020000,001b110222020000,16885.40,PASS
5,random_fullrange_1,28,001c22572f1181d8,001c220111010000,001c220111010000,16857.80,PASS
5,random_fullrange_1,29,001d11c55622932e,001d110222020000,001d110222020000,16848.80,PASS
5,random_fullrange_1,30,001e220b9b118b5a,001e220111010000,001e220111010000,16960.20,PASS
5,random_fullrange_1,31,001f112df5221770,001f110122010000,001f110122010000,16875.90,PASS
5,random_fullrange_1,32,00202244d111b6df,0020220111020000,0020220111020000,16911.30,PASS
5,random_fullrange_1,33,002111b4f5220749,0021110222010000,0021110222010000,16841.60,PASS
5,random_fullrange_1,34,00222247a111df3e,0022220111020000,0022220111020000,16934.80,PASS
5,random_fullrange_1,35,0023113e9c2281d5,0023110122020000,0023110122020000,16915.20,PASS
5,random_fullrange_1,36,0024221aec113a96,0024220111010000,0024220111010000,16946.40,PASS
5,random_fullrange_1,37,002511dc4d22bea5,0025110222020000,0025110222020000,16927.90,PASS
5,random_fullrange_1,38,002622d31811247b,0026220211010000,0026220211010000,16850.80,PASS
5,random_fullrange_1,39,0027118fdb225fb9,0027110122010000,0027110122010000,16780.10,PASS
5,random_fullrange_1,40,00282221541190ac,0028220111010000,0028220111010000,17046.70,PASS
5,random_fullrange_1,41,00291107f12213cc,0029110122010000,0029110122010000,16897.60,PASS
5,random_fullrange_1,42,002a22fe4511d8ee,002a220211020000,002a220211020000,16873.60,PASS
5,random_fullrange_1,43,002b113677227934,002b110122020000,002b110122020000,16751.60,PASS
5,random_fullrange_1,44,002c229d54114019,002c220211010000,002c220211010000,16839.70,PASS
5,random_fullrange_1,45,002d11af9c224a1e,002d110222010000,002d110222010000,16786.50,PASS
5,random_fullrange_1,46,002e22ca22113c47,002e220211010000,002e220211010000,16866.20,PASS
5,random_fullrange_1,47,002f11760222c1f1,002f110122020000,002f110122020000,17302.30,PASS
5,random_fullrange_1,48,0030228a72115391,0030220211010000,0030220211010000,16516.00,PASS
5,random_fullrange_1,49,003111b01c22810d,0031110222020000,0031110222020000,16892.80,PASS
5,random_fullrange_1,50,00322249be11bb49,0032220111020000,0032220111020000,16932.00,PASS
5,random_fullrange_1,51,003311735a223bfe,0033110122010000,0033110122010000,16791.40,PASS
5,random_fullrange_1,52,003422453511fcb3,0034220111020000,0034220111020000,16749.10,PASS
5,random_fullrange_1,53,0035117afe224adc,0035110222010000,0035110222010000,16791.00,PASS
5,random_fullrange_1,54,003622b5b8119d0f,0036220211020000,0036220211020000,16978.00,PASS
5,random_fullrange_1,55,003711ede7229317,0037110222020000,0037110222020000,16755.90,PASS
5,random_fullrange_1,56,003822215e11fe04,0038220111020000,0038220111020000,16924.80,PASS
5,random_fullrange_1,57,003911f5c422dac0,0039110222020000,0039110222020000,16961.90,PASS
5,random_fullrange_1,58,003a22917e11abb6,003a220211020000,003a220211020000,16752.50,PASS
5,random_fullrange_1,59,003b11ad9522f9a0,003b110222020000,003b110222020000,16912.00,PASS
5,random_fullrange_1,60,003c22d2ef110857,003c220211010000,003c220211010000,16703.00,PASS
5,random_fullrange_1,61,003d11291b224535,003d110122010000,003d110122010000,17008.00,PASS
5,random_fullrange_1,62,003e2214ed11a30c,003e220111020000,003e220111020000,16830.80,PASS
5,random_fullrange_1,63,003f11392f22ba5f,003f110122020000,003f110122020000,16848.20,PASS
5,random_fullrange_1,64,004022b022118366,0040220211010000,0040220211010000,16796.10,PASS
5,random_fullrange_1,65,004111cad9220738,0041110222010000,0041110222010000,16842.20,PASS
5,random_fullrange_1,66,00422294ff1154dd,0042220211010000,0042220211010000,16870.70,PASS
5,random_fullrange_1,67,004311d3942268fd,0043110222010000,0043110222010000,16778.30,PASS
5,random_fullrange_1,68,004422a7261179f1,0044220211010000,0044220211010000,16611.70,PASS
5,random_fullrange_1,69,004511bc9722a88e,0045110222020000,0045110222020000,16860.80,PASS
5,random_fullrange_1,70,00462216fc11e71e,0046220111020000,0046220111020000,16944.00,PASS
5,random_fullrange_1,71,004711df4622cf97,0047110222020000,0047110222020000,17110.30,PASS
5,random_fullrange_1,72,0048221a93118c49,0048220111010000,0048220111010000,16733.40,PASS
5,random_fullrange_1,73,004911fc7f22d3c9,0049110222020000,0049110222020000,16791.70,PASS
5,random_fullrange_1,74,004a228c9b11238e,004a220211010000,004a220211010000,16808.30,PASS
5,random_fullrange_1,75,004b11ca322235d7,004b110222010000,004b110222010000,16891.80,PASS
5,random_fullrange_1,76,004c2243c411117d,004c220111010000,004c220111010000,16642.60,PASS
5,random_fullrange_1,77,004d116c4d2245f9,004d110122010000,004d110122010000,16884.20,PASS
5,random_fullrange_1,78,004e22c42d113117,004e220211010000,004e220211010000,16723.20,PASS
5,random_fullrange_1,79,004f111f9122a05c,004f110122020000,004f110122020000,16820.80,PASS
5,random_fullrange_1,80,005022ec6e11fac3,0050220211020000,0050220211020000,16806.30,PASS
5,random_fullrange_1,81,005111bdef2264d8,0051110222010000,0051110222010000,16869.90,PASS
5,random_fullrange_1,82,005222a1241166fd,0052220211010000,0052220211010000,16825.80,PASS
5,random_fullrange_1,83,00531112d5227cf5,0053110122010000,0053110122010000,17032.40,PASS
5,random_fullrange_1,84,0054226f60111c58,0054220111010000,0054220111010000,16882.80,PASS
5,random_fullrange_1,85,005511e1ba225684,0055110222010000,0055110222010000,16757.10,PASS
5,random_fullrange_1,86,00562246511157d8,0056220111010000,0056220111010000,16693.50,PASS
5,random_fullrange_1,87,005711f172226774,0057110222010000,0057110222010000,42815.20,PASS
5,random_fullrange_1,88,0058227d9e116682,0058220111010000,0058220111010000,33753.40,PASS
5,random_fullrange_1,89,00591125cf222ffe,0059110122010000,0059110122010000,32022.60,PASS
5,random_fullrange_1,90,005a22d32e11b77f,005a220211020000,005a220211020000,44204.10,PASS
5,random_fullrange_1,91,005b11b0a02290ab,005b110222020000,005b110222020000,16899.00,PASS
5,random_fullrange_1,92,005c22e10211d264,005c220211020000,005c220211020000,33443.70,PASS
5,random_fullrange_1,93,005d110c3b22145f,005d110122010000,005d110122010000,16856.10,PASS
5,random_fullrange_1,94,005e222a1b1156f7,005e220111010000,005e220111010000,16872.30,PASS
5,random_fullrange_1,95,005f119fb222c959,005f110222020000,005f110222020000,16934.20,PASS
5,random_fullrange_1,96,006022747511a930,0060220111020000,0060220111020000,17012.50,PASS
5,random_fullrange_1,97,006111056322e0f8,0061110122020000,0061110122020000,16911.10,PASS
5,random_fullrange_1,98,0062225b75111396,0062220111010000,0062220111010000,16872.50,PASS
5,random_fullrange_1,99,006311b533220483,0063110222010000,0063110222010000,16777.80,PASS
6,random_fullrange_2,0,000011be892231b2,0000110022000000,0000110022000000,3132.80,PASS
6,random_fullrange_2,1,0001228bfa1170e7,0001220011000000,0001220011000000,16662.90,PASS
6,random_fullrange_2,2,0002115ada2206f1,0002110022000000,0002110022000000,16558.90,PASS
6,random_fullrange_2,3,0003228a98110716,0003220011000000,0003220011000000,17552.00,PASS
6,random_fullrange_2,4,0004117f7c2223be,0004110022000000,0004110022000000,16173.00,PASS
6,random_fullrange_2,5,000522e08011db46,0005220011000000,0005220011000000,16780.40,PASS
6,random_fullrange_2,6,000611e61f22392b,0006110022000000,0006110022000000,16793.70,PASS
6,random_fullrange_2,7,0007223744113c1d,0007220011000000,0007220011000000,16810.00,PASS
6,random_fullrange_2,8,00081160632245fc,0008110022000000,0008110022000000,16958.00,PASS
6,random_fullrange_2,9,0009221c8611d40e,0009220011000000,0009220011000000,16681.40,PASS
6,random_fullrange_2,10,000a111d922252e8,000a110022000000,000a110022000000,16865.80,PASS
6,random_fullrange_2,11,000b22356011e1f4,000b220011000000,000b220011000000,16877.00,PASS
6,random_fullrange_2,12,000c11b24522d14a,000c110022000000,000c110022000000,17131.10,PASS
6,random_fullrange_2,13,000d22f19911084a,000d220011000000,000d220011000000,16745.00,PASS
6,random_fullrange_2,14,000e11fccb22d241,000e110022000000,000e110022000000,17210.20,PASS
6,random_fullrange_2,15,000f222894115ed9,000f220011000000,000f220011000000,16229.80,PASS
6,random_fullrange_2,16,00101172e42224ae,0010110022000000,0010110022000000,17054.20,PASS
6,random_fullrange_2,17,001122f7e6116f5c,0011220211000000,0011220211000000,16796.60,PASS
6,random_fullrange_2,18,001211ba66222238,0012110222010000,0012110222010000,16912.10,PASS
6,random_fullrange_2,19,001322c7dd112993,0013220211010000,0013220211010000,16823.20,PASS
6,random_fullrange_2,20,001411b00c22e619,0014110222020000,0014110222020000,17325.60,PASS
6,random_fullrange_2,21,001522a9af113d81,0015220211010000,0015220211010000,16336.70,PASS
6,random_fullrange_2,22,00161122f9223ec7,0016110122010000,0016110122010000,16699.80,PASS
6,random_fullrange_2,23,00172211d7118cb4,0017220111020000,0017220111020000,17002.10,PASS
6,random_fullrange_2,24,001811aa9722a824,0018110222020000,0018110222020000,17125.20,PASS
6,random_fullrange_2,25,001922ec43113f91,0019220211010000,0019220211010000,16270.30,PASS
6,random_fullrange_2,26,001a117cee224081,001a110222010000,001a110222010000,16907.40,PASS
6,random_fullrange_2,27,001b22cac01187a0,001b220211020000,001b220211020000,17278.80,PASS
6,random_fullrange_2,28,001c11f24b227d3e,001c110222010000,001c110222010000,16483.60,PASS
6,random_fullrange_2,29,001d228fef1152ee,001d220211010000,001d220211010000,17250.60,PASS
6,random_fullrange_2,30,001e11ef83225c98,001e110222010000,001e110222010000,16064.70,PASS
6,random_fullrange_2,31,001f22b56211bd34,001f220211020000,001f220211020000,17494.70,PASS
6,random_fullrange_2,32,002011523522dfb5,0020110122020000,0020110122020000,16377.80,PASS
6,random_fullrange_2,33,00212206ef11f4ea,0021220111020000,0021220111020000,17301.50,PASS
6,random_fullrange_2,34,0022112144227bf6,0022110122010000,0022110122010000,16108.80,PASS
6,random_fullrange_2,35,0023221cdc119a5c,0023220111020000,0023220111020000,17011.80,PASS
6,random_fullrange_2,36,002411bf9c22f247,0024110222020000,0024110222020000,16811.20,PASS
6,random_fullrange_2,37,00252215f711c71d,0025220111020000,0025220111020000,17088.30,PASS
6,random_fullrange_2,38,002611121f2266ec,0026110122010000,0026110122010000,16485.70,PASS
6,random_fullrange_2,39,00272255291126d5,0027220111010000,0027220111010000,16659.00,PASS
6,random_fullrange_2,40,002811b028228928,0028110222020000,0028110222020000,16804.20,PASS
6,random_fullrange_2,41,0029223930110927,0029220111010000,0029220111010000,16916.20,PASS
6,random_fullrange_2,42,002a118ff222ca8e,002a110222020000,002a110222020000,16850.00,PASS
6,random_fullrange_2,43,002b229bee1162dc,002b220211010000,002b220211010000,16684.40,PASS
6,random_fullrange_2,44,002c11fd37226fc8,002c110222010000,002c110222010000,17210.50,PASS
6,random_fullrange_2,45,002d22476c11c4c3,002d220111020000,002d220111020000,16446.90,PASS
6,random_fullrange_2,46,002e115dfb227afd,002e110122020000,002e110122020000,16948.90,PASS
6,random_fullrange_2,47,002f22ca9b1169e7,002f220211010000,002f220211010000,17294.50,PASS
6,random_fullrange_2,48,003011c57c220847,0030110222010000,0030110222010000,16935.90,PASS
6,random_fullrange_2,49,00312291d511bc34,0031220211020000,0031220211020000,16318.50,PASS
6,random_fullrange_2,50,003211be1d22fcdd,0032110222020000,0032110222020000,16551.40,PASS
6,random_fullrange_2,51,003322fd4f119b3a,0033220211020000,0033220211020000,16788.50,PASS
6,random_fullrange_2,52,003411af692261d4,0034110222010000,0034110222010000,16999.20,PASS
6,random_fullrange_2,53,0035223876113b3a,0035220111010000,0035220111010000,16718.30,PASS
6,random_fullrange_2,54,003611dcec22d1cb,0036110222020000,0036110222020000,16841.40,PASS
6,random_fullrange_2,55,003722f01811ff12,0037220211020000,0037220211020000,16875.90,PASS
6,random_fullrange_2,56,003811a06022ed92,0038110222020000,0038110222020000,16850.30,PASS
6,random_fullrange_2,57,003922e124112849,0039220211010000,0039220211010000,16810.60,PASS
6,random_fullrange_2,58,003a11115f223622,003a110122010000,003a110122010000,16957.60,PASS
6,random_fullrange_2,59,003b224df1113b48,003b220111010000,003b220111010000,16652.30,PASS
6,random_fullrange_2,60,003c11aad022d16b,003c110222020000,003c110222020000,16991.80,PASS
6,random_fullrange_2,61,003d22419a114c85,003d220111010000,003d220111010000,17013.50,PASS
6,random_fullrange_2,62,003e11144122dcac,003e110122020000,003e110122020000,17001.30,PASS
6,random_fullrange_2,63,003f22fbd9118a31,003f220211020000,003f220211020000,16573.30,PASS
6,random_fullrange_2,64,0040112cf022088f,0040110122010000,0040110122010000,17236.00,PASS
6,random_fullrange_2,65,00412244e3119997,0041220111020000,0041220111020000,16558.40,PASS
6,random_fullrange_2,66,0042117cbd224fa9,0042110222010000,0042110222010000,16647.60,PASS
6,random_fullrange_2,67,004322d329117172,0043220211010000,0043220211010000,16751.40,PASS
6,random_fullrange_2,68,004411a381226b9a,0044110222010000,0044110222010000,17222.90,PASS
6,random_fullrange_2,69,004522653b115c79,0045220111010000,0045220111010000,16500.40,PASS
6,random_fullrange_2,70,004611415f22c977,0046110122020000,0046110122020000,16755.50,PASS
6,random_fullrange_2,71,004722f3dd117fb8,0047220211020000,0047220211020000,17441.80,PASS
6,random_fullrange_2,72,004811aa6f227445,0048110222010000,0048110222010000,16408.50,PASS
6,random_fullrange_2,73,004922fb4511a82e,0049220211020000,0049220211020000,16714.90,PASS
6,random_fullrange_2,74,004a11767622017e,004a110222010000,004a110222010000,16588.80,PASS
6,random_fullrange_2,75,004b22a2a411d903,004b220211020000,004b220211020000,16984.80,PASS
6,random_fullrange_2,76,004c1134c322a267,004c110122020000,004c110122020000,16690.30,PASS
6,random_fullrange_2,77,004d22ddf911b4d2,004d220211020000,004d220211020000,16990.20,PASS
6,random_fullrange_2,78,004e11d99b2217c8,004e110222010000,004e110222010000,16738.00,PASS
6,random_fullrange_2,79,004f226d4411d747,004f220111020000,004f220111020000,16842.20,PASS
6,random_fullrange_2,80,005011aca422246f,0050110222010000,0050110222010000,16974.40,PASS
6,random_fullrange_2,81,0051221fc2117bc0,0051220111010000,0051220111010000,16979.90,PASS
6,random_fullrange_2,82,005211bf6c22c495,0052110222020000,0052110222020000,16520.30,PASS
6,random_fullrange_2,83,0053227896117035,0053220111010000,0053220111010000,17034.20,PASS
6,random_fullrange_2,84,00541195de22a8f0,0054110222020000,0054110222020000,17220.50,PASS
6,random_fullrange_2,85,00552276bd11a5c6,0055220111020000,0055220111020000,16321.10,PASS
6,random_fullrange_2,86,005611fce522517b,0056110222010000,0056110222010000,17070.80,PASS
6,random_fullrange_2,87,005722d72e11babc,0057220211020000,0057220211020000,16580.70,PASS
6,random_fullrange_2,88,0058116dcb22bc62,0058110122020000,0058110122020000,16711.40,PASS
6,random_fullrange_2,89,0059229a1e110b0a,0059220211010000,0059220211010000,16931.80,PASS
6,random_fullrange_2,90,005a110100221880,005a110122010000,005a110122010000,16792.20,PASS
6,random_fullrange_2,91,005b22c8431163cf,005b220211010000,005b220211010000,16613.90,PASS
6,random_fullrange_2,92,005c11c0ce225a95,005c110222010000,005c110222010000,16760.50,PASS
6,random_fullrange_2,93,005d22bf03118074,005d220211010000,005d220211010000,16848.50,PASS
6,random_fullrange_2,94,005e1108bd2262ca,005e110122010000,005e110122010000,16767.00,PASS
6,random_fullrange_2,95,005f2229a41190f3,005f220111020000,005f220111020000,16917.50,PASS
6,random_fullrange_2,96,00601121e422bc90,0060110122020000,0060110122020000,16924.10,PASS
6,random_fullrange_2,97,0061227d0e119610,0061220111020000,0061220111020000,16843.80,PASS
6,random_fullrange_2,98,0062111f9222c8b1,0062110122020000,0062110122020000,16815.70,PASS
6,random_fullrange_2,99,0063221d7911e43a,0063220111020000,0063220111020000,17505.90,PASS
7,random_fullrange_3,0,0000225bce118bfe,0000220011000000,0000220011000000,4966.40,PASS
7,random_fullrange_3,1,0001117a5622fab6,0001110022000000,0001110022000000,17134.90,PASS
7,random_fullrange_3,2,000222887b11b13e,0002220011000000,0002220011000000,16584.80,PASS
7,random_fullrange_3,3,000311e30122d73a,0003110022000000,0003110022000000,17051.60,PASS
7,random_fullrange_3,4,000422cb17118054,0004220011000000,0004220011000000,16838.10,PASS
7,random_fullrange_3,5,0005112177227d84,0005110022000000,0005110022000000,17261.60,PASS
7,random_fullrange_3,6,000622a8481132a4,0006220011000000,0006220011000000,16555.20,PASS
7,random_fullrange_3,7,00071146fa22039e,0007110022000000,0007110022000000,16800.10,PASS
7,random_fullrange_3,8,000822080211705b,0008220011000000,0008220011000000,16681.80,PASS
7,random_fullrange_3,9,000911f82f228c19,0009110022000000,0009110022000000,17245.40,PASS
7,random_fullrange_3,10,000a224ca711ee7d,000a220011000000,000a220011000000,16925.80,PASS
7,random_fullrange_3,11,000b11ca73220118,000b110022000000,000b110022000000,16199.20,PASS
7,random_fullrange_3,12,000c22fad411b85c,000c220011000000,000c220011000000,17312.40,PASS
7,random_fullrange_3,13,000d11290422157e,000d110022000000,000d110022000000,16135.80,PASS
7,random_fullrange_3,14,000e226cad1178fa,000e220011000000,000e220011000000,16904.60,PASS
7,random_fullrange_3,15,000f111bbc22a983,000f110022000000,000f110022000000,16869.70,PASS
7,random_fullrange_3,16,001022601e115ab2,0010220111000000,0010220111000000,16848.60,PASS
7,random_fullrange_3,17,001111550f220de6,0011110022010000,0011110022010000,16679.10,PASS
7,random_fullrange_3,18,001222ea8411a70f,0012220211020000,0012220211020000,16849.00,PASS
7,random_fullrange_3,19,001311ba2f2276bf,0013110222020000,0013110222020000,16897.70,PASS
7,random_fullrange_3,20,00142202ec111bbf,0014220111010000,0014220111010000,16755.80,PASS
7,random_fullrange_3,21,00151133aa229011,0015110122020000,0015110122020000,16651.60,PASS
7,random_fullrange_3,22,00162202f611dee3,0016220111020000,0016220111020000,17045.20,PASS
7,random_fullrange_3,23,00171151a4229108,0017110122020000,0017110122020000,16748.10,PASS
7,random_fullrange_3,24,001822676e11a784,0018220211020000,0018220211020000,17054.10,PASS
7,random_fullrange_3,25,001911e4ca22730f,0019110222020000,0019110222020000,16944.30,PASS
7,random_fullrange_3,26,001a22f06d112408,001a220211010000,001a220211010000,16737.10,PASS
7,random_fullrange_3,27,001b110bf9229857,001b110122020000,001b110122020000,17438.40,PASS
7,random_fullrange_3,28,001c22e24c118fb3,001c220211020000,001c220211020000,16576.70,PASS
7,random_fullrange_3,29,001d11683f2206aa,001d110122010000,001d110122010000,16474.40,PASS
7,random_fullrange_3,30,001e22e939115d2b,001e220211010000,001e220211010000,16839.90,PASS
7,random_fullrange_3,31,001f118819227877,001f110222010000,001f110222010000,16933.10,PASS
7,random_fullrange_3,32,00202292d3116c9d,0020220211010000,0020220211010000,16762.10,PASS
7,random_fullrange_3,33,002111876d22e723,0021110222020000,0021110222020000,16915.30,PASS
7,random_fullrange_3,34,0022221c0711aaa7,0022220111020000,0022220111020000,16929.40,PASS
7,random_fullrange_3,35,002311d8c9221a21,0023110222010000,0023110222010000,16825.50,PASS
7,random_fullrange_3,36,002422f6c8116cc0,0024220211010000,0024220211010000,16668.90,PASS
7,random_fullrange_3,37,002511128722d2af,0025110122020000,0025110122020000,17724.50,PASS
7,random_fullrange_3,38,0026225afb111005,0026220111010000,0026220111010000,16658.20,PASS
7,random_fullrange_3,39,0027117994229478,0027110222020000,0027110222020000,16491.60,PASS
7,random_fullrange_3,40,002822265211acfa,0028220111020000,0028220111020000,16572.00,PASS
7,random_fullrange_3,41,002911728f22f924,0029110222020000,0029110222020000,16986.60,PASS
7,random_fullrange_3,42,002a22449b11a337,002a220111020000,002a220111020000,16891.20,PASS
7,random_fullrange_3,43,002b112420224206,002b110122010000,002b110122010000,17142.90,PASS
7,random_fullrange_3,44,002c22fdc111c028,002c220211020000,002c220211020000,16398.70,PASS
7,random_fullrange_3,45,002d1156bc2239d6,002d110122010000,002d110122010000,17385.60,PASS
7,random_fullrange_3,46,002e22c5f6114ced,002e220211010000,002e220211010000,16200.40,PASS
7,random_fullrange_3,47,002f1157e8226949,002f110122010000,002f110122010000,16738.40,PASS
7,random_fullrange_3,48,003022adf511afb3,0030220211020000,0030220211020000,16766.40,PASS
7,random_fullrange_3,49,003111c4a9227f41,0031110222010000,0031110222010000,17092.00,PASS
7,random_fullrange_3,50,00322230b21110e8,0032220111010000,0032220111010000,16756.50,PASS
7,random_fullrange_3,51,003311c15a229d10,0033110222020000,0033110222020000,16888.50,PASS
7,random_fullrange_3,52,0034222c98117a6e,0034220111020000,0034220111020000,16606.90,PASS
7,random_fullrange_3,53,0035115ce922489f,0035110122010000,0035110122010000,16986.30,PASS
7,random_fullrange_3,54,0036221d951186b2,0036220111020000,0036220111020000,17178.40,PASS
7,random_fullrange_3,55,003711e8d822f4d4,0037110222020000,0037110222020000,16821.60,PASS
7,random_fullrange_3,56,0038222a8e114804,0038220111010000,0038220111010000,16101.70,PASS
7,random_fullrange_3,57,003911ed842214bc,0039110222010000,0039110222010000,17077.90,PASS
7,random_fullrange_3,58,003a22e8b1114115,003a220211010000,003a220211010000,16646.60,PASS
7,random_fullrange_3,59,003b1153cc22e8af,003b110122020000,003b110122020000,16917.00,PASS
7,random_fullrange_3,60,003c22d926115729,003c220211010000,003c220211010000,16706.30,PASS
7,random_fullrange_3,61,003d110493221301,003d110122010000,003d110122010000,16726.70,PASS
7,random_fullrange_3,62,003e223cbd11b308,003e220111020000,003e220111020000,16824.40,PASS
7,random_fullrange_3,63,003f119c7722006d,003f110222010000,003f110222010000,17166.30,PASS
7,random_fullrange_3,64,004022735811e0a5,0040220211020000,0040220211020000,16759.30,PASS
7,random_fullrange_3,65,0041110853224dc3,0041110122010000,0041110122010000,16781.20,PASS
7,random_fullrange_3,66,0042220090114bec,0042220111010000,0042220111010000,16678.60,PASS
7,random_fullrange_3,67,0043118da622546c,0043110222010000,0043110222010000,17049.70,PASS
7,random_fullrange_3,68,004422ccc811917b,0044220211020000,0044220211020000,16620.90,PASS
7,random_fullrange_3,69,004511004f22a90c,0045110122020000,0045110122020000,16953.60,PASS
7,random_fullrange_3,70,004622295c11762e,0046220111020000,0046220111020000,16749.50,PASS
7,random_fullrange_3,71,004711e69d223459,0047110222010000,0047110222010000,17053.50,PASS
7,random_fullrange_3,72,00482239d211e1db,0048220111020000,0048220111020000,16654.10,PASS
7,random_fullrange_3,73,004911c00e228f59,0049110222020000,0049110222020000,16913.00,PASS
7,random_fullrange_3,74,004a22381811d9ab,004a220111020000,004a220111020000,17241.80,PASS
7,random_fullrange_3,75,004b11b6aa22b996,004b110222020000,004b110222020000,16903.80,PASS
7,random_fullrange_3,76,004c22563211a255,004c220211020000,004c220211020000,16185.00,PASS
7,random_fullrange_3,77,004d11c41822e81c,004d110222020000,004d110222020000,16931.40,PASS
7,random_fullrange_3,78,004e22715b110782,004e220211010000,004e220211010000,16532.80,PASS
7,random_fullrange_3,79,004f11d6ec22b25e,004f110222020000,004f110222020000,16966.70,PASS
7,random_fullrange_3,80,005022bb7f11a5e1,0050220211020000,0050220211020000,17430.30,PASS
7,random_fullrange_3,81,0051111b9c225616,0051110122010000,0051110122010000,16489.10,PASS
7,random_fullrange_3,82,005222726a11d434,0052220111020000,0052220111020000,16494.10,PASS
7,random_fullrange_3,83,005311106022fb64,0053110122020000,0053110122020000,16664.90,PASS
7,random_fullrange_3,84,005422f43611a86f,0054220211020000,0054220211020000,16850.90,PASS
7,random_fullrange_3,85,005511184122c55f,0055110122020000,0055110122020000,16845.30,PASS
7,random_fullrange_3,86,005622e3b7113287,0056220211010000,0056220211010000,16974.30,PASS
7,random_fullrange_3,87,0057111f6d22a237,0057110122020000,0057110122020000,16805.50,PASS
7,random_fullrange_3,88,005822c02011f308,0058220211020000,0058220211020000,16911.90,PASS
7,random_fullrange_3,89,00591158c922a4bb,0059110122010000,0059110122010000,16707.20,PASS
7,random_fullrange_3,90,005a22f4651138d5,005a220211010000,005a220211010000,16735.60,PASS
7,random_fullrange_3,91,005b11d61f22a3d0,005b110222010000,005b110222010000,17062.90,PASS
7,random_fullrange_3,92,005c2233dd11b7ed,005c220111020000,005c220111020000,16902.60,PASS
7,random_fullrange_3,93,005d11528c2217d4,005d110122010000,005d110122010000,16830.50,PASS
7,random_fullrange_3,94,005e22becb11c8eb,005e220211020000,005e220211020000,17165.50,PASS
7,random_fullrange_3,95,005f11c861223e7b,005f110222010000,005f110222010000,16453.40,PASS
7,random_fullrange_3,96,0060225ced114e4e,0060220111010000,0060220111010000,16683.20,PASS
7,random_fullrange_3,97,006111119d22abad,0061110122020000,0061110122020000,16933.10,PASS
7,random_fullrange_3,98,0062229738116b7e,0062220111010000,0062220111010000,16883.90,PASS
7,random_fullrange_3,99,006311e64f227553,0063110222010000,0063110222010000,16941.00,PASS
8,random_fullrange_4,0,00001144a722f0e5,0000110022000000,0000110022000000,11157.00,PASS
8,random_fullrange_4,1,000122623511ba76,0001220011000000,0001220011000000,16293.80,PASS
8,random_fullrange_4,2,000211f2b0227a18,0002110022000000,0002110022000000,16746.70,PASS
8,random_fullrange_4,3,000322df261162f7,0003220011000000,0003220011000000,17012.90,PASS
8,random_fullrange_4,4,000411c2b522b19c,0004110022000000,0004110022000000,16710.10,PASS
8,random_fullrange_4,5,000522f2c3110fbb,0005220011000000,0005220011000000,16889.30,PASS
8,random_fullrange_4,6,0006112d092244e4,0006110022000000,0006110022000000,16763.40,PASS
8,random_fullrange_4,7,000722f7291187d3,0007220011000000,0007220011000000,16591.70,PASS
8,random_fullrange_4,8,000811b0f722069b,0008110022000000,0008110022000000,17009.30,PASS
8,random_fullrange_4,9,0009228335116213,0009220011000000,0009220011000000,16708.10,PASS
8,random_fullrange_4,10,000a11122b222a96,000a110022000000,000a110022000000,16892.10,PASS
8,random_fullrange_4,11,000b2203c511f491,000b220011000000,000b220011000000,16690.00,PASS
8,random_fullrange_4,12,000c115d0a2248d9,000c110022000000,000c110022000000,16981.80,PASS
8,random_fullrange_4,13,000d22d7f0113d10,000d220011000000,000d220011000000,16589.00,PASS
8,random_fullrange_4,14,000e117db522d2af,000e110022000000,000e110022000000,16859.70,PASS
8,random_fullrange_4,15,000f22d32211454f,000f220011000000,000f220011000000,16901.70,PASS
8,random_fullrange_4,16,001011f7ec221345,0010110222010000,0010110222010000,16963.10,PASS
8,random_fullrange_4,17,0011220a7711cb79,0011220111020000,0011220111020000,16906.30,PASS
8,random_fullrange_4,18,0012115091229484,0012110122020000,0012110122020000,16984.20,PASS
8,random_fullrange_4,19,001322d1f01174fd,0013220211010000,0013220211010000,16913.80,PASS
8,random_fullrange_4,20,001411284b22e799,0014110122020000,0014110122020000,16739.20,PASS
8,random_fullrange_4,21,001522688a11b934,0015220111020000,0015220111020000,16683.70,PASS
8,random_fullrange_4,22,00161161a722d66e,0016110122020000,0016110122020000,17038.20,PASS
8,random_fullrange_4,23,0017229ed411c0ce,0017220211020000,0017220211020000,16989.80,PASS
8,random_fullrange_4,24,001811c83c22f068,0018110222020000,0018110222020000,16550.40,PASS
8,random_fullrange_4,25,0019220a19111d48,0019220111010000,0019220111010000,16746.60,PASS
8,random_fullrange_4,26,001a11594622c0b6,001a110122020000,001a110122020000,16833.90,PASS
8,random_fullrange_4,27,001b22b959112a1f,001b220211010000,001b220211010000,16843.20,PASS
8,random_fullrange_4,28,001c115ff022388f,001c110122010000,001c110122010000,16939.80,PASS
8,random_fullrange_4,29,001d22fd31113ac8,001d220211010000,001d220211010000,16803.20,PASS
8,random_fullrange_4,30,001e117755224c69,001e110222010000,001e110222010000,16913.40,PASS
8,random_fullrange_4,31,001f2285e3116e7d,001f220111010000,001f220111010000,16703.50,PASS
8,random_fullrange_4,32,002011c2a122344d,0020110222010000,0020110222010000,16566.30,PASS
8,random_fullrange_4,33,0021227cec11f49f,0021220111020000,0021220111020000,16834.70,PASS
8,random_fullrange_4,34,00221173c9222711,0022110122010000,0022110122010000,17572.00,PASS
8,random_fullrange_4,35,002322d1b011c8e8,0023220211020000,0023220211020000,16123.30,PASS
8,random_fullrange_4,36,002411b528224b1f,0024110222010000,0024110222010000,17147.10,PASS
8,random_fullrange_4,37,002522031e111419,0025220111010000,0025220111010000,16865.30,PASS
8,random_fullrange_4,38,0026116d2522538a,0026110122010000,0026110122010000,16396.00,PASS
8,random_fullrange_4,39,002722a61a11e5e5,0027220211020000,0027220211020000,16748.20,PASS
8,random_fullrange_4,40,002811ee242209c7,0028110222010000,0028110222010000,16848.60,PASS
8,random_fullrange_4,41,00292272ca11b48f,0029220211020000,0029220211020000,17013.30,PASS
8,random_fullrange_4,42,002a11566f2261ac,002a110122010000,002a110122010000,16559.90,PASS
8,random_fullrange_4,43,002b22f3ee11a155,002b220211020000,002b220211020000,17022.60,PASS
8,random_fullrange_4,44,002c11206f22e16d,002c110122020000,002c110122020000,17236.90,PASS
8,random_fullrange_4,45,002d22f9aa1176b7,002d220211010000,002d220211010000,16225.50,PASS
8,random_fullrange_4,46,002e11f74f229cf0,002e110222020000,002e110222020000,16845.30,PASS
8,random_fullrange_4,47,002f2281e6119110,002f220211010000,002f220211010000,16841.10,PASS
8,random_fullrange_4,48,003011f2dc2296a4,0030110222020000,0030110222020000,16830.10,PASS
8,random_fullrange_4,49,0031221e3c1129b1,0031220111010000,0031220111010000,16843.90,PASS
8,random_fullrange_4,50,003211e05b228bc0,0032110222020000,0032110222020000,16886.50,PASS
8,random_fullrange_4,51,003322ba2311b569,0033220211020000,0033220211020000,16672.80,PASS
8,random_fullrange_4,52,003411c2f422993f,0034110222020000,0034110222020000,16970.20,PASS
8,random_fullrange_4,53,0035220174119698,0035220111010000,0035220111010000,16814.50,PASS
8,random_fullrange_4,54,0036115c1a223c3c,0036110122010000,0036110122010000,17079.80,PASS
8,random_fullrange_4,55,0037227652113bef,0037220111010000,0037220111010000,16824.00,PASS
8,random_fullrange_4,56,003811bca72294a2,0038110222020000,0038110222020000,16878.30,PASS
8,random_fullrange_4,57,00392235ae1134b0,0039220111010000,0039220111010000,16882.40,PASS
8,random_fullrange_4,58,003a11627f22c9d2,003a110122020000,003a110122020000,17457.20,PASS
8,random_fullrange_4,59,003b22ba54110eb5,003b220211010000,003b220211010000,16428.20,PASS
8,random_fullrange_4,60,003c11505822e15a,003c110122020000,003c110122020000,16850.30,PASS
8,random_fullrange_4,61,003d22b516113ac1,003d220211010000,003d220211010000,16645.40,PASS
8,random_fullrange_4,62,003e11451022a479,003e110122020000,003e110122020000,16955.40,PASS
8,random_fullrange_4,63,003f2233af11c3b8,003f220111020000,003f220111020000,16629.60,PASS
8,random_fullrange_4,64,004011b0bf22286f,0040110222010000,0040110222010000,16926.30,PASS
8,random_fullrange_4,65,00412233d711e383,0041220111020000,0041220111020000,16856.90,PASS
8,random_fullrange_4,66,00421123b2228e9f,0042110122020000,0042110122020000,16740.30,PASS
8,random_fullrange_4,67,004322ee6c11746f,0043220211020000,0043220211020000,17047.30,PASS
8,random_fullrange_4,68,004411cbf62202b2,0044110222010000,0044110222010000,15107.80,PASS
8,random_fullrange_4,69,0045222d28118a44,0045220111020000,0045220111020000,16819.00,PASS
8,random_fullrange_4,70,0046113a58220d7b,0046110122010000,0046110122010000,16980.90,PASS
8,random_fullrange_4,71,00472230db11f04b,0047220111020000,0047220111020000,16661.50,PASS
8,random_fullrange_4,72,004811af3b22b4b8,0048110222020000,0048110222020000,16753.80,PASS
8,random_fullrange_4,73,004922d20611ea31,0049220211020000,0049220211020000,16850.80,PASS
8,random_fullrange_4,74,004a1198e92208e2,004a110222010000,004a110222010000,16975.60,PASS
8,random_fullrange_4,75,004b22dca111ba4e,004b220211020000,004b220211020000,17202.70,PASS
8,random_fullrange_4,76,004c11a74d22e4b3,004c110222020000,004c110222020000,16717.90,PASS
8,random_fullrange_4,77,004d22351811839e,004d220111010000,004d220111010000,17032.00,PASS
8,random_fullrange_4,78,004e111d1c225f40,004e110122010000,004e110122010000,16270.00,PASS
8,random_fullrange_4,79,004f22f235117fa5,004f220211010000,004f220211010000,16829.80,PASS
8,random_fullrange_4,80,0050118bbd2270c3,0050110122010000,0050110122010000,16768.20,PASS
8,random_fullrange_4,81,0051226626112531,0051220111010000,0051220111010000,16784.50,PASS
8,random_fullrange_4,82,0052118416222c74,0052110122010000,0052110122010000,16901.80,PASS
8,random_fullrange_4,83,0053228da811d2f4,0053220211020000,0053220211020000,16669.80,PASS
8,random_fullrange_4,84,005411168322e9eb,0054110122020000,0054110122020000,17459.80,PASS
8,random_fullrange_4,85,005522881711d4f4,0055220211020000,0055220211020000,16315.10,PASS
8,random_fullrange_4,86,005611a21a220652,0056110222010000,0056110222010000,16944.30,PASS
8,random_fullrange_4,87,0057227f9f1108ad,0057220111010000,0057220111010000,16904.00,PASS
8,random_fullrange_4,88,005811c66822e0b5,0058110222020000,0058110222020000,16754.10,PASS
8,random_fullrange_4,89,005922b87e112018,0059220211010000,0059220211010000,16950.50,PASS
8,random_fullrange_4,90,005a1157d322f122,005a110122020000,005a110122020000,17139.30,PASS
8,random_fullrange_4,91,005b22ea5611f9b4,005b220211020000,005b220211020000,16735.70,PASS
8,random_fullrange_4,92,005c1137962269ba,005c110122010000,005c110122010000,16839.50,PASS
8,random_fullrange_4,93,005d2237981182ae,005d220111020000,005d220111020000,16936.20,PASS
8,random_fullrange_4,94,005e1134ec22cebe,005e110122020000,005e110122020000,16831.50,PASS
8,random_fullrange_4,95,005f2206d211367f,005f220111010000,005f220111010000,17247.10,PASS
8,random_fullrange_4,96,006011d410224ac0,0060110222010000,0060110222010000,16909.50,PASS
8,random_fullrange_4,97,0061227f6b11f733,0061220111020000,0061220111020000,16488.30,PASS
8,random_fullrange_4,98,0062112e6d2256ff,0062110122010000,0062110122010000,17367.60,PASS
8,random_fullrange_4,99,0063228d3411c2da,0063220211020000,0063220211020000,16358.70,PASS
9,random_fullrange_5,0,000022ed5711b444,0000220011000000,0000220011000000,14198.80,PASS
9,random_fullrange_5,1,00011142282265d8,0001110022000000,0001110022000000,16546.00,PASS
9,random_fullrange_5,2,000222e6351133ef,0002220011000000,0002220011000000,17236.30,PASS
9,random_fullrange_5,3,000311cfd9224476,0003110022000000,0003110022000000,16401.60,PASS
9,random_fullrange_5,4,000422f0d41137d5,0004220011000000,0004220011000000,16801.40,PASS
9,random_fullrange_5,5,0005116bb72235ca,0005110022000000,0005110022000000,16741.70,PASS
9,random_fullrange_5,6,00062235c011d2f6,0006220011000000,0006220011000000,17346.00,PASS
9,random_fullrange_5,7,000711dd5e225092,0007110022000000,0007110022000000,16325.50,PASS
9,random_fullrange_5,8,0008229dcb11133b,0008220011000000,0008220011000000,16753.90,PASS
9,random_fullrange_5,9,000911f70f2200d7,0009110022000000,0009110022000000,17578.40,PASS
9,random_fullrange_5,10,000a2253aa11d858,000a220011000000,000a220011000000,16326.70,PASS
9,random_fullrange_5,11,000b1175b9224a3d,000b110022000000,000b110022000000,16470.70,PASS
9,random_fullrange_5,12,000c2208cc11f9f7,000c220011000000,000c220011000000,17025.50,PASS
9,random_fullrange_5,13,000d115857228d48,000d110022000000,000d110022000000,16746.30,PASS
9,random_fullrange_5,14,000e226461110929,000e220011000000,000e220011000000,16791.30,PASS
9,random_fullrange_5,15,000f11f91e222b97,000f110022000000,000f110022000000,16872.00,PASS
9,random_fullrange_5,16,001022407b1163ed,0010220011010000,0010220011010000,16922.90,PASS
9,random_fullrange_5,17,001111e905221add,0011110222000000,0011110222000000,16821.30,PASS
9,random_fullrange_5,18,001222bc7d115364,0012220211010000,0012220211010000,16964.80,PASS
9,random_fullrange_5,19,0013116e1c2260ca,0013110122020000,0013110122020000,16811.50,PASS
9,random_fullrange_5,20,001422e5c3116098,0014220211010000,0014220211010000,16983.60,PASS
9,random_fullrange_5,21,001511644222152b,0015110122010000,0015110122010000,17343.90,PASS
9,random_fullrange_5,22,0016229b1a11c124,0016220211020000,0016220211020000,16298.00,PASS
9,random_fullrange_5,23,0017113c8922a4a5,0017110122020000,0017110122020000,16842.50,PASS
9,random_fullrange_5,24,0018225ac3115a3a,0018220111010000,0018220111010000,16790.20,PASS
9,random_fullrange_5,25,00191198442230e8,0019110222010000,0019110222010000,16968.10,PASS
9,random_fullrange_5,26,001a22fede1120d3,001a220211010000,001a220211010000,16681.20,PASS
9,random_fullrange_5,27,001b1157772255ea,001b110122010000,001b110122010000,16911.70,PASS
9,random_fullrange_5,28,001c2265a511e720,001c220111020000,001c220111020000,16452.30,PASS
9,random_fullrange_5,29,001d11eb8222c0b4,001d110222020000,001d110222020000,16901.00,PASS
9,random_fullrange_5,30,001e2202c911745d,001e220111010000,001e220111010000,17371.40,PASS
9,random_fullrange_5,31,001f11e00122d766,001f110222020000,001f110222020000,16288.70,PASS
9,random_fullrange_5,32,002022e4391100bb,0020220211010000,0020220211010000,16772.80,PASS
9,random_fullrange_5,33,00211146712247f2,0021110122010000,0021110122010000,16895.20,PASS
9,random_fullrange_5,34,002222edb6117aa3,0022220211020000,0022220211020000,16742.50,PASS
9,random_fullrange_5,35,00231177f222aab4,0023110122020000,0023110122020000,16960.80,PASS
9,random_fullrange_5,36,002422397511e63d,0024220111020000,0024220111020000,16700.80,PASS
9,random_fullrange_5,37,0025110a5f22c9ec,0025110122020000,0025110122020000,16943.80,PASS
9,random_fullrange_5,38,002622b2f3119496,0026220211020000,0026220211020000,16761.00,PASS
9,random_fullrange_5,39,0027113b4e2241d4,0027110122010000,0027110122010000,17302.90,PASS
9,random_fullrange_5,40,002822f669111b4d,0028220211010000,0028220211010000,16606.70,PASS
9,random_fullrange_5,41,002911ca03222ee4,0029110222010000,0029110222010000,16795.50,PASS
9,random_fullrange_5,42,002a2228ea1157d7,002a220111010000,002a220111010000,16737.00,PASS
9,random_fullrange_5,43,002b11788922ee34,002b110122020000,002b110122020000,16730.70,PASS
9,random_fullrange_5,44,002c22c82c11d355,002c220211020000,002c220211020000,16729.50,PASS
9,random_fullrange_5,45,002d11dc9c225055,002d110222010000,002d110222010000,17229.60,PASS
9,random_fullrange_5,46,002e221f0611ebbc,002e220111020000,002e220111020000,17306.90,PASS
9,random_fullrange_5,47,002f116610221d23,002f110122010000,002f110122010000,16315.00,PASS
9,random_fullrange_5,48,0030221b3311110b,0030220111010000,0030220111010000,17165.90,PASS
9,random_fullrange_5,49,003111ab6222d2b0,0031110222020000,0031110222020000,16677.70,PASS
9,random_fullrange_5,50,0032229a5a112b4f,0032220211010000,0032220211010000,17135.70,PASS
9,random_fullrange_5,51,003311546422981c,0033110122020000,0033110122020000,16804.70,PASS
9,random_fullrange_5,52,003422d5c5112b27,0034220211010000,0034220211010000,16331.90,PASS
9,random_fullrange_5,53,003511226e229cff,0035110122020000,0035110122020000,16833.80,PASS
9,random_fullrange_5,54,003622d155110609,0036220211010000,0036220211010000,17255.70,PASS
9,random_fullrange_5,55,0037115e48223ef5,0037110122010000,0037110122010000,16227.50,PASS
9,random_fullrange_5,56,003822bcf811f262,0038220211020000,0038220211020000,16821.20,PASS
9,random_fullrange_5,57,003911c3f522897b,0039110222020000,0039110222020000,17529.40,PASS
9,random_fullrange_5,58,003a222f7a112b28,003a220111010000,003a220111010000,16229.50,PASS
9,random_fullrange_5,59,003b11113322743b,003b110122010000,003b110122010000,17041.40,PASS
9,random_fullrange_5,60,003c22d174113762,003c220211010000,003c220211010000,17077.70,PASS
9,random_fullrange_5,61,003d11100c222447,003d110122010000,003d110122010000,16249.70,PASS
9,random_fullrange_5,62,003e227fa2115a67,003e220111020000,003e220111020000,16720.80,PASS
9,random_fullrange_5,63,003f11fddd22cf98,003f110222020000,003f110222020000,17000.90,PASS
9,random_fullrange_5,64,00402287ef115db8,0040220111020000,0040220111020000,16655.40,PASS
9,random_fullrange_5,65,004111248b22b28b,0041110122020000,0041110122020000,16808.30,PASS
9,random_fullrange_5,66,0042227d3411854b,0042220111020000,0042220111020000,16774.50,PASS
9,random_fullrange_5,67,004311018622e64c,0043110122020000,0043110122020000,16815.80,PASS
9,random_fullrange_5,68,004422b75b113764,0044220211010000,0044220211010000,17115.20,PASS
9,random_fullrange_5,69,004511639a2291de,0045110222010000,0045110222010000,16540.70,PASS
9,random_fullrange_5,70,004622083d113ba7,0046220111010000,0046220111010000,16972.80,PASS
9,random_fullrange_5,71,0047115f3022ae78,0047110222020000,0047110222020000,16939.20,PASS
9,random_fullrange_5,72,0048220a3e118562,0048220111020000,0048220111020000,16571.40,PASS
9,random_fullrange_5,73,0049115753221f78,0049110222010000,0049110222010000,16886.10,PASS
9,random_fullrange_5,74,004a22347e113ee3,004a220111010000,004a220111010000,16616.40,PASS
9,random_fullrange_5,75,004b11eb1122dbc8,004b110222020000,004b110222020000,16804.30,PASS
9,random_fullrange_5,76,004c229f3b11e650,004c220211020000,004c220211020000,16848.70,PASS
9,random_fullrange_5,77,004d1181db22a680,004d110222020000,004d110222020000,16846.60,PASS
9,random_fullrange_5,78,004e229a8911a169,004e220211020000,004e220211020000,17062.60,PASS
9,random_fullrange_5,79,004f11645722862c,004f110122020000,004f110122020000,16819.50,PASS
9,random_fullrange_5,80,00502233b4116b05,0050220111010000,0050220111010000,16681.30,PASS
9,random_fullrange_5,81,00511140ed2215f3,0051110122010000,0051110122010000,16924.40,PASS
9,random_fullrange_5,82,0052224cf4119cc8,0052220111020000,0052220111020000,16840.80,PASS
9,random_fullrange_5,83,0053112c08228953,0053110122020000,0053110122020000,16834.00,PASS
9,random_fullrange_5,84,00542272d911c75e,0054220211020000,0054220211020000,16778.30,PASS
9,random_fullrange_5,85,0055119bd322431f,0055110222010000,0055110222010000,16915.90,PASS
9,random_fullrange_5,86,005622246911a7c8,0056220111020000,0056220111020000,16837.40,PASS
9,random_fullrange_5,87,005711b06e227220,0057110222020000,0057110222020000,16793.60,PASS
9,random_fullrange_5,88,0058228a7111b2f0,0058220211020000,0058220211020000,16777.90,PASS
9,random_fullrange_5,89,005911c19322167c,0059110222010000,0059110222010000,16952.90,PASS
9,random_fullrange_5,90,005a224671113d98,005a220111010000,005a220111010000,17160.30,PASS
9,random_fullrange_5,91,005b119052228737,005b110222020000,005b110222020000,16763.00,PASS
9,random_fullrange_5,92,005c22ee59116712,005c220211010000,005c220211010000,17187.30,PASS
9,random_fullrange_5,93,005d11ff9d22fc7e,005d110222020000,005d110222020000,16522.70,PASS
9,random_fullrange_5,94,005e221ac311a251,005e220111020000,005e220111020000,16632.50,PASS
9,random_fullrange_5,95,005f1198cf22dc6d,005f110222020000,005f110222020000,16473.70,PASS
9,random_fullrange_5,96,006022924c115ad7,0060220211010000,0060220211010000,16986.50,PASS
9,random_fullrange_5,97,0061112575225c0c,0061110122010000,0061110122010000,16665.50,PASS
9,random_fullrange_5,98,006222322711a0c4,0062220111020000,0062220111020000,17550.20,PASS
9,random_fullrange_5,99,0063115b6f22f911,0063110122020000,0063110122020000,16486.90,PASS
10,random_fullrange_6,0,000011104222b72c,0000110022000000,0000110022000000,17033.70,PASS
10,random_fullrange_6,1,000122df86116247,0001220011000000,0001220011000000,17161.40,PASS
10,random_fullrange_6,2,0002116a4e224e51,0002110022000000,0002110022000000,16585.70,PASS
10,random_fullrange_6,3,0003226517118ba4,0003220011000000,0003220011000000,16864.80,PASS
10,random_fullrange_6,4,000411b67522fc8b,0004110022000000,0004110022000000,17315.70,PASS
10,random_fullrange_6,5,000522b7f111ab58,0005220011000000,0005220011000000,16349.80,PASS
10,random_fullrange_6,6,00061157a2222556,0006110022000000,0006110022000000,16783.70,PASS
10,random_fullrange_6,7,000722334911dd7b,0007220011000000,0007220011000000,16765.80,PASS
10,random_fullrange_6,8,0008117d7522694d,0008110022000000,0008110022000000,17232.00,PASS
10,random_fullrange_6,9,000922de981144ed,0009220011000000,0009220011000000,16617.40,PASS
10,random_fullrange_6,10,000a11375b228b35,000a110022000000,000a110022000000,16490.50,PASS
10,random_fullrange_6,11,000b229bd41116cf,000b220011000000,000b220011000000,16889.80,PASS
10,random_fullrange_6,12,000c115b4722eff6,000c110022000000,000c110022000000,16802.30,PASS
10,random_fullrange_6,13,000d225c51119963,000d220011000000,000d220011000000,16817.40,PASS
10,random_fullrange_6,14,000e11a6db22f30e,000e110022000000,000e110022000000,17040.40,PASS
10,random_fullrange_6,15,000f222f36114770,000f220011000000,000f220011000000,16725.50,PASS
10,random_fullrange_6,16,001011070322726f,0010110022000000,0010110022000000,16653.70,PASS
10,random_fullrange_6,17,0011226b5d112116,0011220011000000,0011220011000000,16870.00,PASS
10,random_fullrange_6,18,001211aeac2227ff,0012110222000000,0012110222000000,16889.20,PASS
10,random_fullrange_6,19,0013228df811d3e6,0013220211020000,0013220211020000,16887.50,PASS
10,random_fullrange_6,20,00141179ec22e0e6,0014110222020000,0014110222020000,16594.30,PASS
10,random_fullrange_6,21,001522823611f21c,0015220111020000,0015220111020000,16972.60,PASS
10,random_fullrange_6,22,001611fbf122e6a7,0016110222020000,0016110222020000,16917.60,PASS
10,random_fullrange_6,23,001722d0fa11298f,0017220211010000,0017220211010000,16794.90,PASS
10,random_fullrange_6,24,001811226822bc0c,0018110122020000,0018110122020000,16766.60,PASS
10,random_fullrange_6,25,001922da8411a969,0019220211020000,0019220211020000,16795.70,PASS
10,random_fullrange_6,26,001a115c5a22eb8c,001a110122020000,001a110122020000,16896.10,PASS
10,random_fullrange_6,27,001b22dc1f11e995,001b220211020000,001b220211020000,16776.30,PASS
10,random_fullrange_6,28,001c1170ed221b87,001c110122010000,001c110122010000,16982.30,PASS
10,random_fullrange_6,29,001d22b58411be1e,001d220211020000,001d220211020000,17013.90,PASS
10,random_fullrange_6,30,001e11a703223876,001e110222010000,001e110222010000,16690.90,PASS
10,random_fullrange_6,31,001f227f26114569,001f220111010000,001f220111010000,16581.70,PASS
10,random_fullrange_6,32,00201122ce22f1a8,0020110122020000,0020110122020000,17003.20,PASS
10,random_fullrange_6,33,0021229bbe1199c6,0021220111020000,0021220111020000,17145.80,PASS
10,random_fullrange_6,34,002211eccf22f176,0022110222020000,0022110222020000,16427.70,PASS
10,random_fullrange_6,35,0023220ee711e9f5,0023220111020000,0023220111020000,16582.40,PASS
10,random_fullrange_6,36,0024117fc022b31c,0024110122020000,0024110122020000,16972.80,PASS
10,random_fullrange_6,37,0025223032115679,0025220111010000,0025220111010000,16704.40,PASS
10,random_fullrange_6,38,0026115f4822115b,0026110122010000,0026110122010000,16876.30,PASS
10,random_fullrange_6,39,002722b8a911d772,0027220211020000,0027220211020000,16825.10,PASS
10,random_fullrange_6,40,0028115b2622fe8f,0028110122020000,0028110122020000,16782.00,PASS
10,random_fullrange_6,41,002922decd11b690,0029220211020000,0029220211020000,16967.70,PASS
10,random_fullrange_6,42,002a11cced222bb7,002a110222010000,002a110222010000,16458.40,PASS
10,random_fullrange_6,43,002b2267a2110ba3,002b220111010000,002b220111010000,16870.50,PASS
10,random_fullrange_6,44,002c118cc022f259,002c110222020000,002c110222020000,16687.30,PASS
10,random_fullrange_6,45,002d22413d1136c1,002d220111010000,002d220111010000,16992.60,PASS
10,random_fullrange_6,46,002e11b761220968,002e110222010000,002e110222010000,16661.50,PASS
10,random_fullrange_6,47,002f2299c0116088,002f220211010000,002f220211010000,16953.70,PASS
10,random_fullrange_6,48,0030113c0f2283df,0030110122020000,0030110122020000,16970.30,PASS
10,random_fullrange_6,49,0031223701110f59,0031220111010000,0031220111010000,16835.80,PASS
10,random_fullrange_6,50,0032110df4225f93,0032110122010000,0032110122010000,16853.00,PASS
10,random_fullrange_6,51,003322aa8c1150c7,0033220211010000,0033220211010000,16922.40,PASS
10,random_fullrange_6,52,003411020d22007c,0034110122010000,0034110122010000,16905.90,PASS
10,random_fullrange_6,53,00352209271173e3,0035220111020000,0035220111020000,16806.00,PASS
10,random_fullrange_6,54,00361157ab227fdf,0036110122020000,0036110122020000,16819.70,PASS
10,random_fullrange_6,55,003722696911582f,0037220111010000,0037220111010000,16900.20,PASS
10,random_fullrange_6,56,003811073322bf68,0038110122020000,0038110122020000,16742.90,PASS
10,random_fullrange_6,57,0039221a5a11468b,0039220111010000,0039220111010000,16935.10,PASS
10,random_fullrange_6,58,003a11df292201aa,003a110222010000,003a110222010000,16872.60,PASS
10,random_fullrange_6,59,003b22a3e611953c,003b220211020000,003b220211020000,16976.70,PASS
10,random_fullrange_6,60,003c11df4822a927,003c110222020000,003c110222020000,16646.80,PASS
10,random_fullrange_6,61,003d22e2d911be18,003d220211020000,003d220211020000,16946.60,PASS
10,random_fullrange_6,62,003e11d6dd221dd7,003e110222010000,003e110222010000,16964.90,PASS
10,random_fullrange_6,63,003f22d94511495c,003f220211010000,003f220211010000,16919.70,PASS
10,random_fullrange_6,64,004011051822e21d,0040110122020000,0040110122020000,16646.60,PASS
10,random_fullrange_6,65,004122071d11d614,0041220111020000,0041220111020000,17044.80,PASS
10,random_fullrange_6,66,00421147d3220ae9,0042110122010000,0042110122010000,16566.00,PASS
10,random_fullrange_6,67,00432224fc11b779,0043220111020000,0043220111020000,17047.00,PASS
10,random_fullrange_6,68,0044114a7b22a86b,0044110122020000,0044110122020000,16940.60,PASS
10,random_fullrange_6,69,004522b0bb11959c,0045220211020000,0045220211020000,16353.00,PASS
10,random_fullrange_6,70,0046114df2222673,0046110122010000,0046110122010000,16828.50,PASS
10,random_fullrange_6,71,004722bd72114fed,0047220211010000,0047220211010000,16920.00,PASS
10,random_fullrange_6,72,00481147bd221388,0048110122010000,0048110122010000,16816.40,PASS
10,random_fullrange_6,73,0049223118111d1e,0049220111010000,0049220111010000,17006.20,PASS
10,random_fullrange_6,74,004a11178d22a16f,004a110122020000,004a110122020000,17157.80,PASS
10,random_fullrange_6,75,004b225b711193fd,004b220111020000,004b220111020000,16285.10,PASS
10,random_fullrange_6,76,004c11e59022dd8e,004c110222020000,004c110222020000,16859.60,PASS
10,random_fullrange_6,77,004d223b1311067a,004d220111010000,004d220111010000,16744.10,PASS
10,random_fullrange_6,78,004e11229622c2bf,004e110122020000,004e110122020000,17153.90,PASS
10,random_fullrange_6,79,004f229aeb117ccb,004f220211020000,004f220211020000,16552.00,PASS
10,random_fullrange_6,80,00501196912269aa,0050110222020000,0050110222020000,16946.80,PASS
10,random_fullrange_6,81,005122124411bf74,0051220111020000,0051220111020000,16722.50,PASS
10,random_fullrange_6,82,005211eb042291fd,0052110222020000,0052110222020000,16575.50,PASS
10,random_fullrange_6,83,0053229363117b96,0053220211020000,0053220211020000,16777.00,PASS
10,random_fullrange_6,84,0054114fb6225706,0054110122010000,0054110122010000,16824.30,PASS
10,random_fullrange_6,85,0055220679118c55,0055220111020000,0055220111020000,16787.30,PASS
10,random_fullrange_6,86,005611bbca22118c,0056110222010000,0056110222010000,16899.60,PASS
10,random_fullrange_6,87,0057224d0211af06,0057220111020000,0057220111020000,16791.50,PASS
10,random_fullrange_6,88,00581137e5222ae8,0058110122010000,0058110122010000,17047.30,PASS
10,random_fullrange_6,89,0059223940119957,0059220111020000,0059220111020000,17123.60,PASS
10,random_fullrange_6,90,005a11c92422891a,005a110222020000,005a110222020000,16795.40,PASS
10,random_fullrange_6,91,005b22d9d8113098,005b220211010000,005b220211010000,16946.00,PASS
10,random_fullrange_6,92,005c11394d2236e7,005c110122010000,005c110122010000,16549.60,PASS
10,random_fullrange_6,93,005d22e9bb11c7e2,005d220211020000,005d220211020000,16633.10,PASS
10,random_fullrange_6,94,005e118a3f220b9c,005e110122010000,005e110122010000,16682.00,PASS
10,random_fullrange_6,95,005f22142111e9c3,005f220111020000,005f220111020000,16970.50,PASS
10,random_fullrange_6,96,0060118467228445,0060110122020000,0060110122020000,17000.30,PASS
10,random_fullrange_6,97,006122c714118c4f,0061220211010000,0061220211010000,17045.90,PASS
10,random_fullrange_6,98,00621122892272bc,0062110122020000,0062110122020000,16190.40,PASS
10,random_fullrange_6,99,006322a149116b30,0063220211010000,0063220211010000,16728.40,PASS
11,random_fullrange_7,0,000022e12e1147d4,0000220011000000,0000220011000000,5152.60,PASS
11,random_fullrange_7,1,0001116ea12286a5,0001110022000000,0001110022000000,16928.20,PASS
11,random_fullrange_7,2,00022232e511454a,0002220011000000,0002220011000000,16871.90,PASS
11,random_fullrange_7,3,000311a80c223aa8,0003110022000000,0003110022000000,16962.30,PASS
11,random_fullrange_7,4,000422f7cc11fef9,0004220011000000,0004220011000000,16966.90,PASS
11,random_fullrange_7,5,00051123e4222fa2,0005110022000000,0005110022000000,17033.80,PASS
11,random_fullrange_7,6,000622df2511e9b3,0006220011000000,0006220011000000,16439.80,PASS
11,random_fullrange_7,7,00071186d522c225,0007110022000000,0007110022000000,16884.20,PASS
11,random_fullrange_7,8,00082220a2117799,0008220011000000,0008220011000000,16882.90,PASS
11,random_fullrange_7,9,000911b5d922faca,0009110022000000,0009110022000000,16607.40,PASS
11,random_fullrange_7,10,000a22b7ee119f7c,000a220011000000,000a220011000000,16924.70,PASS
11,random_fullrange_7,11,000b118d5822a3e7,000b110022000000,000b110022000000,16900.40,PASS
11,random_fullrange_7,12,000c229e3f11f2f9,000c220011000000,000c220011000000,16785.70,PASS
11,random_fullrange_7,13,000d11ee9e22d87f,000d110022000000,000d110022000000,16882.30,PASS
11,random_fullrange_7,14,000e22bbab11e643,000e220011000000,000e220011000000,16716.40,PASS
11,random_fullrange_7,15,000f11eddc22f8eb,000f110022000000,000f110022000000,17002.80,PASS
11,random_fullrange_7,16,00102293b011b170,0010220111000000,0010220111000000,16787.70,PASS
11,random_fullrange_7,17,001111a6962209c4,0011110122010000,0011110122010000,17240.00,PASS
11,random_fullrange_7,18,001222a46e11905c,0012220211010000,0012220211010000,16836.00,PASS
11,random_fullrange_7,19,0013112a5d22fb3c,0013110122020000,0013110122020000,16898.00,PASS
11,random_fullrange_7,20,001422d7de11809a,0014220211010000,0014220211010000,17174.90,PASS
11,random_fullrange_7,21,001511f231223e45,0015110222010000,0015110222010000,16781.90,PASS
11,random_fullrange_7,22,00162299ac11ced5,0016220111020000,0016220111020000,16241.20,PASS
11,random_fullrange_7,23,001711c9b722f0e7,0017110222020000,0017110222020000,17196.10,PASS
11,random_fullrange_7,24,001822c93b112eaf,0018220211010000,0018220211010000,16652.30,PASS
11,random_fullrange_7,25,00191135ee22cb95,0019110122020000,0019110122020000,16796.00,PASS
11,random_fullrange_7,26,001a22585b112f26,001a220111010000,001a220111010000,16842.70,PASS
11,random_fullrange_7,27,001b11d4f2227a25,001b110222010000,001b110222010000,16821.60,PASS
11,random_fullrange_7,28,001c22aa60119790,001c220211010000,001c220211010000,17235.70,PASS
11,random_fullrange_7,29,001d1139ce22630a,001d110122010000,001d110122010000,16419.30,PASS
11,random_fullrange_7,30,001e228f0a11ea99,001e220111020000,001e220111020000,16734.20,PASS
11,random_fullrange_7,31,001f11d38422bb71,001f110222020000,001f110222020000,17042.30,PASS
11,random_fullrange_7,32,002022e7ed115b62,0020220211010000,0020220211010000,17134.40,PASS
11,random_fullrange_7,33,0021114e432279cd,0021110122010000,0021110122010000,16523.10,PASS
11,random_fullrange_7,34,002222875811252b,0022220111010000,0022220111010000,16335.20,PASS
11,random_fullrange_7,35,0023116eb322e39d,0023110122020000,0023110122020000,17000.60,PASS
11,random_fullrange_7,36,002422dfac1109cd,0024220211010000,0024220211010000,16912.30,PASS
11,random_fullrange_7,37,002511cde522ab78,0025110222020000,0025110222020000,16706.10,PASS
11,random_fullrange_7,38,002622e12911fc27,0026220211020000,0026220211020000,16766.70,PASS
11,random_fullrange_7,39,002711a074222b61,0027110222010000,0027110222010000,16756.30,PASS
11,random_fullrange_7,40,0028228987118050,0028220111020000,0028220111020000,16933.10,PASS
11,random_fullrange_7,41,0029114d7e222f2d,0029110122010000,0029110122010000,16827.20,PASS
11,random_fullrange_7,42,002a22540711c6e8,002a220111020000,002a220111020000,17244.80,PASS
11,random_fullrange_7,43,002b117ffc222c4b,002b110122010000,002b110122010000,16328.80,PASS
11,random_fullrange_7,44,002c22e503111156,002c220211010000,002c220211010000,17475.70,PASS
11,random_fullrange_7,45,002d114d3b22ec25,002d110122020000,002d110122020000,16273.30,PASS
11,random_fullrange_7,46,002e2235161155b0,002e220111010000,002e220111010000,16866.40,PASS
11,random_fullrange_7,47,002f11beed22ce17,002f110222020000,002f110222020000,17258.60,PASS
11,random_fullrange_7,48,0030220b4d11650d,0030220111010000,0030220111010000,16855.90,PASS
11,random_fullrange_7,49,003111be40228614,0031110222010000,0031110222010000,16410.80,PASS
11,random_fullrange_7,50,00322285d4113931,0032220111010000,0032220111010000,16572.20,PASS
11,random_fullrange_7,51,00331118b4229048,0033110122020000,0033110122020000,16980.90,PASS
11,random_fullrange_7,52,0034220d18116d0a,0034220111010000,0034220111010000,16568.20,PASS
11,random_fullrange_7,53,003511b26a22e814,0035110222020000,0035110222020000,16828.70,PASS
11,random_fullrange_7,54,003622985511ae3f,0036220211020000,0036220211020000,16728.90,PASS
11,random_fullrange_7,55,0037113cda22fe67,0037110122020000,0037110122020000,17076.60,PASS
11,random_fullrange_7,56,0038229a4511c1dd,0038220211020000,0038220211020000,16876.80,PASS
11,random_fullrange_7,57,003911503d22e741,0039110122020000,0039110122020000,16886.70,PASS
11,random_fullrange_7,58,003a22591311b958,003a220111020000,003a220111020000,17047.00,PASS
11,random_fullrange_7,59,003b11cf9b22d70c,003b110222020000,003b110222020000,16720.70,PASS
11,random_fullrange_7,60,003c2257e111b51e,003c220111020000,003c220111020000,17049.40,PASS
11,random_fullrange_7,61,003d11b1b622770f,003d110222010000,003d110222010000,16711.00,PASS
11,random_fullrange_7,62,003e226e611104a4,003e220111010000,003e220111010000,16943.50,PASS
11,random_fullrange_7,63,003f119df2226fab,003f110222010000,003f110222010000,16913.20,PASS
11,random_fullrange_7,64,004022c3ef11e3e4,0040220211020000,0040220211020000,16985.20,PASS
11,random_fullrange_7,65,00411112bc22669a,0041110122010000,0041110122010000,16887.80,PASS
11,random_fullrange_7,66,004222788b11a9f7,0042220111020000,0042220111020000,16822.20,PASS
11,random_fullrange_7,67,00431146e0222bf0,0043110122010000,0043110122010000,16957.90,PASS
11,random_fullrange_7,68,004422958e117af4,0044220211010000,0044220211010000,16745.90,PASS
11,random_fullrange_7,69,00451115bd22a0a6,0045110122020000,0045110122020000,16975.90,PASS
11,random_fullrange_7,70,0046223e1d1110b1,0046220111010000,0046220111010000,16836.30,PASS
11,random_fullrange_7,71,004711086622f480,0047110122020000,0047110122020000,16973.00,PASS
11,random_fullrange_7,72,004822b6e21147b5,0048220211010000,0048220211010000,16933.80,PASS
11,random_fullrange_7,73,004911e7c52281f2,0049110222010000,0049110222010000,16725.00,PASS
11,random_fullrange_7,74,004a22af6f11fd3e,004a220211020000,004a220211020000,17068.30,PASS
11,random_fullrange_7,75,004b11610d2241ff,004b110122010000,004b110122010000,16732.60,PASS
11,random_fullrange_7,76,004c2204401197e2,004c220111020000,004c220111020000,16882.40,PASS
11,random_fullrange_7,77,004d11fe49224f73,004d110222010000,004d110222010000,16645.30,PASS
11,random_fullrange_7,78,004e22281f1108d9,004e220111010000,004e220111010000,17075.50,PASS
11,random_fullrange_7,79,004f11d66f221756,004f110222010000,004f110222010000,16899.40,PASS
11,random_fullrange_7,80,005022d0a711aeac,0050220211020000,0050220211020000,16810.40,PASS
11,random_fullrange_7,81,0051110d9d229eb4,0051110122020000,0051110122020000,16996.00,PASS
11,random_fullrange_7,82,0052226b0e11c4f1,0052220111020000,0052220111020000,16875.30,PASS
11,random_fullrange_7,83,0053118b2822a080,0053110222020000,0053110222020000,16956.20,PASS
11,random_fullrange_7,84,00542232f9118673,0054220111020000,0054220111020000,16557.60,PASS
11,random_fullrange_7,85,00551159f8224df0,0055110122010000,0055110122010000,17146.50,PASS
11,random_fullrange_7,86,005622d595112549,0056220211010000,0056220211010000,16794.50,PASS
11,random_fullrange_7,87,005711a44a221cb7,0057110222010000,0057110222010000,16863.10,PASS
11,random_fullrange_7,88,005822f02011f53b,0058220211020000,0058220211020000,16965.40,PASS
11,random_fullrange_7,89,00591178d622cbfc,0059110122020000,0059110122020000,16899.10,PASS
11,random_fullrange_7,90,005a22f315114048,005a220211010000,005a220211010000,16890.30,PASS
11,random_fullrange_7,91,005b11bc1e2209c7,005b110222010000,005b110222010000,16802.40,PASS
11,random_fullrange_7,92,005c226d5f11b82a,005c220111020000,005c220111020000,16847.70,PASS
11,random_fullrange_7,93,005d1105482225aa,005d110122010000,005d110122010000,17016.90,PASS
11,random_fullrange_7,94,005e22aa8f119280,005e220211020000,005e220211020000,16775.20,PASS
11,random_fullrange_7,95,005f1112b9229863,005f110122020000,005f110122020000,16824.30,PASS
11,random_fullrange_7,96,006022a81d11bacb,0060220211020000,0060220211020000,16794.00,PASS
11,random_fullrange_7,97,006111f066229910,0061110222020000,0061110222020000,17133.20,PASS
11,random_fullrange_7,98,0062226c4e11e464,0062220111020000,0062220111020000,16785.50,PASS
11,random_fullrange_7,99,00631138cd22f50f,0063110122020000,0063110122020000,16710.30,PASS
12,random_fullrange_8,0,000011ab4b225045,0000110022000000,0000110022000000,12173.60,PASS
12,random_fullrange_8,1,000122ab8311d443,0001220011000000,0001220011000000,16900.10,PASS
12,random_fullrange_8,2,0002113d9e226f78,0002110022000000,0002110022000000,16474.20,PASS
12,random_fullrange_8,3,0003228b05110ba4,0003220011000000,0003220011000000,16874.30,PASS
12,random_fullrange_8,4,0004115efa22ce6b,0004110022000000,0004110022000000,16949.40,PASS
12,random_fullrange_8,5,000522bf5b11c6d7,0005220011000000,0005220011000000,16901.30,PASS
12,random_fullrange_8,6,000611a9a622fb39,0006110022000000,0006110022000000,17002.60,PASS
12,random_fullrange_8,7,000722f1bb112784,0007220011000000,0007220011000000,16777.60,PASS
12,random_fullrange_8,8,000811a8e9221918,0008110022000000,0008110022000000,16818.30,PASS
12,random_fullrange_8,9,000922ccb3110a9b,0009220011000000,0009220011000000,16967.90,PASS
12,random_fullrange_8,10,000a11876c223cf7,000a110022000000,000a110022000000,16896.00,PASS
12,random_fullrange_8,11,000b22345f1170b2,000b220011000000,000b220011000000,16809.40,PASS
12,random_fullrange_8,12,000c11b5e52244bc,000c110022000000,000c110022000000,16790.00,PASS
12,random_fullrange_8,13,000d22f69a1150b5,000d220011000000,000d220011000000,16947.70,PASS
12,random_fullrange_8,14,000e11ce93229e19,000e110022000000,000e110022000000,16848.30,PASS
12,random_fullrange_8,15,000f22dcfa116786,000f220011000000,000f220011000000,17062.00,PASS
12,random_fullrange_8,16,0010116c752290f4,0010110022010000,0010110022010000,16771.00,PASS
12,random_fullrange_8,17,001122b739116bbd,0011220211000000,0011220211000000,16857.30,PASS
12,random_fullrange_8,18,001211a8ad22fced,0012110222020000,0012110222020000,16887.60,PASS
12,random_fullrange_8,19,001322c86b11dc5a,0013220211020000,0013220211020000,16986.20,PASS
12,random_fullrange_8,20,0014117d1322894d,0014110122010000,0014110122010000,16885.70,PASS
12,random_fullrange_8,21,001522bc1511477d,0015220211010000,0015220211010000,16876.40,PASS
12,random_fullrange_8,22,001611d3b722f8cd,0016110222020000,0016110222020000,16916.70,PASS
12,random_fullrange_8,23,0017229acc11d04e,0017220111020000,0017220111020000,16891.80,PASS
12,random_fullrange_8,24,001811de55229c1e,0018110222010000,0018110222010000,16881.20,PASS
12,random_fullrange_8,25,001922d516113fef,0019220211010000,0019220211010000,16760.70,PASS
12,random_fullrange_8,26,001a113b9a229275,001a110122010000,001a110122010000,16951.70,PASS
12,random_fullrange_8,27,001b22368411bff6,001b220111020000,001b220111020000,16847.20,PASS
12,random_fullrange_8,28,001c118686220ab9,001c110122010000,001c110122010000,16867.40,PASS
12,random_fullrange_8,29,001d22699711fda3,001d220111020000,001d220111020000,16836.70,PASS
12,random_fullrange_8,30,001e11d9d9228455,001e110222010000,001e110222010000,17079.30,PASS
12,random_fullrange_8,31,001f226ef2114685,001f220111010000,001f220111010000,17020.10,PASS
12,random_fullrange_8,32,00201145b222855e,0020110122010000,0020110122010000,16706.40,PASS
12,random_fullrange_8,33,002122a32f119ded,0021220211020000,0021220211020000,16816.60,PASS
12,random_fullrange_8,34,0022114f8f228bda,0022110122010000,0022110122010000,17013.20,PASS
12,random_fullrange_8,35,002322e360110e43,0023220211010000,0023220211010000,16836.10,PASS
12,random_fullrange_8,36,002411a7a722bc2b,0024110222020000,0024110222020000,16811.90,PASS
12,random_fullrange_8,37,00252216cb119d70,0025220111020000,0025220111020000,16769.40,PASS
12,random_fullrange_8,38,002611714c22afce,0026110122020000,0026110122020000,17080.40,PASS
12,random_fullrange_8,39,0027224d69116236,0027220111010000,0027220111010000,16870.80,PASS
12,random_fullrange_8,40,0028116252220143,0028110122010000,0028110122010000,16834.50,PASS
12,random_fullrange_8,41,002922196f11a993,0029220111020000,0029220111020000,16758.20,PASS
12,random_fullrange_8,42,002a111367223008,002a110122010000,002a110122010000,16897.20,PASS
12,random_fullrange_8,43,002b225526117a48,002b220111020000,002b220111020000,17001.90,PASS
12,random_fullrange_8,44,002c111999226a4a,002c110122010000,002c110122010000,16854.10,PASS
12,random_fullrange_8,45,002d22b0aa11e45c,002d220211020000,002d220211020000,16886.00,PASS
12,random_fullrange_8,46,002e11f655222685,002e110222010000,002e110222010000,16856.30,PASS
12,random_fullrange_8,47,002f223517116269,002f220111010000,002f220111010000,16864.60,PASS
12,random_fullrange_8,48,003011c073229bf6,0030110222020000,0030110222020000,16998.10,PASS
12,random_fullrange_8,49,003122fceb11f122,0031220211020000,0031220211020000,16819.10,PASS
12,random_fullrange_8,50,003211ac1f22b126,0032110222020000,0032110222020000,16958.50,PASS
12,random_fullrange_8,51,00332240b111f806,0033220111020000,0033220111020000,16832.20,PASS
12,random_fullrange_8,52,0034114c1d22db92,0034110122020000,0034110122020000,17021.00,PASS
12,random_fullrange_8,53,003522fcb911f791,0035220211020000,0035220211020000,16818.30,PASS
12,random_fullrange_8,54,003611095622b8ba,0036110122020000,0036110122020000,17178.30,PASS
12,random_fullrange_8,55,003722fb4711e438,0037220211020000,0037220211020000,16648.30,PASS
12,random_fullrange_8,56,003811c9ad225158,0038110222010000,0038110222010000,17178.00,PASS
12,random_fullrange_8,57,003922268d11f01e,0039220111020000,0039220111020000,16642.10,PASS
12,random_fullrange_8,58,003a11c7ab224e24,003a110222010000,003a110222010000,16808.00,PASS
12,random_fullrange_8,59,003b22334811dc0b,003b220111020000,003b220111020000,16746.00,PASS
12,random_fullrange_8,60,003c11d0c5221cbc,003c110222010000,003c110222010000,16841.70,PASS
12,random_fullrange_8,61,003d22cf5411019a,003d220211010000,003d220211010000,17003.90,PASS
12,random_fullrange_8,62,003e11da6e225c45,003e110222010000,003e110222010000,16733.60,PASS
12,random_fullrange_8,63,003f22bffe11bc7e,003f220211020000,003f220211020000,16891.80,PASS
12,random_fullrange_8,64,004011fb1622945f,0040110222020000,0040110222020000,16774.00,PASS
12,random_fullrange_8,65,004122a3cc1119e9,0041220211010000,0041220211010000,16923.00,PASS
12,random_fullrange_8,66,0042111cd022b713,0042110122020000,0042110122020000,16538.30,PASS
12,random_fullrange_8,67,004322f586118258,0043220211010000,0043220211010000,16892.30,PASS
12,random_fullrange_8,68,0044110e2322cf80,0044110122020000,0044110122020000,16943.80,PASS
12,random_fullrange_8,69,0045223aaa11dbe6,0045220111020000,0045220111020000,16749.20,PASS
12,random_fullrange_8,70,004611eae222b184,0046110222020000,0046110222020000,17443.60,PASS
12,random_fullrange_8,71,004722bd11115a20,0047220211010000,0047220211010000,16139.20,PASS
12,random_fullrange_8,72,004811afaa229194,0048110222020000,0048110222020000,17065.00,PASS
12,random_fullrange_8,73,004922ecae113a9e,0049220211010000,0049220211010000,16709.30,PASS
12,random_fullrange_8,74,004a1136e622a180,004a110122020000,004a110122020000,17269.20,PASS
12,random_fullrange_8,75,004b226fa111ac0c,004b220111020000,004b220111020000,16192.90,PASS
12,random_fullrange_8,76,004c11152e2237d0,004c110122010000,004c110122010000,16836.40,PASS
12,random_fullrange_8,77,004d22e54e11c8db,004d220211020000,004d220211020000,16925.00,PASS
12,random_fullrange_8,78,004e1133de221fbd,004e110122010000,004e110122010000,16664.00,PASS
12,random_fullrange_8,79,004f226d86119cc4,004f220111020000,004f220111020000,17477.70,PASS
12,random_fullrange_8,80,0050113f6322365d,0050110122010000,0050110122010000,16667.80,PASS
12,random_fullrange_8,81,0051225ed111c899,0051220111020000,0051220111020000,16361.70,PASS
12,random_fullrange_8,82,005211423a2249d6,0052110122010000,0052110122010000,17003.10,PASS
12,random_fullrange_8,83,0053227a391127b1,0053220111010000,0053220111010000,16359.60,PASS
12,random_fullrange_8,84,005411b4a322b743,0054110222020000,0054110222020000,17037.90,PASS
12,random_fullrange_8,85,0055229d5c1149ec,0055220211010000,0055220211010000,16662.90,PASS
12,random_fullrange_8,86,005611f157224047,0056110222010000,0056110222010000,16872.20,PASS
12,random_fullrange_8,87,0057228c8b11d901,0057220211020000,0057220211020000,16916.70,PASS
12,random_fullrange_8,88,005811432d2208d1,0058110122010000,0058110122010000,16748.00,PASS
12,random_fullrange_8,89,005922abc811e8b3,0059220211020000,0059220211020000,16749.80,PASS
12,random_fullrange_8,90,005a11c504227962,005a110222020000,005a110222020000,16993.10,PASS
12,random_fullrange_8,91,005b22252b11f859,005b220111020000,005b220111020000,17399.60,PASS
12,random_fullrange_8,92,005c11add322fe76,005c110222020000,005c110222020000,16813.00,PASS
12,random_fullrange_8,93,005d22f509113b56,005d220211010000,005d220211010000,16054.20,PASS
12,random_fullrange_8,94,005e11dd54221316,005e110222010000,005e110222010000,16962.60,PASS
12,random_fullrange_8,95,005f22548311b0f0,005f220111020000,005f220111020000,16788.90,PASS
12,random_fullrange_8,96,00601102ea22ede2,0060110122020000,0060110122020000,16725.10,PASS
12,random_fullrange_8,97,006122f83611c9dd,0061220211020000,0061220211020000,16779.30,PASS
12,random_fullrange_8,98,00621114b62247e3,0062110122010000,0062110122010000,16915.30,PASS
12,random_fullrange_8,99,0063221a4f11fcdb,0063220111020000,0063220111020000,17185.50,PASS
13,random_fullrange_9,0,000022afa8118743,0000220011000000,0000220011000000,8745.80,PASS
13,random_fullrange_9,1,00011163f0229482,0001110022000000,0001110022000000,16883.10,PASS
13,random_fullrange_9,2,0002227df2116c3c,0002220011000000,0002220011000000,16930.60,PASS
13,random_fullrange_9,3,0003117fbb22db5d,0003110022000000,0003110022000000,16775.50,PASS
13,random_fullrange_9,4,000422e64411ea2f,0004220011000000,0004220011000000,16751.70,PASS
13,random_fullrange_9,5,000511737a227465,0005110022000000,0005110022000000,16882.30,PASS
13,random_fullrange_9,6,0006228ccb112cb2,0006220011000000,0006220011000000,16928.50,PASS
13,random_fullrange_9,7,0007113a9c2270b0,0007110022000000,0007110022000000,16715.60,PASS
13,random_fullrange_9,8,0008221e7e11a193,0008220011000000,0008220011000000,16788.60,PASS
13,random_fullrange_9,9,000911172622dad4,0009110022000000,0009110022000000,17140.10,PASS
13,random_fullrange_9,10,000a22a18d1133fb,000a220011000000,000a220011000000,16832.90,PASS
13,random_fullrange_9,11,000b112546229f94,000b110022000000,000b110022000000,16704.30,PASS
13,random_fullrange_9,12,000c22cc79116a24,000c220011000000,000c220011000000,16900.20,PASS
13,random_fullrange_9,13,000d1146df22e46d,000d110022000000,000d110022000000,17154.50,PASS
13,random_fullrange_9,14,000e22b9c411ee4f,000e220011000000,000e220011000000,16615.00,PASS
13,random_fullrange_9,15,000f11098422e641,000f110022000000,000f110022000000,17492.10,PASS
13,random_fullrange_9,16,001022dd011152fd,0010220011000000,0010220011000000,16149.90,PASS
13,random_fullrange_9,17,001111d1ed22210c,0011110222010000,0011110222010000,17603.50,PASS
13,random_fullrange_9,18,0012224d051104bc,0012220111010000,0012220111010000,16168.00,PASS
13,random_fullrange_9,19,00131127fd22354c,0013110122010000,0013110122010000,16678.00,PASS
13,random_fullrange_9,20,001422e54b11d38a,0014220211020000,0014220211020000,17283.70,PASS
13,random_fullrange_9,21,00151105ea22b3cb,0015110122020000,0015110122020000,17058.40,PASS
13,random_fullrange_9,22,001622fa06111832,0016220211010000,0016220211010000,16015.30,PASS
13,random_fullrange_9,23,0017112b41224fb7,0017110122010000,0017110122010000,17244.20,PASS
13,random_fullrange_9,24,001822a4f41148cb,0018220111010000,0018220111010000,16359.60,PASS
13,random_fullrange_9,25,001911be98220e37,0019110222010000,0019110222010000,16929.50,PASS
13,random_fullrange_9,26,001a221b5911dbc4,001a220111020000,001a220111020000,17556.10,PASS
13,random_fullrange_9,27,001b116a52223b75,001b110222010000,001b110222010000,16637.40,PASS
13,random_fullrange_9,28,001c220406111c4b,001c220111010000,001c220111010000,16655.70,PASS
13,random_fullrange_9,29,001d11b19d22d645,001d110222020000,001d110222020000,16578.40,PASS
13,random_fullrange_9,30,001e22387e110255,001e220111010000,001e220111010000,16656.70,PASS
13,random_fullrange_9,31,001f1168a7229837,001f110222020000,001f110222020000,16974.70,PASS
13,random_fullrange_9,32,002022ed34115da2,0020220211010000,0020220211010000,16741.00,PASS
13,random_fullrange_9,33,0021111fd7222e0e,0021110122010000,0021110122010000,16728.30,PASS
13,random_fullrange_9,34,002222144511e8db,0022220111020000,0022220111020000,17005.90,PASS
13,random_fullrange_9,35,002311fc4d2210dd,0023110222010000,0023110222010000,16697.60,PASS
13,random_fullrange_9,36,002422b2dd1130fe,0024220211010000,0024220211010000,16862.80,PASS
13,random_fullrange_9,37,0025110636223802,0025110122010000,0025110122010000,17034.50,PASS
13,random_fullrange_9,38,0026221ba9118ac2,0026220111020000,0026220111020000,16581.30,PASS
13,random_fullrange_9,39,002711f40a229f2c,0027110222020000,0027110222020000,17295.00,PASS
13,random_fullrange_9,40,002822ce4b114528,0028220211010000,0028220211010000,16408.30,PASS
13,random_fullrange_9,41,00291111ef226869,0029110122020000,0029110122020000,16823.90,PASS
13,random_fullrange_9,42,002a2286eb1129d5,002a220211010000,002a220211010000,16791.90,PASS
13,random_fullrange_9,43,002b11946a22df3f,002b110222020000,002b110222020000,16740.60,PASS
13,random_fullrange_9,44,002c22f33d1163cf,002c220211010000,002c220211010000,16756.70,PASS
13,random_fullrange_9,45,002d114ca422a02f,002d110122020000,002d110122020000,16976.90,PASS
13,random_fullrange_9,46,002e2269be117eba,002e220111020000,002e220111020000,16837.80,PASS
13,random_fullrange_9,47,002f1102f422aa62,002f110122020000,002f110122020000,16863.50,PASS
13,random_fullrange_9,48,003022c8ae114cde,0030220211010000,0030220211010000,16771.30,PASS
13,random_fullrange_9,49,0031114f672229f3,0031110122010000,0031110122010000,16913.30,PASS
13,random_fullrange_9,50,003222b257115c1e,0032220211010000,0032220211010000,17013.80,PASS
13,random_fullrange_9,51,0033116e21225171,0033110222010000,0033110222010000,17216.00,PASS
13,random_fullrange_9,52,003422186e1129e8,0034220111010000,0034220111010000,16492.90,PASS
13,random_fullrange_9,53,0035113e54225f48,0035110122010000,0035110122010000,16895.60,PASS
13,random_fullrange_9,54,0036220e4f110f2e,0036220111010000,0036220111010000,16779.50,PASS
13,random_fullrange_9,55,003711241922147d,0037110122010000,0037110122010000,16541.70,PASS
13,random_fullrange_9,56,0038221e3b11f925,0038220111020000,0038220111020000,17016.30,PASS
13,random_fullrange_9,57,003911304c22b5d0,0039110122020000,0039110122020000,16779.20,PASS
13,random_fullrange_9,58,003a22da67116d19,003a220211020000,003a220211020000,16684.20,PASS
13,random_fullrange_9,59,003b11b9b1228290,003b110222020000,003b110222020000,17012.00,PASS
13,random_fullrange_9,60,003c22b7e6119a8a,003c220211020000,003c220211020000,16872.20,PASS
13,random_fullrange_9,61,003d118837228864,003d110222020000,003d110222020000,16680.30,PASS
13,random_fullrange_9,62,003e22faeb11a54d,003e220211020000,003e220211020000,16887.00,PASS
13,random_fullrange_9,63,003f11c90e227213,003f110222010000,003f110222010000,17157.00,PASS
13,random_fullrange_9,64,0040224c60110177,0040220111010000,0040220111010000,16640.40,PASS
13,random_fullrange_9,65,0041111ca222f0a9,0041110122020000,0041110122020000,16683.80,PASS
13,random_fullrange_9,66,0042222233113edf,0042220111010000,0042220111010000,16777.80,PASS
13,random_fullrange_9,67,00431145d522d64f,0043110122020000,0043110122020000,17138.20,PASS
13,random_fullrange_9,68,004422f93f11b6d6,0044220211020000,0044220211020000,16397.20,PASS
13,random_fullrange_9,69,0045119f50227cb1,0045110222010000,0045110222010000,16919.40,PASS
13,random_fullrange_9,70,0046229eff111040,0046220211010000,0046220211010000,16776.90,PASS
13,random_fullrange_9,71,0047111af622d6f8,0047110122020000,0047110122020000,16830.70,PASS
13,random_fullrange_9,72,0048221d71117941,0048220111020000,0048220111020000,16735.00,PASS
13,random_fullrange_9,73,0049116263226e5f,0049110122010000,0049110122010000,16950.50,PASS
13,random_fullrange_9,74,004a226474113ce2,004a220111010000,004a220111010000,16785.90,PASS
13,random_fullrange_9,75,004b110784228b0b,004b110122010000,004b110122010000,16786.80,PASS
13,random_fullrange_9,76,004c226ad1110b59,004c220111010000,004c220111010000,16880.10,PASS
13,random_fullrange_9,77,004d11decd220c6c,004d110222010000,004d110222010000,16782.60,PASS
13,random_fullrange_9,78,004e222ce6117ff7,004e220111020000,004e220111020000,17360.10,PASS
13,random_fullrange_9,79,004f11568f22d8ab,004f110222020000,004f110222020000,16453.60,PASS
13,random_fullrange_9,80,005022dc6011cff6,0050220211020000,0050220211020000,17261.80,PASS
13,random_fullrange_9,81,00511104b1229a5f,0051110122020000,0051110122020000,17328.80,PASS
13,random_fullrange_9,82,005222c111111de5,0052220211010000,0052220211010000,16457.10,PASS
13,random_fullrange_9,83,005311d072225606,0053110222010000,0053110222010000,16462.00,PASS
13,random_fullrange_9,84,005422f3f311a0ec,0054220211020000,0054220211020000,16751.40,PASS
13,random_fullrange_9,85,005511b732223d20,0055110222010000,0055110222010000,17038.00,PASS
13,random_fullrange_9,86,0056228ad1115da0,0056220211010000,0056220211010000,17422.30,PASS
13,random_fullrange_9,87,005711b581223399,0057110222010000,0057110222010000,16185.90,PASS
13,random_fullrange_9,88,005822c930114a64,0058220211010000,0058220211010000,16943.70,PASS
13,random_fullrange_9,89,005911e3c622e163,0059110222020000,0059110222020000,16955.30,PASS
13,random_fullrange_9,90,005a22c7c911d110,005a220211020000,005a220211020000,16599.00,PASS
13,random_fullrange_9,91,005b1192202265cf,005b110222010000,005b110222010000,16794.20,PASS
13,random_fullrange_9,92,005c2257ca118f9a,005c220111010000,005c220111010000,16951.90,PASS
13,random_fullrange_9,93,005d11036d22e46b,005d110122020000,005d110122020000,16808.30,PASS
13,random_fullrange_9,94,005e22e8431168ce,005e220211010000,005e220211010000,16671.20,PASS
13,random_fullrange_9,95,005f1178f522d7b5,005f110122020000,005f110122020000,17386.40,PASS
13,random_fullrange_9,96,0060224b30118e38,0060220111020000,0060220111020000,16184.00,PASS
13,random_fullrange_9,97,006111722b22fc6a,0061110122020000,0061110122020000,17572.70,PASS
13,random_fullrange_9,98,006222f8a4118c3f,0062220211010000,0062220211010000,16208.40,PASS
13,random_fullrange_9,99,00631112ad2281d7,0063110122010000,0063110122010000,16994.50,PASS
14,random_fullrange_10,0,0000110a762245a6,0000110022000000,0000110022000000,2661.10,PASS
14,random_fullrange_10,1,000122d7ce115195,0001220011000000,0001220011000000,16327.00,PASS
14,random_fullrange_10,2,0002118c6b223458,0002110022000000,0002110022000000,16900.90,PASS
14,random_fullrange_10,3,000322c70c11364d,0003220011000000,0003220011000000,17299.70,PASS
14,random_fullrange_10,4,0004117dc2227224,0004110022000000,0004110022000000,16597.90,PASS
14,random_fullrange_10,5,0005220fa611a077,0005220011000000,0005220011000000,17141.20,PASS
14,random_fullrange_10,6,000611865f225d22,0006110022000000,0006110022000000,16426.00,PASS
14,random_fullrange_10,7,000722a9e1115c8e,0007220011000000,0007220011000000,16696.80,PASS
14,random_fullrange_10,8,0008111d8b224faf,0008110022000000,0008110022000000,16891.50,PASS
14,random_fullrange_10,9,00092277f211e946,0009220011000000,0009220011000000,16435.50,PASS
14,random_fullrange_10,10,000a1155df22e425,000a110022000000,000a110022000000,16836.40,PASS
14,random_fullrange_10,11,000b227cdb11b9f8,000b220011000000,000b220011000000,17452.10,PASS
14,random_fullrange_10,12,000c118cd822161b,000c110022000000,000c110022000000,16390.20,PASS
14,random_fullrange_10,13,000d223dde11ed46,000d220011000000,000d220011000000,16730.50,PASS
14,random_fullrange_10,14,000e11f23022b4ad,000e110022000000,000e110022000000,16605.80,PASS
14,random_fullrange_10,15,000f2287b1117d5c,000f220011000000,000f220011000000,16919.30,PASS
14,random_fullrange_10,16,00101187f9224f10,0010110022010000,0010110022010000,16866.60,PASS
14,random_fullrange_10,17,001122f7e41118bb,0011220211000000,0011220211000000,16739.90,PASS
14,random_fullrange_10,18,00121192b1225240,0012110222010000,0012110222010000,16958.40,PASS
14,random_fullrange_10,19,001322b75c116a80,0013220211010000,0013220211010000,16716.10,PASS
14,random_fullrange_10,20,0014118745222fb3,0014110122010000,0014110122010000,16732.50,PASS
14,random_fullrange_10,21,0015225e631102f2,0015220111010000,0015220111010000,16821.50,PASS
14,random_fullrange_10,22,00161161e322fa4b,0016110122020000,0016110122020000,16959.80,PASS
14,random_fullrange_10,23,001722f4a31179ff,0017220211010000,0017220211010000,17006.70,PASS
14,random_fullrange_10,24,0018116776228be3,0018110122010000,0018110122010000,16749.20,PASS
14,random_fullrange_10,25,001922e711118709,0019220211020000,0019220211020000,16870.50,PASS
14,random_fullrange_10,26,001a11eee3220383,001a110222010000,001a110222010000,16952.60,PASS
14,random_fullrange_10,27,001b22918a11b819,001b220211020000,001b220211020000,16787.00,PASS
14,random_fullrange_10,28,001c11050922b111,001c110122020000,001c110122020000,16767.10,PASS
14,random_fullrange_10,29,001d22ff1711520a,001d220211010000,001d220211010000,17212.50,PASS
14,random_fullrange_10,30,001e11089e22b357,001e110122020000,001e110122020000,16956.90,PASS
14,random_fullrange_10,31,001f22f44411d5e2,001f220211020000,001f220211020000,16425.40,PASS
14,random_fullrange_10,32,00201152462234e1,0020110122010000,0020110122010000,16505.80,PASS
14,random_fullrange_10,33,002122e26a1194a3,0021220211020000,0021220211020000,16888.90,PASS
14,random_fullrange_10,34,0022110aeb229435,0022110122010000,0022110122010000,16694.40,PASS
14,random_fullrange_10,35,002322120611cc7f,0023220111020000,0023220111020000,17202.70,PASS
14,random_fullrange_10,36,00241171fb22da84,0024110222020000,0024110222020000,16357.20,PASS
14,random_fullrange_10,37,002522c1ee117cec,0025220211020000,0025220211020000,16776.50,PASS
14,random_fullrange_10,38,0026111779221603,0026110122010000,0026110122010000,16802.70,PASS
14,random_fullrange_10,39,002722d4f311cc3e,0027220211020000,0027220211020000,16898.60,PASS
14,random_fullrange_10,40,002811ba2f2224be,0028110222010000,0028110222010000,16971.50,PASS
14,random_fullrange_10,41,002922666b11afbb,0029220111020000,0029220111020000,16792.00,PASS
14,random_fullrange_10,42,002a112c172226b2,002a110122010000,002a110122010000,16916.30,PASS
14,random_fullrange_10,43,002b22b3081134a0,002b220211010000,002b220211010000,17077.00,PASS
14,random_fullrange_10,44,002c11f4f1220149,002c110222010000,002c110222010000,17059.30,PASS
14,random_fullrange_10,45,002d228c04118d41,002d220211020000,002d220211020000,16638.60,PASS
14,random_fullrange_10,46,002e114a2a2279c7,002e110122010000,002e110122010000,17259.30,PASS
14,random_fullrange_10,47,002f22036d1155da,002f220111010000,002f220111010000,16194.30,PASS
14,random_fullrange_10,48,003011103122a921,0030110122020000,0030110122020000,16910.50,PASS
14,random_fullrange_10,49,00312242271112d0,0031220111010000,0031220111010000,16747.70,PASS
14,random_fullrange_10,50,003211812e22cad4,0032110222020000,0032110222020000,17077.70,PASS
14,random_fullrange_10,51,00332249c5111c99,0033220111010000,0033220111010000,16640.70,PASS
14,random_fullrange_10,52,0034115fcc2287d9,0034110122020000,0034110122020000,16919.90,PASS
14,random_fullrange_10,53,003522a605114d02,0035220211010000,0035220211010000,16843.40,PASS
14,random_fullrange_10,54,00361171cb22682b,0036110222010000,0036110222010000,17143.40,PASS
14,random_fullrange_10,55,00372238b211b181,0037220111020000,0037220111020000,16839.10,PASS
14,random_fullrange_10,56,003811a08522921e,0038110222020000,0038110222020000,16368.70,PASS
14,random_fullrange_10,57,003922135311b5bf,0039220111020000,0039220111020000,16743.10,PASS
14,random_fullrange_10,58,003a11062722a4a2,003a110122020000,003a110122020000,16774.30,PASS
14,random_fullrange_10,59,003b223f321158a9,003b220111010000,003b220111010000,16838.40,PASS
14,random_fullrange_10,60,003c11c6ed224f01,003c110222010000,003c110222010000,16765.70,PASS
14,random_fullrange_10,61,003d223d521197c4,003d220111020000,003d220111020000,16815.20,PASS
14,random_fullrange_10,62,003e11077b22c0a6,003e110122020000,003e110122020000,16869.70,PASS
14,random_fullrange_10,63,003f22ea9c11e8ed,003f220211020000,003f220211020000,16843.50,PASS
14,random_fullrange_10,64,0040115e402258b5,0040110122010000,0040110122010000,16744.80,PASS
14,random_fullrange_10,65,00412294d61150dd,0041220211010000,0041220211010000,16759.90,PASS
14,random_fullrange_10,66,004211399c226b1c,0042110122010000,0042110122010000,17021.20,PASS
14,random_fullrange_10,67,0043222c0b1164da,0043220111010000,0043220111010000,16725.50,PASS
14,random_fullrange_10,68,004411d9802244f0,0044110222010000,0044110222010000,16575.40,PASS
14,random_fullrange_10,69,004522eed511b2ff,0045220211020000,0045220211020000,16970.40,PASS
14,random_fullrange_10,70,0046118bb02289f6,0046110222020000,0046110222020000,16847.50,PASS
14,random_fullrange_10,71,004722a53411c988,0047220211020000,0047220211020000,16848.10,PASS
14,random_fullrange_10,72,00481118e2222a8f,0048110122010000,0048110122010000,16716.20,PASS
14,random_fullrange_10,73,0049220d77112bcb,0049220111010000,0049220111010000,16937.80,PASS
14,random_fullrange_10,74,004a11a7c0221e42,004a110222010000,004a110222010000,16895.00,PASS
14,random_fullrange_10,75,004b22c94a1117a1,004b220211010000,004b220211010000,16880.20,PASS
14,random_fullrange_10,76,004c11dee322ae1f,004c110222020000,004c110222020000,16862.00,PASS
14,random_fullrange_10,77,004d22bc06114b05,004d220211010000,004d220211010000,17149.30,PASS
14,random_fullrange_10,78,004e11a123220ac8,004e110222010000,004e110222010000,16812.20,PASS
14,random_fullrange_10,79,004f227332111946,004f220211010000,004f220211010000,16785.70,PASS
14,random_fullrange_10,80,0050118d1722fd71,0050110222020000,0050110222020000,17068.40,PASS
14,random_fullrange_10,81,005122a71d11c6ee,0051220211020000,0051220211020000,16927.70,PASS
14,random_fullrange_10,82,0052110c2222fd8f,0052110122020000,0052110122020000,16504.70,PASS
14,random_fullrange_10,83,00532242f11179a6,0053220111010000,0053220111010000,16902.80,PASS
14,random_fullrange_10,84,0054119fc822ba5e,0054110222020000,0054110222020000,16934.20,PASS
14,random_fullrange_10,85,00552269721156e6,0055220111010000,0055220111010000,16815.10,PASS
14,random_fullrange_10,86,00561133d8221d48,0056110122010000,0056110122010000,16752.30,PASS
14,random_fullrange_10,87,0057220dcc11e1e3,0057220111020000,0057220111020000,17084.40,PASS
14,random_fullrange_10,88,0058115b8322a4f3,0058110122020000,0058110122020000,17014.50,PASS
14,random_fullrange_10,89,005922e3e0110139,0059220211010000,0059220211010000,16267.50,PASS
14,random_fullrange_10,90,005a1164f022e900,005a110122020000,005a110122020000,16807.00,PASS
14,random_fullrange_10,91,005b224ebc11ce20,005b220111020000,005b220111020000,16817.50,PASS
14,random_fullrange_10,92,005c11daad224306,005c110222010000,005c110222010000,16594.30,PASS
14,random_fullrange_10,93,005d22c6111169d2,005d220211010000,005d220211010000,17597.20,PASS
14,random_fullrange_10,94,005e1116fb22f435,005e110122020000,005e110122020000,16121.50,PASS
14,random_fullrange_10,95,005f22ff0a117552,005f220211020000,005f220211020000,16937.10,PASS
14,random_fullrange_10,96,006011ec8322f403,0060110222020000,0060110222020000,17114.30,PASS
14,random_fullrange_10,97,006122dba011ba3e,0061220211020000,0061220211020000,16504.10,PASS
14,random_fullrange_10,98,0062110b0b22f8ed,0062110122020000,0062110122020000,16815.40,PASS
14,random_fullrange_10,99,006322131311dba0,0063220111020000,0063220111020000,16768.90,PASS
15,random_fullrange_11,0,0000224a4a11dd48,0000220011000000,0000220011000000,16324.60,PASS
15,random_fullrange_11,1,000111cf9d221437,0001110022000000,0001110022000000,16873.00,PASS
15,random_fullrange_11,2,000222babf119eb8,0002220011000000,0002220011000000,16728.00,PASS
15,random_fullrange_11,3,0003115ffe2279c4,0003110022000000,0003110022000000,16807.50,PASS
15,random_fullrange_11,4,000422767011e85f,0004220011000000,0004220011000000,16808.80,PASS
15,random_fullrange_11,5,000511bd30220b0f,0005110022000000,0005110022000000,16963.40,PASS
15,random_fullrange_11,6,000622d26b11bbd5,0006220011000000,0006220011000000,16708.80,PASS
15,random_fullrange_11,7,0007118b8222f2b7,0007110022000000,0007110022000000,16995.00,PASS
15,random_fullrange_11,8,00082247581192c6,0008220011000000,0008220011000000,16951.30,PASS
15,random_fullrange_11,9,0009112e412297d7,0009110022000000,0009110022000000,16778.30,PASS
15,random_fullrange_11,10,000a22021d11a0ca,000a220011000000,000a220011000000,16885.50,PASS
15,random_fullrange_11,11,000b117d2c226f9c,000b110022000000,000b110022000000,17029.30,PASS
15,random_fullrange_11,12,000c22efa6117660,000c220011000000,000c220011000000,16849.20,PASS
15,random_fullrange_11,13,000d114f6422ce51,000d110022000000,000d110022000000,16639.10,PASS
15,random_fullrange_11,14,000e227f90115663,000e220011000000,000e220011000000,17073.30,PASS
15,random_fullrange_11,15,000f110f9a22a8eb,000f110022000000,000f110022000000,17042.70,PASS
15,random_fullrange_11,16,001022128b116e27,0010220111000000,0010220111000000,16461.20,PASS
15,random_fullrange_11,17,001111904322a6f7,0011110222020000,0011110222020000,16671.50,PASS
15,random_fullrange_11,18,001222573c1143c2,0012220111010000,0012220111010000,17339.90,PASS
15,random_fullrange_11,19,001311514722eb05,0013110122020000,0013110122020000,16392.50,PASS
15,random_fullrange_11,20,001422534211768f,0014220111020000,0014220111020000,16748.00,PASS
15,random_fullrange_11,21,0015114b19220518,0015110122010000,0015110122010000,17398.50,PASS
15,random_fullrange_11,22,0016228e4a119a83,0016220211020000,0016220211020000,16865.80,PASS
15,random_fullrange_11,23,0017112a17227b44,0017110122020000,0017110122020000,16313.80,PASS
15,random_fullrange_11,24,0018228601110edb,0018220211010000,0018220211010000,16617.70,PASS
15,random_fullrange_11,25,001911f47c228402,0019110222020000,0019110222020000,17584.20,PASS
15,random_fullrange_11,26,001a22872511990f,001a220211020000,001a220211020000,16163.50,PASS
15,random_fullrange_11,27,001b11af2822e459,001b110222020000,001b110222020000,16747.80,PASS
15,random_fullrange_11,28,001c2277b211da02,001c220111020000,001c220111020000,16767.30,PASS
15,random_fullrange_11,29,001d114a0422f0a8,001d110122020000,001d110122020000,16943.70,PASS
15,random_fullrange_11,30,001e22b34c117b2f,001e220211020000,001e220211020000,16969.00,PASS
15,random_fullrange_11,31,001f11127c2248ac,001f110122010000,001f110122010000,17002.80,PASS
15,random_fullrange_11,32,00202217f211aedc,0020220111020000,0020220111020000,16736.90,PASS
15,random_fullrange_11,33,002111d8002289fe,0021110222020000,0021110222020000,16825.30,PASS
15,random_fullrange_11,34,002222ffd911983c,0022220211020000,0022220211020000,17475.00,PASS
15,random_fullrange_11,35,002311c05c22b091,0023110222020000,0023110222020000,16438.50,PASS
15,random_fullrange_11,36,0024220d4311b546,0024220111020000,0024220111020000,16771.70,PASS
15,random_fullrange_11,37,0025116a0b22fa9a,0025110122020000,0025110122020000,17197.70,PASS
15,random_fullrange_11,38,002622de8d11052c,0026220211010000,0026220211010000,16836.70,PASS
15,random_fullrange_11,39,002711734922ae62,0027110122020000,0027110122020000,16214.60,PASS
15,random_fullrange_11,40,00282299fe112081,0028220111010000,0028220111010000,16864.60,PASS
15,random_fullrange_11,41,002911efe922a0ce,0029110222020000,0029110222020000,16765.30,PASS
15,random_fullrange_11,42,002a224097117e74,002a220111010000,002a220111010000,16737.70,PASS
15,random_fullrange_11,43,002b11e9a122ef1c,002b110222020000,002b110222020000,16915.10,PASS
15,random_fullrange_11,44,002c229bd5117b52,002c220111010000,002c220111010000,16718.10,PASS
15,random_fullrange_11,45,002d11ca7822a13e,002d110222020000,002d110222020000,17065.70,PASS
15,random_fullrange_11,46,002e22dacc118459,002e220211010000,002e220211010000,16752.70,PASS
15,random_fullrange_11,47,002f11d71f2202aa,002f110222010000,002f110222010000,16987.50,PASS
15,random_fullrange_11,48,003022b27311e8aa,0030220211020000,0030220211020000,16961.70,PASS
15,random_fullrange_11,49,00311142be22a27b,0031110122020000,0031110122020000,16701.30,PASS
15,random_fullrange_11,50,003222ef2b11e750,0032220211020000,0032220211020000,16794.00,PASS
15,random_fullrange_11,51,003311357e229185,0033110122010000,0033110122010000,16986.50,PASS
15,random_fullrange_11,52,0034225ca8119242,0034220111020000,0034220111020000,16762.10,PASS
15,random_fullrange_11,53,00351121f3223505,0035110122010000,0035110122010000,16820.90,PASS
15,random_fullrange_11,54,0036224eb61147e8,0036220111010000,0036220111010000,16919.50,PASS
15,random_fullrange_11,55,003711c6c022b30d,0037110222020000,0037110222020000,17237.70,PASS
15,random_fullrange_11,56,00382259cf117863,0038220111010000,0038220111010000,16367.80,PASS
15,random_fullrange_11,57,003911729d22342a,0039110122010000,0039110122010000,16924.50,PASS
15,random_fullrange_11,58,003a22431d11be9d,003a220111020000,003a220111020000,16747.80,PASS
15,random_fullrange_11,59,003b1183be221a95,003b110122010000,003b110122010000,16987.40,PASS
15,random_fullrange_11,60,003c2296a01100a6,003c220211010000,003c220211010000,16858.10,PASS
15,random_fullrange_11,61,003d115aea22a383,003d110122020000,003d110122020000,17401.40,PASS
15,random_fullrange_11,62,003e229de6113b0b,003e220211010000,003e220211010000,16297.40,PASS
15,random_fullrange_11,63,003f11d29022ba2e,003f110222020000,003f110222020000,16604.50,PASS
15,random_fullrange_11,64,004022f7e611795c,0040220211020000,0040220211020000,17093.90,PASS
15,random_fullrange_11,65,004111927222a32e,0041110222020000,0041110222020000,16687.10,PASS
15,random_fullrange_11,66,004222cd34114c39,0042220211010000,0042220211010000,16674.40,PASS
15,random_fullrange_11,67,0043111e01227690,0043110122010000,0043110122010000,16951.50,PASS
15,random_fullrange_11,68,004422d14411809a,0044220211020000,0044220211020000,16936.10,PASS
15,random_fullrange_11,69,004511309e22bb68,0045110122020000,0045110122020000,16657.20,PASS
15,random_fullrange_11,70,004622001111957f,0046220111020000,0046220111020000,16920.90,PASS
15,random_fullrange_11,71,00471134c8222a72,0047110122010000,0047110122010000,16670.90,PASS
15,random_fullrange_11,72,00482289e311f459,0048220211020000,0048220211020000,17066.40,PASS
15,random_fullrange_11,73,0049111b1e2285ad,0049110122010000,0049110122010000,16823.50,PASS
15,random_fullrange_11,74,004a2226f4116bc4,004a220111020000,004a220111020000,16702.30,PASS
15,random_fullrange_11,75,004b11af2822a627,004b110222020000,004b110222020000,17066.00,PASS
15,random_fullrange_11,76,004c2238e811dfa5,004c220111020000,004c220111020000,16731.60,PASS
15,random_fullrange_11,77,004d1157da2210dc,004d110122010000,004d110122010000,17591.70,PASS
15,random_fullrange_11,78,004e22a4d811e051,004e220211020000,004e220211020000,16506.80,PASS
15,random_fullrange_11,79,004f110ba4227034,004f110122010000,004f110122010000,17185.90,PASS
15,random_fullrange_11,80,005022391e11b83b,0050220111020000,0050220111020000,16051.20,PASS
15,random_fullrange_11,81,005111ef8022866c,0051110222020000,0051110222020000,16910.60,PASS
15,random_fullrange_11,82,005222d3b7118aed,0052220211020000,0052220211020000,16671.20,PASS
15,random_fullrange_11,83,005311d953224dc9,0053110222010000,0053110222010000,16934.80,PASS
15,random_fullrange_11,84,005422fab8117e98,0054220211010000,0054220211010000,17232.50,PASS
15,random_fullrange_11,85,005511a9be221501,0055110222010000,0055110222010000,16239.00,PASS
15,random_fullrange_11,86,005622615a114eb1,0056220111010000,0056220111010000,17321.40,PASS
15,random_fullrange_11,87,005711506e22efdc,0057110122020000,0057110122020000,16483.80,PASS
15,random_fullrange_11,88,005822678311fe01,0058220111020000,0058220111020000,16798.40,PASS
15,random_fullrange_11,89,0059119ec2222eb3,0059110222010000,0059110222010000,17259.20,PASS
15,random_fullrange_11,90,005a22b3441151ff,005a220211010000,005a220211010000,16184.70,PASS
15,random_fullrange_11,91,005b11a2c8222cf2,005b110222010000,005b110222010000,16939.20,PASS
15,random_fullrange_11,92,005c22e02c11ae33,005c220211020000,005c220211020000,16609.90,PASS
15,random_fullrange_11,93,005d11561c22c8ea,005d110122020000,005d110122020000,16888.50,PASS
15,random_fullrange_11,94,005e22b80511c18f,005e220211020000,005e220211020000,16882.80,PASS
15,random_fullrange_11,95,005f11f81b229135,005f110222020000,005f110222020000,16805.70,PASS
15,random_fullrange_11,96,006022783611fbf2,0060220111020000,0060220111020000,17446.00,PASS
15,random_fullrange_11,97,00611172b822d14c,0061110122020000,0061110122020000,16987.70,PASS
15,random_fullrange_11,98,0062224398113b43,0062220111010000,0062220111010000,16480.80,PASS
15,random_fullrange_11,99,006311d286229dba,0063110222020000,0063110222020000,17214.90,PASS
16,random_fullrange_12,0,00001163aa229dd1,0000110022000000,0000110022000000,17219.20,PASS
16,random_fullrange_12,1,000122be0b119d4d,0001220011000000,0001220011000000,16745.90,PASS
16,random_fullrange_12,2,00021178d9222fe0,0002110022000000,0002110022000000,16614.40,PASS
16,random_fullrange_12,3,00032264d0110c27,0003220011000000,0003220011000000,17513.20,PASS
16,random_fullrange_12,4,0004115d36229d06,0004110022000000,0004110022000000,16335.00,PASS
16,random_fullrange_12,5,0005224a3911616b,0005220011000000,0005220011000000,16528.90,PASS
16,random_fullrange_12,6,0006117d8922233d,0006110022000000,0006110022000000,17001.40,PASS
16,random_fullrange_12,7,000722c4b31152b8,0007220011000000,0007220011000000,16860.10,PASS
16,random_fullrange_12,8,00081181e922b5f1,0008110022000000,0008110022000000,16769.90,PASS
16,random_fullrange_12,9,000922e97d11fdf2,0009220011000000,0009220011000000,16807.90,PASS
16,random_fullrange_12,10,000a1127392200f1,000a110022000000,000a110022000000,16764.90,PASS
16,random_fullrange_12,11,000b2201a81109ad,000b220011000000,000b220011000000,16740.10,PASS
16,random_fullrange_12,12,000c119a06223557,000c110022000000,000c110022000000,17578.00,PASS
16,random_fullrange_12,13,000d227099117ee2,000d220011000000,000d220011000000,16214.80,PASS
16,random_fullrange_12,14,000e11d0e322a03f,000e110022000000,000e110022000000,16892.70,PASS
16,random_fullrange_12,15,000f222ce51168f7,000f220011000000,000f220011000000,16797.20,PASS
16,random_fullrange_12,16,001011cb5c226608,0010110222000000,0010110222000000,16941.40,PASS
16,random_fullrange_12,17,0011220fa91116da,0011220011010000,0011220011010000,17041.70,PASS
16,random_fullrange_12,18,00121109852272b7,0012110122020000,0012110122020000,16917.30,PASS
16,random_fullrange_12,19,0013226d3b11c29a,0013220211020000,0013220211020000,16811.60,PASS
16,random_fullrange_12,20,001411ede222a90c,0014110222020000,0014110222020000,16903.10,PASS
16,random_fullrange_12,21,0015223a5b11b3e5,0015220111020000,0015220111020000,16037.50,PASS
16,random_fullrange_12,22,0016111ac022d9a2,0016110122020000,0016110122020000,16955.60,PASS
16,random_fullrange_12,23,00172218f011e517,0017220111020000,0017220111020000,16870.20,PASS
16,random_fullrange_12,24,00181135bf222fd8,0018110122010000,0018110122010000,16623.00,PASS
16,random_fullrange_12,25,001922b28c1177bf,0019220211010000,0019220211010000,17051.40,PASS
16,random_fullrange_12,26,001a11d678220689,001a110222010000,001a110222010000,17208.20,PASS
16,random_fullrange_12,27,001b22d4b511d772,001b220211020000,001b220211020000,16542.60,PASS
16,random_fullrange_12,28,001c11163f22c158,001c110122020000,001c110122020000,16758.90,PASS
16,random_fullrange_12,29,001d22d65911f223,001d220211020000,001d220211020000,16791.60,PASS
16,random_fullrange_12,30,001e1172922258c7,001e110122010000,001e110122010000,16699.70,PASS
16,random_fullrange_12,31,001f224f0c112652,001f220111010000,001f220111010000,16710.50,PASS
16,random_fullrange_12,32,002011a04c229a72,0020110222020000,0020110222020000,16878.00,PASS
16,random_fullrange_12,33,0021223045116e63,0021220111010000,0021220111010000,16873.00,PASS
16,random_fullrange_12,34,002211815122bdb5,0022110122020000,0022110122020000,16851.50,PASS
16,random_fullrange_12,35,002322af0a117d4b,0023220211010000,0023220211010000,16815.20,PASS
16,random_fullrange_12,36,002411bf84222a26,0024110222010000,0024110222010000,16791.70,PASS
16,random_fullrange_12,37,002522405511dc93,0025220111020000,0025220111020000,16933.40,PASS
16,random_fullrange_12,38,00261146f122cb1f,0026110122020000,0026110122020000,16993.20,PASS
16,random_fullrange_12,39,002722c58e11bc88,0027220211020000,0027220211020000,16981.60,PASS
16,random_fullrange_12,40,00281112db222e7d,0028110122010000,0028110122010000,16794.40,PASS
16,random_fullrange_12,41,0029227960117c2f,0029220111010000,0029220111010000,16772.00,PASS
16,random_fullrange_12,42,002a11f83322a050,002a110222020000,002a110222020000,17580.20,PASS
16,random_fullrange_12,43,002b2257af111efe,002b220111010000,002b220111010000,16077.00,PASS
16,random_fullrange_12,44,002c1117952251b2,002c110122010000,002c110122010000,16964.40,PASS
16,random_fullrange_12,45,002d22639d11706a,002d220111010000,002d220111010000,17388.80,PASS
16,random_fullrange_12,46,002e11ac9a228251,002e110222020000,002e110222020000,16244.70,PASS
16,random_fullrange_12,47,002f228e9611e81b,002f220211020000,002f220211020000,16639.80,PASS
16,random_fullrange_12,48,003011c01b226b0e,0030110222010000,0030110222010000,16802.10,PASS
16,random_fullrange_12,49,00312212d11167a0,0031220111010000,0031220111010000,17096.60,PASS
16,random_fullrange_12,50,003211bad5228396,0032110222020000,0032110222020000,16680.10,PASS
16,random_fullrange_12,51,0033220d65115ea8,0033220111010000,0033220111010000,16795.60,PASS
16,random_fullrange_12,52,0034119d5c2282a7,0034110222020000,0034110222020000,16826.40,PASS
16,random_fullrange_12,53,003522072f11d480,0035220111020000,0035220111020000,17012.80,PASS
16,random_fullrange_12,54,0036113d2a226ad5,0036110122020000,0036110122020000,16695.20,PASS
16,random_fullrange_12,55,003722d9d0110e78,0037220211010000,0037220211010000,16578.50,PASS
16,random_fullrange_12,56,00381111c222c10a,0038110122020000,0038110122020000,16920.60,PASS
16,random_fullrange_12,57,003922619811192b,0039220111010000,0039220111010000,16686.60,PASS
16,random_fullrange_12,58,003a114c10229224,003a110122020000,003a110122020000,16906.60,PASS
16,random_fullrange_12,59,003b223d5611ec88,003b220111020000,003b220111020000,16724.90,PASS
16,random_fullrange_12,60,003c118c5522584f,003c110222010000,003c110222010000,16915.10,PASS
16,random_fullrange_12,61,003d2210791117c2,003d220111010000,003d220111010000,16714.50,PASS
16,random_fullrange_12,62,003e115b2e2267b6,003e110122020000,003e110122020000,16878.30,PASS
16,random_fullrange_12,63,003f22326a110e83,003f220111010000,003f220111010000,16895.90,PASS
16,random_fullrange_12,64,0040116d7322db74,0040110222020000,0040110222020000,16728.00,PASS
16,random_fullrange_12,65,0041226e6c11adb2,0041220211020000,0041220211020000,16851.10,PASS
16,random_fullrange_12,66,004211621c22a4df,0042110222020000,0042110222020000,16873.30,PASS
16,random_fullrange_12,67,004322111c110b5e,0043220111010000,0043220111010000,17032.50,PASS
16,random_fullrange_12,68,00441130b922fbc2,0044110122020000,0044110122020000,16922.80,PASS
16,random_fullrange_12,69,004522edd711713a,0045220211020000,0045220211020000,16811.90,PASS
16,random_fullrange_12,70,004611085322b625,0046110122020000,0046110122020000,16971.90,PASS
16,random_fullrange_12,71,0047224c3411c434,0047220111020000,0047220111020000,16705.90,PASS
16,random_fullrange_12,72,004811563a222d1c,0048110122010000,0048110122010000,17024.80,PASS
16,random_fullrange_12,73,0049221b9c11d43b,0049220111020000,0049220111020000,17149.90,PASS
16,random_fullrange_12,74,004a11b9a322d097,004a110222020000,004a110222020000,16289.00,PASS
16,random_fullrange_12,75,004b22c933114598,004b220211010000,004b220211010000,17073.00,PASS
16,random_fullrange_12,76,004c11f536224051,004c110222010000,004c110222010000,16450.80,PASS
16,random_fullrange_12,77,004d22d0f311d113,004d220211020000,004d220211020000,16812.20,PASS
16,random_fullrange_12,78,004e112e9b228bbb,004e110122020000,004e110122020000,16120.70,PASS
16,random_fullrange_12,79,004f222d49114568,004f220111010000,004f220111010000,17077.00,PASS
16,random_fullrange_12,80,005011d369229b1d,0050110222020000,0050110222020000,16546.30,PASS
16,random_fullrange_12,81,00512240f91124e6,0051220111010000,0051220111010000,16613.50,PASS
16,random_fullrange_12,82,00521170b122b69a,0052110122020000,0052110122020000,16897.50,PASS
16,random_fullrange_12,83,00532266e91118aa,0053220111010000,0053220111010000,16966.10,PASS
16,random_fullrange_12,84,005411b977224de3,0054110222010000,0054110222010000,16516.40,PASS
16,random_fullrange_12,85,0055220449113043,0055220111010000,0055220111010000,16960.70,PASS
16,random_fullrange_12,86,0056116c08226801,0056110122010000,0056110122010000,16787.70,PASS
16,random_fullrange_12,87,005722e9e71119b5,0057220211010000,0057220211010000,16995.00,PASS
16,random_fullrange_12,88,005811b21522642d,0058110222010000,0058110222010000,16599.40,PASS
16,random_fullrange_12,89,005922ebc6115498,0059220211010000,0059220211010000,16927.40,PASS
16,random_fullrange_12,90,005a11cb2a22e6af,005a110222020000,005a110222020000,17167.30,PASS
16,random_fullrange_12,91,005b22cd331182ca,005b220211020000,005b220211020000,16499.00,PASS
16,random_fullrange_12,92,005c110245223f5a,005c110122010000,005c110122010000,16688.60,PASS
16,random_fullrange_12,93,005d227055115381,005d220111010000,005d220111010000,16926.40,PASS
16,random_fullrange_12,94,005e11286522d054,005e110122020000,005e110122020000,16919.80,PASS
16,random_fullrange_12,95,005f22ecc0113f6a,005f220211010000,005f220211010000,17135.00,PASS
16,random_fullrange_12,96,006011b6cc220d4f,0060110222010000,0060110222010000,16615.90,PASS
16,random_fullrange_12,97,0061226c8d1146a6,0061220111010000,0061220111010000,16536.20,PASS
16,random_fullrange_12,98,006211a67b22a148,0062110222020000,0062110222020000,16835.90,PASS
16,random_fullrange_12,99,006322dd2f112621,0063220211010000,0063220211010000,16713.90,PASS
17,random_fullrange_13,0,00002287de110c62,0000220011000000,0000220011000000,17912.30,PASS
17,random_fullrange_13,1,0001116e65228dde,0001110022000000,0001110022000000,16864.00,PASS
17,random_fullrange_13,2,0002223dc8119b88,0002220011000000,0002220011000000,16881.50,PASS
17,random_fullrange_13,3,0003110987226205,0003110022000000,0003110022000000,16728.70,PASS
17,random_fullrange_13,4,0004224dd111f1b6,0004220011000000,0004220011000000,16845.00,PASS
17,random_fullrange_13,5,00051148ff2246bb,0005110022000000,0005110022000000,16888.00,PASS
17,random_fullrange_13,6,000622765c1183f0,0006220011000000,0006220011000000,17010.50,PASS
17,random_fullrange_13,7,000711b90b22a31a,0007110022000000,0007110022000000,17196.40,PASS
17,random_fullrange_13,8,00082279bb11442e,0008220011000000,0008220011000000,16465.50,PASS
17,random_fullrange_13,9,000911a8d922eec5,0009110022000000,0009110022000000,16937.40,PASS
17,random_fullrange_13,10,000a226460110def,000a220011000000,000a220011000000,17166.40,PASS
17,random_fullrange_13,11,000b11f27e22cc83,000b110022000000,000b110022000000,15924.50,PASS
17,random_fullrange_13,12,000c22d0911149de,000c220011000000,000c220011000000,16953.50,PASS
17,random_fullrange_13,13,000d111f3522e8e8,000d110022000000,000d110022000000,16832.00,PASS
17,random_fullrange_13,14,000e220dff11b912,000e220011000000,000e220011000000,16856.70,PASS
17,random_fullrange_13,15,000f11ba092221e1,000f110022000000,000f110022000000,16728.10,PASS
17,random_fullrange_13,16,00102229df119354,0010220011000000,0010220011000000,17069.30,PASS
17,random_fullrange_13,17,001111ab0322d63a,0011110022020000,0011110022020000,16754.40,PASS
17,random_fullrange_13,18,0012227060110617,0012220111010000,0012220111010000,17447.90,PASS
17,random_fullrange_13,19,001311a923224dc1,0013110222010000,0013110222010000,16644.70,PASS
17,random_fullrange_13,20,0014221b06112dee,0014220111010000,0014220111010000,16762.30,PASS
17,random_fullrange_13,21,001511f1e622828c,0015110222020000,0015110222020000,16626.40,PASS
17,random_fullrange_13,22,001622966111e34c,0016220211020000,0016220211020000,16788.80,PASS
17,random_fullrange_13,23,0017110f2422bb4b,0017110122020000,0017110122020000,16722.10,PASS
17,random_fullrange_13,24,0018225c5e11d474,0018220111020000,0018220111020000,16968.70,PASS
17,random_fullrange_13,25,001911ae6d22659d,0019110222010000,0019110222010000,16790.40,PASS
17,random_fullrange_13,26,001a22d133112e54,001a220211010000,001a220211010000,16904.90,PASS
17,random_fullrange_13,27,001b118761222751,001b110222010000,001b110222010000,16937.00,PASS
17,random_fullrange_13,28,001c2232ca110228,001c220111010000,001c220111010000,16649.00,PASS
17,random_fullrange_13,29,001d11e82d227c28,001d110222020000,001d110222020000,16643.50,PASS
17,random_fullrange_13,30,001e22496411cf4d,001e220111020000,001e220111020000,16846.80,PASS
17,random_fullrange_13,31,001f11231a22d673,001f110122020000,001f110122020000,16927.30,PASS
17,random_fullrange_13,32,002022291a11c865,0020220111020000,0020220111020000,17074.60,PASS
17,random_fullrange_13,33,0021113f9522a630,0021110122020000,0021110122020000,16499.80,PASS
17,random_fullrange_13,34,002222f14411bb67,0022220211020000,0022220211020000,16892.00,PASS
17,random_fullrange_13,35,002311c8c522c9d0,0023110222020000,0023110222020000,17276.50,PASS
17,random_fullrange_13,36,00242289301191ff,0024220211020000,0024220211020000,16745.90,PASS
17,random_fullrange_13,37,0025115962228af7,0025110122020000,0025110122020000,16709.60,PASS
17,random_fullrange_13,38,002622eed7116ab7,0026220211010000,0026220211010000,16978.70,PASS
17,random_fullrange_13,39,00271166282269a5,0027110122010000,0027110122010000,16790.30,PASS
17,random_fullrange_13,40,002822cbe611e0a9,0028220211020000,0028220211020000,16265.10,PASS
17,random_fullrange_13,41,002911a062227e7c,0029110222010000,0029110222010000,16841.10,PASS
17,random_fullrange_13,42,002a22adb7118c4a,002a220211020000,002a220211020000,17487.90,PASS
17,random_fullrange_13,43,002b11cd92226cec,002b110222010000,002b110222010000,16097.20,PASS
17,random_fullrange_13,44,002c22fde711e621,002c220211020000,002c220211020000,16914.60,PASS
17,random_fullrange_13,45,002d11cee822d341,002d110222020000,002d110222020000,17110.90,PASS
17,random_fullrange_13,46,002e221645118087,002e220111010000,002e220111010000,16713.30,PASS
17,random_fullrange_13,47,002f11ae6b22fa17,002f110222020000,002f110222020000,16532.50,PASS
17,random_fullrange_13,48,003022f9d211088c,0030220211010000,0030220211010000,17427.60,PASS
17,random_fullrange_13,49,003111df53227541,0031110222010000,0031110222010000,16781.40,PASS
17,random_fullrange_13,50,0032224b6b1104fd,0032220111010000,0032220111010000,16388.00,PASS
17,random_fullrange_13,51,0033115a262218d3,0033110122010000,0033110122010000,16941.30,PASS
17,random_fullrange_13,52,003422c4c8116b2f,0034220211010000,0034220211010000,16701.10,PASS
17,random_fullrange_13,53,00351118712255a8,0035110122010000,0035110122010000,16551.70,PASS
17,random_fullrange_13,54,003622acc611c09f,0036220211020000,0036220211020000,16916.10,PASS
17,random_fullrange_13,55,0037113c4322dd9b,0037110122020000,0037110122020000,16877.10,PASS
17,random_fullrange_13,56,003822cd5f11b20c,0038220211020000,0038220211020000,17234.00,PASS
17,random_fullrange_13,57,0039119a1122e45d,0039110222020000,0039110222020000,16848.40,PASS
17,random_fullrange_13,58,003a22cf7911b6b2,003a220211020000,003a220211020000,16487.10,PASS
17,random_fullrange_13,59,003b1154472236cb,003b110122010000,003b110122010000,17030.60,PASS
17,random_fullrange_13,60,003c22e2d311e176,003c220211020000,003c220211020000,16836.20,PASS
17,random_fullrange_13,61,003d11152722c49a,003d110122020000,003d110122020000,16598.10,PASS
17,random_fullrange_13,62,003e222f66116415,003e220111010000,003e220111010000,16823.70,PASS
17,random_fullrange_13,63,003f11169f226eb4,003f110122010000,003f110122010000,16901.90,PASS
17,random_fullrange_13,64,004022475f11b24f,0040220111020000,0040220111020000,16766.50,PASS
17,random_fullrange_13,65,0041114e372244b4,0041110122010000,0041110122010000,16866.90,PASS
17,random_fullrange_13,66,004222641011a795,0042220111020000,0042220111020000,16891.00,PASS
17,random_fullrange_13,67,00431136e322e4e3,0043110122020000,0043110122020000,16654.40,PASS
17,random_fullrange_13,68,004422f3fb11c49f,0044220211020000,0044220211020000,16930.30,PASS
17,random_fullrange_13,69,004511f98e2219d1,0045110222010000,0045110222010000,16750.60,PASS
17,random_fullrange_13,70,0046221ddc11650f,0046220111010000,0046220111010000,16992.20,PASS
17,random_fullrange_13,71,0047113f1d228239,0047110122010000,0047110122010000,16982.50,PASS
17,random_fullrange_13,72,00482208e011a12a,0048220111020000,0048220111020000,17079.90,PASS
17,random_fullrange_13,73,004911b8ab22ab21,0049110222020000,0049110222020000,16547.30,PASS
17,random_fullrange_13,74,004a221b431109a7,004a220111010000,004a220111010000,16878.60,PASS
17,random_fullrange_13,75,004b119bb022ad68,004b110222020000,004b110222020000,17216.00,PASS
17,random_fullrange_13,76,004c22402f11b605,004c220111020000,004c220111020000,16373.90,PASS
17,random_fullrange_13,77,004d11b188229913,004d110222020000,004d110222020000,16758.10,PASS
17,random_fullrange_13,78,004e2226ad11b506,004e220111020000,004e220111020000,16971.60,PASS
17,random_fullrange_13,79,004f11e6632292fe,004f110222020000,004f110222020000,16683.70,PASS
17,random_fullrange_13,80,00502236d8118315,0050220111010000,0050220111010000,16931.90,PASS
17,random_fullrange_13,81,0051119bd42257d3,0051110222010000,0051110222010000,16671.80,PASS
17,random_fullrange_13,82,00522294731151a4,0052220211010000,0052220211010000,16741.10,PASS
17,random_fullrange_13,83,005311e0b922d88b,0053110222020000,0053110222020000,16920.20,PASS
17,random_fullrange_13,84,0054223f96113cd7,0054220111010000,0054220111010000,16795.40,PASS
17,random_fullrange_13,85,0055113f9422cdfe,0055110122020000,0055110122020000,16888.60,PASS
17,random_fullrange_13,86,0056227f81117e6a,0056220211010000,0056220211010000,16924.20,PASS
17,random_fullrange_13,87,0057111b1d2290c3,0057110122020000,0057110122020000,16668.30,PASS
17,random_fullrange_13,88,0058225daf11cf98,0058220111020000,0058220111020000,16956.00,PASS
17,random_fullrange_13,89,005911712b22eca9,0059110122020000,0059110122020000,16964.80,PASS
17,random_fullrange_13,90,005a222adb11a746,005a220111020000,005a220111020000,17024.70,PASS
17,random_fullrange_13,91,005b11a5a2222f40,005b110222010000,005b110222010000,16826.60,PASS
17,random_fullrange_13,92,005c2280b711b82d,005c220211020000,005c220211020000,16861.40,PASS
17,random_fullrange_13,93,005d1181102201a9,005d110122010000,005d110122010000,16734.70,PASS
17,random_fullrange_13,94,005e22490811ec69,005e220111020000,005e220111020000,16916.90,PASS
17,random_fullrange_13,95,005f11da1d22e1ab,005f110222020000,005f110222020000,16840.70,PASS
17,random_fullrange_13,96,006022f43f111ea4,0060220211010000,0060220211010000,17249.90,PASS
17,random_fullrange_13,97,006111afb2222248,0061110222010000,0061110222010000,16384.20,PASS
17,random_fullrange_13,98,006222ca3411b763,0062220211020000,0062220211020000,16953.60,PASS
17,random_fullrange_13,99,006311f0f422118d,0063110222010000,0063110222010000,16476.00,PASS
18,random_fullrange_14,0,000011399422f056,0000110022000000,0000110022000000,17644.10,PASS
18,random_fullrange_14,1,000122f34b118ef9,0001220011000000,0001220011000000,16272.20,PASS
18,random_fullrange_14,2,000211c68b228d4d,0002110022000000,0002110022000000,16678.70,PASS
18,random_fullrange_14,3,0003226eeb114b8c,0003220011000000,0003220011000000,16897.10,PASS
18,random_fullrange_14,4,0004118b09222ca1,0004110022000000,0004110022000000,17237.10,PASS
18,random_fullrange_14,5,0005225dc3110953,0005220011000000,0005220011000000,17137.60,PASS
18,random_fullrange_14,6,000611ec3d228a2a,0006110022000000,0006110022000000,16550.60,PASS
18,random_fullrange_14,7,000722b1be1184d2,0007220011000000,0007220011000000,17100.50,PASS
18,random_fullrange_14,8,000811fce52289b8,0008110022000000,0008110022000000,16448.40,PASS
18,random_fullrange_14,9,000922400b11c64e,0009220011000000,0009220011000000,16822.80,PASS
18,random_fullrange_14,10,000a11880c22a9cb,000a110022000000,000a110022000000,16575.60,PASS
18,random_fullrange_14,11,000b220d54118c7b,000b220011000000,000b220011000000,17296.50,PASS
18,random_fullrange_14,12,000c11b2ae22f187,000c110022000000,000c110022000000,16592.10,PASS
18,random_fullrange_14,13,000d22bf7311d6ea,000d220011000000,000d220011000000,17128.20,PASS
18,random_fullrange_14,14,000e11cf75222f07,000e110022000000,000e110022000000,16761.80,PASS
18,random_fullrange_14,15,000f22e75711f457,000f220011000000,000f220011000000,16306.00,PASS
18,random_fullrange_14,16,001011fed9228365,0010110022010000,0010110022010000,16905.90,PASS
18,random_fullrange_14,17,001122da4e11d361,0011220211000000,0011220211000000,16356.70,PASS
18,random_fullrange_14,18,00121172f1220fb2,0012110122010000,0012110122010000,17165.90,PASS
18,random_fullrange_14,19,00132245f511588c,0013220111010000,0013220111010000,16577.00,PASS
18,random_fullrange_14,20,001411a09322e6ff,0014110122020000,0014110122020000,16693.80,PASS
18,random_fullrange_14,21,001522caed1196b5,0015220211010000,0015220211010000,16826.00,PASS
18,random_fullrange_14,22,0016117114221f51,0016110122010000,0016110122010000,17005.70,PASS
18,random_fullrange_14,23,001722495f116cb2,0017220111010000,0017220111010000,16602.20,PASS
18,random_fullrange_14,24,00181168c9220c7d,0018110122010000,0018110122010000,16884.10,PASS
18,random_fullrange_14,25,001922b5cc117586,0019220211010000,0019220211010000,17168.20,PASS
18,random_fullrange_14,26,001a11a96e226f20,001a110222010000,001a110222010000,16466.70,PASS
18,random_fullrange_14,27,001b221b3011bdf8,001b220111020000,001b220111020000,16858.50,PASS
18,random_fullrange_14,28,001c1123f8229db8,001c110122020000,001c110122020000,16815.90,PASS
18,random_fullrange_14,29,001d22489a11f632,001d220111020000,001d220111020000,16868.80,PASS
18,random_fullrange_14,30,001e1143eb223aac,001e110122010000,001e110122010000,16851.50,PASS
18,random_fullrange_14,31,001f22b5db117cd5,001f220211010000,001f220211010000,16774.30,PASS
18,random_fullrange_14,32,0020113f9c221900,0020110122010000,0020110122010000,16930.60,PASS
18,random_fullrange_14,33,002122ef1c11ad57,0021220211020000,0021220211020000,16829.50,PASS
18,random_fullrange_14,34,002211371d22bd57,0022110122020000,0022110122020000,16743.70,PASS
18,random_fullrange_14,35,0023225f69113c82,0023220111010000,0023220111010000,16996.40,PASS
18,random_fullrange_14,36,002411e0cf2221f8,0024110222010000,0024110222010000,16832.80,PASS
18,random_fullrange_14,37,002522410f1185a4,0025220111020000,0025220111020000,16819.50,PASS
18,random_fullrange_14,38,00261176152250e8,0026110122010000,0026110122010000,16865.60,PASS
18,random_fullrange_14,39,00272243981170df,0027220111010000,0027220111010000,16900.60,PASS
18,random_fullrange_14,40,002811a14c22fb7c,0028110222020000,0028110222020000,16732.70,PASS
18,random_fullrange_14,41,002922319511fe5d,0029220111020000,0029220111020000,17546.60,PASS
18,random_fullrange_14,42,002a1155d522095e,002a110122010000,002a110122010000,16332.60,PASS
18,random_fullrange_14,43,002b22ae8d111b6a,002b220211010000,002b220211010000,16752.40,PASS
18,random_fullrange_14,44,002c111f70223ff1,002c110122010000,002c110122010000,17249.60,PASS
18,random_fullrange_14,45,002d222b8311d8a0,002d220111020000,002d220111020000,17080.30,PASS
18,random_fullrange_14,46,002e1148dd2217e2,002e110122010000,002e110122010000,16453.10,PASS
18,random_fullrange_14,47,002f22f38d11c9f6,002f220211020000,002f220211020000,17079.70,PASS
18,random_fullrange_14,48,003011b9b42240b0,0030110222010000,0030110222010000,16242.00,PASS
18,random_fullrange_14,49,0031224d0b11f23c,0031220111020000,0031220111020000,16808.30,PASS
18,random_fullrange_14,50,003211f2c9226ee4,0032110222020000,0032110222020000,17527.30,PASS
18,random_fullrange_14,51,003322ddf9119ae5,0033220211020000,0033220211020000,16352.80,PASS
18,random_fullrange_14,52,003411fce922a569,0034110222020000,0034110222020000,16619.60,PASS
18,random_fullrange_14,53,0035223ef711ea66,0035220111020000,0035220111020000,16846.80,PASS
18,random_fullrange_14,54,003611bebe229d97,0036110222020000,0036110222020000,16868.30,PASS
18,random_fullrange_14,55,003722578711e57f,0037220111020000,0037220111020000,16652.30,PASS
18,random_fullrange_14,56,0038118a102222aa,0038110122010000,0038110122010000,16958.40,PASS
18,random_fullrange_14,57,0039220e41112117,0039220111010000,0039220111010000,16855.60,PASS
18,random_fullrange_14,58,003a1100842293ad,003a110122020000,003a110122020000,16680.10,PASS
18,random_fullrange_14,59,003b22cbcb114f08,003b220211010000,003b220211010000,16974.50,PASS
18,random_fullrange_14,60,003c119d4a22f55c,003c110122020000,003c110122020000,16848.50,PASS
18,random_fullrange_14,61,003d22b4f3110a06,003d220211010000,003d220211010000,17030.90,PASS
18,random_fullrange_14,62,003e11ab7d2210a2,003e110222010000,003e110222010000,16509.80,PASS
18,random_fullrange_14,63,003f22760411d88c,003f220111020000,003f220111020000,17398.10,PASS
18,random_fullrange_14,64,004011d7e62298fe,0040110222020000,0040110222020000,16383.10,PASS
18,random_fullrange_14,65,004122fa54110ca5,0041220211010000,0041220211010000,17207.60,PASS
18,random_fullrange_14,66,004211e1e422eb81,0042110222020000,0042110222020000,16232.40,PASS
18,random_fullrange_14,67,00432242fa117d53,0043220111010000,0043220111010000,16961.30,PASS
18,random_fullrange_14,68,0044116bc5229860,0044110122020000,0044110122020000,16610.00,PASS
18,random_fullrange_14,69,00452200f611c241,0045220111020000,0045220111020000,16917.50,PASS
18,random_fullrange_14,70,004611b1e022c94e,0046110222020000,0046110222020000,17389.10,PASS
18,random_fullrange_14,71,004722216911df95,0047220111020000,0047220111020000,16205.10,PASS
18,random_fullrange_14,72,004811dab922a1c1,0048110222020000,0048110222020000,17066.20,PASS
18,random_fullrange_14,73,004922024011ea65,0049220111020000,0049220111020000,16741.50,PASS
18,random_fullrange_14,74,004a11923022d3cf,004a110122020000,004a110122020000,16641.20,PASS
18,random_fullrange_14,75,004b226b8e116209,004b220111010000,004b220111010000,16712.60,PASS
18,random_fullrange_14,76,004c11abaf2266d1,004c110222010000,004c110222010000,16894.30,PASS
18,random_fullrange_14,77,004d22ca0c11ca2a,004d220211020000,004d220211020000,16640.50,PASS
18,random_fullrange_14,78,004e1150c02283be,004e110122010000,004e110122010000,16828.10,PASS
18,random_fullrange_14,79,004f2264c2112ab4,004f220111010000,004f220111010000,16883.80,PASS
18,random_fullrange_14,80,0050119f1322be03,0050110222020000,0050110222020000,16796.10,PASS
18,random_fullrange_14,81,005122961311324a,0051220211010000,0051220211010000,16726.40,PASS
18,random_fullrange_14,82,005211fb3f22dd29,0052110222020000,0052110222020000,17553.40,PASS
18,random_fullrange_14,83,005322e5ef11ebdd,0053220211020000,0053220211020000,16011.90,PASS
18,random_fullrange_14,84,00541105fe22ddb0,0054110122020000,0054110122020000,17035.80,PASS
18,random_fullrange_14,85,00552211981184db,0055220111010000,0055220111010000,16846.40,PASS
18,random_fullrange_14,86,00561138df2285a1,0056110122010000,0056110122010000,16718.00,PASS
18,random_fullrange_14,87,005722be1c118ea8,0057220211020000,0057220211020000,17434.70,PASS
18,random_fullrange_14,88,0058113326221416,0058110122010000,0058110122010000,16542.60,PASS
18,random_fullrange_14,89,005922681911941b,0059220111020000,0059220111020000,16397.30,PASS
18,random_fullrange_14,90,005a1129ef22e8c3,005a110122020000,005a110122020000,16676.80,PASS
18,random_fullrange_14,91,005b225df6112f48,005b220111010000,005b220111010000,17188.80,PASS
18,random_fullrange_14,92,005c11463f224ca8,005c110122010000,005c110122010000,16649.60,PASS
18,random_fullrange_14,93,005d22893911d547,005d220111020000,005d220111020000,16767.40,PASS
18,random_fullrange_14,94,005e1178ad22f0f5,005e110222020000,005e110222020000,16820.60,PASS
18,random_fullrange_14,95,005f221550119869,005f220111020000,005f220111020000,16903.00,PASS
18,random_fullrange_14,96,006011842122c5bb,0060110222020000,0060110222020000,16745.90,PASS
18,random_fullrange_14,97,00612298e611e688,0061220211020000,0061220211020000,17105.60,PASS
18,random_fullrange_14,98,006211b2c6223926,0062110222010000,0062110222010000,16526.40,PASS
18,random_fullrange_14,99,006322795d11936a,0063220111020000,0063220111020000,16848.80,PASS
19,random_fullrange_15,0,000022646711ce1e,0000220011000000,0000220011000000,15056.30,PASS
19,random_fullrange_15,1,000111077d228508,0001110022000000,0001110022000000,16828.90,PASS
19,random_fullrange_15,2,00022282a111c85a,0002220011000000,0002220011000000,16708.80,PASS
19,random_fullrange_15,3,000311577e22b9fb,0003110022000000,0003110022000000,16945.90,PASS
19,random_fullrange_15,4,000422263011d2b0,0004220011000000,0004220011000000,16795.60,PASS
19,random_fullrange_15,5,000511bd53223eca,0005110022000000,0005110022000000,16906.40,PASS
19,random_fullrange_15,6,0006224faa11198f,0006220011000000,0006220011000000,16853.30,PASS
19,random_fullrange_15,7,000711b08322ec2f,0007110022000000,0007110022000000,16919.60,PASS
19,random_fullrange_15,8,0008221b5e1149de,0008220011000000,0008220011000000,16920.50,PASS
19,random_fullrange_15,9,0009110ce5222820,0009110022000000,0009110022000000,16741.00,PASS
19,random_fullrange_15,10,000a228a5b11819a,000a220011000000,000a220011000000,17052.90,PASS
19,random_fullrange_15,11,000b11751322e47a,000b110022000000,000b110022000000,16702.40,PASS
19,random_fullrange_15,12,000c2215c9113bab,000c220011000000,000c220011000000,17011.20,PASS
19,random_fullrange_15,13,000d1102b0220924,000d110022000000,000d110022000000,16860.00,PASS
19,random_fullrange_15,14,000e22205111398c,000e220011000000,000e220011000000,16661.10,PASS
19,random_fullrange_15,15,000f11547022dac7,000f110022000000,000f110022000000,16874.30,PASS
19,random_fullrange_15,16,0010228bd511def4,0010220011020000,0010220011020000,17424.70,PASS
19,random_fullrange_15,17,0011111da8222522,0011110122010000,0011110122010000,16131.90,PASS
19,random_fullrange_15,18,00122218811183b7,0012220111020000,0012220111020000,17007.60,PASS
19,random_fullrange_15,19,001311058522089b,0013110122010000,0013110122010000,16516.20,PASS
19,random_fullrange_15,20,00142261e211d328,0014220211020000,0014220211020000,17004.10,PASS
19,random_fullrange_15,21,001511175822fa0f,0015110122020000,0015110122020000,16778.50,PASS
19,random_fullrange_15,22,001622170911591c,0016220111010000,0016220111010000,16646.30,PASS
19,random_fullrange_15,23,0017110cd522f1d9,0017110122020000,0017110122020000,16974.80,PASS
19,random_fullrange_15,24,001822bdec11aa21,0018220211020000,0018220211020000,16907.50,PASS
19,random_fullrange_15,25,001911afd722cbae,0019110222020000,0019110222020000,16770.10,PASS
19,random_fullrange_15,26,001a22d84511324e,001a220211010000,001a220211010000,16458.90,PASS
19,random_fullrange_15,27,001b118d0022ab63,001b110222020000,001b110222020000,16951.40,PASS
19,random_fullrange_15,28,001c224066110958,001c220111010000,001c220111010000,17042.40,PASS
19,random_fullrange_15,29,001d1152782286a6,001d110122020000,001d110122020000,16898.80,PASS
19,random_fullrange_15,30,001e225110118b8b,001e220111020000,001e220111020000,16966.10,PASS
19,random_fullrange_15,31,001f11253a22db80,001f110122020000,001f110122020000,16691.10,PASS
19,random_fullrange_15,32,002022647211d2bf,0020220111020000,0020220111020000,17391.00,PASS
19,random_fullrange_15,33,002111ed1d229df6,0021110222020000,0021110222020000,16652.60,PASS
19,random_fullrange_15,34,002222633a115036,0022220111010000,0022220111010000,16207.50,PASS
19,random_fullrange_15,35,002311382e22e265,0023110122020000,0023110122020000,16854.30,PASS
19,random_fullrange_15,36,0024225d501197fc,0024220111020000,0024220111020000,16772.10,PASS
19,random_fullrange_15,37,002511840222325c,0025110222010000,0025110222010000,16774.10,PASS
19,random_fullrange_15,38,0026229a0611370c,0026220211010000,0026220211010000,16844.50,PASS
19,random_fullrange_15,39,002711b21f22c3c8,0027110222020000,0027110222020000,16986.30,PASS
19,random_fullrange_15,40,0028224a5411d5dc,0028220111020000,0028220111020000,16903.70,PASS
19,random_fullrange_15,41,002911ef8b226d26,0029110222010000,0029110222010000,16867.50,PASS
19,random_fullrange_15,42,002a22ce7a11ba88,002a220211020000,002a220211020000,17025.00,PASS
19,random_fullrange_15,43,002b11bc7522c1e1,002b110222020000,002b110222020000,16785.60,PASS
19,random_fullrange_15,44,002c221c30118cc9,002c220111010000,002c220111010000,16836.60,PASS
19,random_fullrange_15,45,002d11a53d22b3c4,002d110222020000,002d110222020000,16913.60,PASS
19,random_fullrange_15,46,002e226f4311e320,002e220111020000,002e220111020000,16807.40,PASS
19,random_fullrange_15,47,002f11b583222f90,002f110222010000,002f110222010000,17625.90,PASS
19,random_fullrange_15,48,0030221c7d112a12,0030220111010000,0030220111010000,16440.00,PASS
19,random_fullrange_15,49,003111734622439b,0031110122010000,0031110122010000,17473.00,PASS
19,random_fullrange_15,50,003222ada2116ffc,0032220211010000,0032220211010000,16339.00,PASS
19,random_fullrange_15,51,0033111100228910,0033110122020000,0033110122020000,16725.50,PASS
19,random_fullrange_15,52,00342247e411f46a,0034220111020000,0034220111020000,16535.40,PASS
19,random_fullrange_15,53,0035114f88228ca9,0035110122020000,0035110122020000,16872.00,PASS
19,random_fullrange_15,54,0036225a7211a07d,0036220111020000,0036220111020000,17559.10,PASS
19,random_fullrange_15,55,0037112808224092,0037110122010000,0037110122010000,16266.90,PASS
19,random_fullrange_15,56,0038227ed611b43b,0038220211020000,0038220211020000,17231.60,PASS
19,random_fullrange_15,57,003911082d229ab9,0039110122020000,0039110122020000,16553.50,PASS
19,random_fullrange_15,58,003a2243ba1114f4,003a220111010000,003a220111010000,16562.70,PASS
19,random_fullrange_15,59,003b11110b2276eb,003b110122020000,003b110122020000,16796.60,PASS
19,random_fullrange_15,60,003c2255a011d860,003c220111020000,003c220111020000,16804.60,PASS
19,random_fullrange_15,61,003d112af122eee3,003d110122020000,003d110122020000,16836.50,PASS
19,random_fullrange_15,62,003e2227ef11d580,003e220111020000,003e220111020000,16775.20,PASS
19,random_fullrange_15,63,003f119a9322b5ac,003f110222020000,003f110222020000,16858.00,PASS
19,random_fullrange_15,64,0040224860118621,0040220111020000,0040220111020000,16831.40,PASS
19,random_fullrange_15,65,004111e89822216c,0041110222010000,0041110222010000,16821.60,PASS
19,random_fullrange_15,66,004222756511d1e6,0042220211020000,0042220211020000,16959.80,PASS
19,random_fullrange_15,67,004311aac022a6b0,0043110222020000,0043110222020000,16953.10,PASS
19,random_fullrange_15,68,004422013711d49a,0044220111020000,0044220111020000,16980.30,PASS
19,random_fullrange_15,69,0045115d2522577f,0045110122010000,0045110122010000,16872.10,PASS
19,random_fullrange_15,70,004622503e1161f5,0046220111010000,0046220111010000,16787.90,PASS
19,random_fullrange_15,71,00471172102242ea,0047110122010000,0047110122010000,17061.80,PASS
19,random_fullrange_15,72,0048222fee11a2a2,0048220111020000,0048220111020000,17137.90,PASS
19,random_fullrange_15,73,00491130d722d359,0049110122020000,0049110122020000,16192.30,PASS
19,random_fullrange_15,74,004a22bfde115693,004a220211010000,004a220211010000,16730.40,PASS
19,random_fullrange_15,75,004b110a89222199,004b110122010000,004b110122010000,17016.00,PASS
19,random_fullrange_15,76,004c22a9551161e8,004c220211010000,004c220211010000,16663.90,PASS
19,random_fullrange_15,77,004d11178e228bbf,004d110122020000,004d110122020000,16640.50,PASS
19,random_fullrange_15,78,004e223a8611fe0b,004e220111020000,004e220111020000,16975.20,PASS
19,random_fullrange_15,79,004f11579b22962f,004f110122020000,004f110122020000,17431.70,PASS
19,random_fullrange_15,80,00502279501137a3,0050220211010000,0050220211010000,16187.80,PASS
19,random_fullrange_15,81,005111d86422a6a7,0051110222020000,0051110222020000,16810.70,PASS
19,random_fullrange_15,82,00522256e711a2f4,0052220111020000,0052220111020000,16829.50,PASS
19,random_fullrange_15,83,0053119779228a0e,0053110222020000,0053110222020000,17147.00,PASS
19,random_fullrange_15,84,0054224d29114a4c,0054220111010000,0054220111010000,16444.30,PASS
19,random_fullrange_15,85,005511c25f22be22,0055110222020000,0055110222020000,17288.70,PASS
19,random_fullrange_15,86,0056221bcf11d96a,0056220111020000,0056220111020000,16455.20,PASS
19,random_fullrange_15,87,005711f5c4222a4b,0057110222010000,0057110222010000,17383.20,PASS
19,random_fullrange_15,88,0058222a2a11c81c,0058220111020000,0058220111020000,16152.30,PASS
19,random_fullrange_15,89,005911402622ce8a,0059110122020000,0059110122020000,17144.30,PASS
19,random_fullrange_15,90,005a22b00711450c,005a220211010000,005a220211010000,16999.60,PASS
19,random_fullrange_15,91,005b11c43e22ae7e,005b110222020000,005b110222020000,16948.60,PASS
19,random_fullrange_15,92,005c22c174114ea5,005c220211010000,005c220211010000,16513.30,PASS
19,random_fullrange_15,93,005d11ae192229c4,005d110222010000,005d110222010000,16702.20,PASS
19,random_fullrange_15,94,005e22a9c81165a1,005e220211010000,005e220211010000,16792.10,PASS
19,random_fullrange_15,95,005f11c54b22aa85,005f110222020000,005f110222020000,16624.60,PASS
19,random_fullrange_15,96,00602243ca11a559,0060220111020000,0060220111020000,17447.20,PASS
19,random_fullrange_15,97,00611181b52270dc,0061110122010000,0061110122010000,16221.20,PASS
19,random_fullrange_15,98,006222e72311107e,0062220211010000,0062220211010000,16721.40,PASS
19,random_fullrange_15,99,00631189f82225dd,0063110122010000,0063110122010000,16790.50,PASS
