session,name,index,request_hex,expected_hex,actual_hex,latency_us,status
0,constant_max_zero,0,000011ffff220000,0000110022000000,0000110022000000,4020.50,PASS
0,constant_max_zero,1,000122000011ffff,0001220011000000,0001220011000000,16999.60,PASS
0,constant_max_zero,2,000211ffff220000,0002110022000000,0002110022000000,16868.30,PASS
0,constant_max_zero,3,000322000011ffff,0003220011000000,0003220011000000,16765.70,PASS
0,constant_max_zero,4,000411ffff220000,0004110022000000,0004110022000000,17021.80,PASS
0,constant_max_zero,5,000522000011ffff,0005220011000000,0005220011000000,17072.20,PASS
0,constant_max_zero,6,000611ffff220000,0006110022000000,0006110022000000,16686.40,PASS
0,constant_max_zero,7,000722000011ffff,0007220011000000,0007220011000000,16167.00,PASS
0,constant_max_zero,8,000811ffff220000,0008110022000000,0008110022000000,14157.80,PASS
0,constant_max_zero,9,000922000011ffff,0009220011000000,0009220011000000,16888.20,PASS
0,constant_max_zero,10,000a11ffff220000,000a110022000000,000a110022000000,16865.70,PASS
0,constant_max_zero,11,000b22000011ffff,000b220011000000,000b220011000000,17141.30,PASS
0,constant_max_zero,12,000c11ffff220000,000c110022000000,000c110022000000,17098.00,PASS
0,constant_max_zero,13,000d22000011ffff,000d220011000000,000d220011000000,16740.20,PASS
0,constant_max_zero,14,000e11ffff220000,000e110022000000,000e110022000000,16943.60,PASS
0,constant_max_zero,15,000f22000011ffff,000f220011000000,000f220011000000,16238.00,PASS
0,constant_max_zero,16,001011ffff220000,0010110022000000,0010110022000000,17009.00,PASS
0,constant_max_zero,17,001122000011ffff,0011220011000000,0011220011000000,16631.00,PASS
0,constant_max_zero,18,001211ffff220000,0012110022000000,0012110022000000,16672.70,PASS
0,constant_max_zero,19,001322000011ffff,0013220011000000,0013220011000000,16920.00,PASS
0,constant_max_zero,20,001411ffff220000,0014110022000000,0014110022000000,16821.40,PASS
0,constant_max_zero,21,001522000011ffff,0015220011000000,0015220011000000,16754.90,PASS
0,constant_max_zero,22,001611ffff220000,0016110022000000,0016110022000000,16801.60,PASS
0,constant_max_zero,23,001722000011ffff,0017220011000000,0017220011000000,16901.30,PASS
0,constant_max_zero,24,001811ffff220000,0018110022000000,0018110022000000,16779.50,PASS
0,constant_max_zero,25,001922000011ffff,0019220011000000,0019220011000000,17086.30,PASS
0,constant_max_zero,26,001a11ffff220000,001a110022000000,001a110022000000,16795.20,PASS
0,constant_max_zero,27,001b22000011ffff,001b220011000000,001b220011000000,17488.00,PASS
0,constant_max_zero,28,001c11ffff220000,001c110022000000,001c110022000000,16516.30,PASS
0,constant_max_zero,29,001d22000011ffff,001d220011000000,001d220011000000,16558.20,PASS
0,constant_max_zero,30,001e11ffff220000,001e110022000000,001e110022000000,17578.90,PASS
0,constant_max_zero,31,001f22000011ffff,001f220011000000,001f220011000000,16154.30,PASS
0,constant_max_zero,32,002011ffff220000,0020110022000000,0020110022000000,16678.00,PASS
0,constant_max_zero,33,002122000011ffff,0021220011000000,0021220011000000,16916.80,PASS
0,constant_max_zero,34,002211ffff220000,0022110022000000,0022110022000000,17009.60,PASS
0,constant_max_zero,35,002322000011ffff,0023220011000000,0023220011000000,16786.50,PASS
0,constant_max_zero,36,002411ffff220000,0024110022000000,0024110022000000,17507.00,PASS
0,constant_max_zero,37,002522000011ffff,0025220011000000,0025220011000000,16841.10,PASS
0,constant_max_zero,38,002611ffff220000,0026110022000000,0026110022000000,16606.30,PASS
0,constant_max_zero,39,002722000011ffff,0027220011000000,0027220011000000,16497.40,PASS
0,constant_max_zero,40,002811ffff220000,0028110022000000,0028110022000000,16600.00,PASS
0,constant_max_zero,41,002922000011ffff,0029220011000000,0029220011000000,16977.30,PASS
0,constant_max_zero,42,002a11ffff220000,002a110022000000,002a110022000000,17309.30,PASS
0,constant_max_zero,43,002b22000011ffff,002b220011000000,002b220011000000,16825.30,PASS
0,constant_max_zero,44,002c11ffff220000,002c110022000000,002c110022000000,17055.30,PASS
0,constant_max_zero,45,002d22000011ffff,002d220011000000,002d220011000000,16246.20,PASS
0,constant_max_zero,46,002e11ffff220000,002e110022000000,002e110022000000,16589.40,PASS
0,constant_max_zero,47,002f22000011ffff,002f220011000000,002f220011000000,16736.50,PASS
0,constant_max_zero,48,003011ffff220000,0030110022000000,0030110022000000,16874.90,PASS
0,constant_max_zero,49,003122000011ffff,0031220011000000,0031220011000000,17068.40,PASS
0,constant_max_zero,50,003211ffff220000,0032110022000000,0032110022000000,17143.40,PASS
0,constant_max_zero,51,003322000011ffff,0033220011000000,0033220011000000,16479.60,PASS
0,constant_max_zero,52,003411ffff220000,0034110022000000,0034110022000000,16650.30,PASS
0,constant_max_zero,53,003522000011ffff,0035220011000000,0035220011000000,16733.20,PASS
0,constant_max_zero,54,003611ffff220000,0036110022000000,0036110022000000,17424.00,PASS
0,constant_max_zero,55,003722000011ffff,0037220011000000,0037220011000000,16157.40,PASS
0,constant_max_zero,56,003811ffff220000,0038110022000000,0038110022000000,16801.70,PASS
0,constant_max_zero,57,003922000011ffff,0039220011000000,0039220011000000,16821.80,PASS
0,constant_max_zero,58,003a11ffff220000,003a110022000000,003a110022000000,16807.40,PASS
0,constant_max_zero,59,003b22000011ffff,003b220011000000,003b220011000000,16800.90,PASS
0,constant_max_zero,60,003c11ffff220000,003c110022000000,003c110022000000,16734.70,PASS
0,constant_max_zero,61,003d22000011ffff,003d220011000000,003d220011000000,16862.50,PASS
0,constant_max_zero,62,003e11ffff220000,003e110022000000,003e110022000000,16867.10,PASS
0,constant_max_zero,63,003f22000011ffff,003f220011000000,003f220011000000,16883.60,PASS
0,constant_max_zero,64,004011ffff220000,0040110022000000,0040110022000000,17112.20,PASS
0,constant_max_zero,65,004122000011ffff,0041220011000000,0041220011000000,16796.40,PASS
0,constant_max_zero,66,004211ffff220000,0042110022000000,0042110022000000,17454.00,PASS
0,constant_max_zero,67,004322000011ffff,0043220011000000,0043220011000000,16859.70,PASS
0,constant_max_zero,68,004411ffff220000,0044110022000000,0044110022000000,16904.90,PASS
0,constant_max_zero,69,004522000011ffff,0045220011000000,0045220011000000,16273.60,PASS
0,constant_max_zero,70,004611ffff220000,0046110022000000,0046110022000000,17193.50,PASS
0,constant_max_zero,71,004722000011ffff,0047220011000000,0047220011000000,16342.40,PASS
0,constant_max_zero,72,004811ffff220000,0048110022000000,0048110022000000,16779.10,PASS
0,constant_max_zero,73,004922000011ffff,0049220011000000,0049220011000000,16738.60,PASS
0,constant_max_zero,74,004a11ffff220000,004a110022000000,004a110022000000,17295.00,PASS
0,constant_max_zero,75,004b22000011ffff,004b220011000000,004b220011000000,16356.10,PASS
0,constant_max_zero,76,004c11ffff220000,004c110022000000,004c110022000000,16994.10,PASS
0,constant_max_zero,77,004d22000011ffff,004d220011000000,004d220011000000,16785.00,PASS
0,constant_max_zero,78,004e11ffff220000,004e110022000000,004e110022000000,16678.60,PASS
0,constant_max_zero,79,004f22000011ffff,004f220011000000,004f220011000000,16815.30,PASS
0,constant_max_zero,80,005011ffff220000,0050110022000000,0050110022000000,17213.30,PASS
0,constant_max_zero,81,005122000011ffff,0051220011000000,0051220011000000,16440.50,PASS
0,constant_max_zero,82,005211ffff220000,0052110022000000,0052110022000000,16890.40,PASS
0,constant_max_zero,83,005322000011ffff,0053220011000000,0053220011000000,16717.20,PASS
0,constant_max_zero,84,005411ffff220000,0054110022000000,0054110022000000,16930.80,PASS
0,constant_max_zero,85,005522000011ffff,0055220011000000,0055220011000000,16626.90,PASS
0,constant_max_zero,86,005611ffff220000,0056110022000000,0056110022000000,16981.60,PASS
0,constant_max_zero,87,005722000011ffff,0057220011000000,0057220011000000,16736.80,PASS
0,constant_max_zero,88,005811ffff220000,0058110022000000,0058110022000000,17048.20,PASS
0,constant_max_zero,89,005922000011ffff,0059220011000000,0059220011000000,16745.90,PASS
0,constant_max_zero,90,005a11ffff220000,005a110022000000,005a110022000000,16936.10,PASS
0,constant_max_zero,91,005b22000011ffff,005b220011000000,005b220011000000,16999.30,PASS
0,constant_max_zero,92,005c11ffff220000,005c110022000000,005c110022000000,16781.70,PASS
0,constant_max_zero,93,005d22000011ffff,005d220011000000,005d220011000000,16890.40,PASS
0,constant_max_zero,94,005e11ffff220000,005e110022000000,005e110022000000,17020.20,PASS
0,constant_max_zero,95,005f22000011ffff,005f220011000000,005f220011000000,16631.10,PASS
0,constant_max_zero,96,006011ffff220000,0060110022000000,0060110022000000,16853.50,PASS
0,constant_max_zero,97,006122000011ffff,0061220011000000,0061220011000000,16763.50,PASS
0,constant_max_zero,98,006211ffff220000,0062110022000000,0062110022000000,16962.20,PASS
0,constant_max_zero,99,006322000011ffff,0063220011000000,0063220011000000,17434.00,PASS
1,constant_zero_max,0,000022ffff110000,0000220011000000,0000220011000000,17625.50,PASS
1,constant_zero_max,1,000111000022ffff,0001110022000000,0001110022000000,17112.70,PASS
1,constant_zero_max,2,000222ffff110000,0002220011000000,0002220011000000,16712.10,PASS
1,constant_zero_max,3,000311000022ffff,0003110022000000,0003110022000000,17017.80,PASS
1,constant_zero_max,4,000422ffff110000,0004220011000000,0004220011000000,16336.90,PASS
1,constant_zero_max,5,000511000022ffff,0005110022000000,0005110022000000,17616.90,PASS
1,constant_zero_max,6,000622ffff110000,0006220011000000,0006220011000000,16156.50,PASS
1,constant_zero_max,7,000711000022ffff,0007110022000000,0007110022000000,16812.40,PASS
1,constant_zero_max,8,000822ffff110000,0008220011000000,0008220011000000,16903.10,PASS
1,constant_zero_max,9,000911000022ffff,0009110022000000,0009110022000000,16857.90,PASS
1,constant_zero_max,10,000a22ffff110000,000a220011000000,000a220011000000,17223.30,PASS
1,constant_zero_max,11,000b11000022ffff,000b110022000000,000b110022000000,16202.00,PASS
1,constant_zero_max,12,000c22ffff110000,000c220011000000,000c220011000000,17016.10,PASS
1,constant_zero_max,13,000d11000022ffff,000d110022000000,000d110022000000,16613.30,PASS
1,constant_zero_max,14,000e22ffff110000,000e220011000000,000e220011000000,16788.90,PASS
1,constant_zero_max,15,000f11000022ffff,000f110022000000,000f110022000000,16914.00,PASS
1,constant_zero_max,16,001022ffff110000,0010220011000000,0010220011000000,16814.10,PASS
1,constant_zero_max,17,001111000022ffff,0011110022000000,0011110022000000,17440.60,PASS
1,constant_zero_max,18,001222ffff110000,0012220011000000,0012220011000000,16260.40,PASS
1,constant_zero_max,19,001311000022ffff,0013110022000000,0013110022000000,16861.10,PASS
1,constant_zero_max,20,001422ffff110000,0014220011000000,0014220011000000,16749.20,PASS
1,constant_zero_max,21,001511000022ffff,0015110022000000,0015110022000000,16841.70,PASS
1,constant_zero_max,22,001622ffff110000,0016220011000000,0016220011000000,17203.90,PASS
1,constant_zero_max,23,001711000022ffff,0017110022000000,0017110022000000,16472.80,PASS
1,constant_zero_max,24,001822ffff110000,0018220011000000,0018220011000000,16735.70,PASS
1,constant_zero_max,25,001911000022ffff,0019110022000000,0019110022000000,16928.90,PASS
1,constant_zero_max,26,001a22ffff110000,001a220011000000,001a220011000000,16703.30,PASS
1,constant_zero_max,27,001b11000022ffff,001b110022000000,001b110022000000,16873.70,PASS
1,constant_zero_max,28,001c22ffff110000,001c220011000000,001c220011000000,16750.50,PASS
1,constant_zero_max,29,001d11000022ffff,001d110022000000,001d110022000000,17457.80,PASS
1,constant_zero_max,30,001e22ffff110000,001e220011000000,001e220011000000,16581.70,PASS
1,constant_zero_max,31,001f11000022ffff,001f110022000000,001f110022000000,16529.70,PASS
1,constant_zero_max,32,002022ffff110000,0020220011000000,0020220011000000,17215.10,PASS
1,constant_zero_max,33,002111000022ffff,0021110022000000,0021110022000000,16942.30,PASS
1,constant_zero_max,34,002222ffff110000,0022220011000000,0022220011000000,16707.40,PASS
1,constant_zero_max,35,002311000022ffff,0023110022000000,0023110022000000,16159.00,PASS
1,constant_zero_max,36,002422ffff110000,0024220011000000,0024220011000000,17360.00,PASS
1,constant_zero_max,37,002511000022ffff,0025110022000000,0025110022000000,16205.20,PASS
1,constant_zero_max,38,002622ffff110000,0026220011000000,0026220011000000,16950.10,PASS
1,constant_zero_max,39,002711000022ffff,0027110022000000,0027110022000000,17491.80,PASS
1,constant_zero_max,40,002822ffff110000,0028220011000000,0028220011000000,16172.80,PASS
1,constant_zero_max,41,002911000022ffff,0029110022000000,0029110022000000,16686.50,PASS
1,constant_zero_max,42,002a22ffff110000,002a220011000000,002a220011000000,17302.70,PASS
1,constant_zero_max,43,002b11000022ffff,002b110022000000,002b110022000000,16467.10,PASS
1,constant_zero_max,44,002c22ffff110000,002c220011000000,002c220011000000,16976.70,PASS
1,constant_zero_max,45,002d11000022ffff,002d110022000000,002d110022000000,16572.20,PASS
1,constant_zero_max,46,002e22ffff110000,002e220011000000,002e220011000000,16815.80,PASS
1,constant_zero_max,47,002f11000022ffff,002f110022000000,002f110022000000,16898.50,PASS
1,constant_zero_max,48,003022ffff110000,0030220011000000,0030220011000000,16750.60,PASS
1,constant_zero_max,49,003111000022ffff,0031110022000000,0031110022000000,16747.40,PASS
1,constant_zero_max,50,003222ffff110000,0032220011000000,0032220011000000,16846.00,PASS
1,constant_zero_max,51,003311000022ffff,0033110022000000,0033110022000000,16752.10,PASS
1,constant_zero_max,52,003422ffff110000,0034220011000000,0034220011000000,16819.90,PASS
1,constant_zero_max,53,003511000022ffff,0035110022000000,0035110022000000,16697.90,PASS
1,constant_zero_max,54,003622ffff110000,0036220011000000,0036220011000000,17075.80,PASS
1,constant_zero_max,55,003711000022ffff,0037110022000000,0037110022000000,16930.70,PASS
1,constant_zero_max,56,003822ffff110000,0038220011000000,0038220011000000,16890.60,PASS
1,constant_zero_max,57,003911000022ffff,0039110022000000,0039110022000000,17393.30,PASS
1,constant_zero_max,58,003a22ffff110000,003a220011000000,003a220011000000,16420.50,PASS
1,constant_zero_max,59,003b11000022ffff,003b110022000000,003b110022000000,16853.80,PASS
1,constant_zero_max,60,003c22ffff110000,003c220011000000,003c220011000000,16762.20,PASS
1,constant_zero_max,61,003d11000022ffff,003d110022000000,003d110022000000,16736.40,PASS
1,constant_zero_max,62,003e22ffff110000,003e220011000000,003e220011000000,17221.00,PASS
1,constant_zero_max,63,003f11000022ffff,003f110022000000,003f110022000000,17051.70,PASS
1,constant_zero_max,64,004022ffff110000,0040220011000000,0040220011000000,16271.10,PASS
1,constant_zero_max,65,004111000022ffff,0041110022000000,0041110022000000,16841.30,PASS
1,constant_zero_max,66,004222ffff110000,0042220011000000,0042220011000000,16827.10,PASS
1,constant_zero_max,67,004311000022ffff,0043110022000000,0043110022000000,16785.30,PASS
1,constant_zero_max,68,004422ffff110000,0044220011000000,0044220011000000,16938.90,PASS
1,constant_zero_max,69,004511000022ffff,0045110022000000,0045110022000000,16883.70,PASS
1,constant_zero_max,70,004622ffff110000,0046220011000000,0046220011000000,16498.60,PASS
1,constant_zero_max,71,004711000022ffff,0047110022000000,0047110022000000,16848.40,PASS
1,constant_zero_max,72,004822ffff110000,0048220011000000,0048220011000000,17113.90,PASS
1,constant_zero_max,73,004911000022ffff,0049110022000000,0049110022000000,16932.50,PASS
1,constant_zero_max,74,004a22ffff110000,004a220011000000,004a220011000000,16654.70,PASS
1,constant_zero_max,75,004b11000022ffff,004b110022000000,004b110022000000,16746.80,PASS
1,constant_zero_max,76,004c22ffff110000,004c220011000000,004c220011000000,16661.70,PASS
1,constant_zero_max,77,004d11000022ffff,004d110022000000,004d110022000000,16918.90,PASS
1,constant_zero_max,78,004e22ffff110000,004e220011000000,004e220011000000,16696.00,PASS
1,constant_zero_max,79,004f11000022ffff,004f110022000000,004f110022000000,16849.00,PASS
1,constant_zero_max,80,005022ffff110000,0050220011000000,0050220011000000,17011.40,PASS
1,constant_zero_max,81,005111000022ffff,0051110022000000,0051110022000000,16689.90,PASS
1,constant_zero_max,82,005222ffff110000,0052220011000000,0052220011000000,17169.50,PASS
1,constant_zero_max,83,005311000022ffff,0053110022000000,0053110022000000,16664.40,PASS
1,constant_zero_max,84,005422ffff110000,0054220011000000,0054220011000000,16804.20,PASS
1,constant_zero_max,85,005511000022ffff,0055110022000000,0055110022000000,16866.30,PASS
1,constant_zero_max,86,005622ffff110000,0056220011000000,0056220011000000,16732.10,PASS
1,constant_zero_max,87,005711000022ffff,0057110022000000,0057110022000000,16928.40,PASS
1,constant_zero_max,88,005822ffff110000,0058220011000000,0058220011000000,16962.60,PASS
1,constant_zero_max,89,005911000022ffff,0059110022000000,0059110022000000,17788.70,PASS
1,constant_zero_max,90,005a22ffff110000,005a220011000000,005a220011000000,16245.80,PASS
1,constant_zero_max,91,005b11000022ffff,005b110022000000,005b110022000000,16479.10,PASS
1,constant_zero_max,92,005c22ffff110000,005c220011000000,005c220011000000,17019.80,PASS
1,constant_zero_max,93,005d11000022ffff,005d110022000000,005d110022000000,17264.50,PASS
1,constant_zero_max,94,005e22ffff110000,005e220011000000,005e220011000000,16170.50,PASS
1,constant_zero_max,95,005f11000022ffff,005f110022000000,005f110022000000,16859.70,PASS
1,constant_zero_max,96,006022ffff110000,0060220011000000,0060220011000000,16699.90,PASS
1,constant_zero_max,97,006111000022ffff,0061110022000000,0061110022000000,16992.40,PASS
1,constant_zero_max,98,006222ffff110000,0062220011000000,0062220011000000,16870.10,PASS
1,constant_zero_max,99,006311000022ffff,0063110022000000,0063110022000000,16763.40,PASS
2,alternating_extremes,0,000011000022ffff,0000110022000000,0000110022000000,4573.60,PASS
2,alternating_extremes,1,000122000011ffff,0001220011000000,0001220011000000,16633.70,PASS
2,alternating_extremes,2,000211000022ffff,0002110022000000,0002110022000000,16729.70,PASS
2,alternating_extremes,3,000322000011ffff,0003220011000000,0003220011000000,16874.20,PASS
2,alternating_extremes,4,000411000022ffff,0004110022000000,0004110022000000,16892.20,PASS
2,alternating_extremes,5,000522000011ffff,0005220011000000,0005220011000000,16746.30,PASS
2,alternating_extremes,6,000611000022ffff,0006110022000000,0006110022000000,16828.90,PASS
2,alternating_extremes,7,000722000011ffff,0007220011000000,0007220011000000,16868.80,PASS
2,alternating_extremes,8,000811000022ffff,0008110022000000,0008110022000000,16774.20,PASS
2,alternating_extremes,9,000922000011ffff,0009220011000000,0009220011000000,17017.20,PASS
2,alternating_extremes,10,000a11000022ffff,000a110022000000,000a110022000000,16947.30,PASS
2,alternating_extremes,11,000b22000011ffff,000b220011000000,000b220011000000,16599.20,PASS
2,alternating_extremes,12,000c11000022ffff,000c110022000000,000c110022000000,17300.50,PASS
2,alternating_extremes,13,000d22000011ffff,000d220011000000,000d220011000000,16357.00,PASS
2,alternating_extremes,14,000e11000022ffff,000e110022000000,000e110022000000,16721.60,PASS
2,alternating_extremes,15,000f22000011ffff,000f220011000000,000f220011000000,16751.30,PASS
2,alternating_extremes,16,001011000022ffff,0010110122020000,0010110122020000,16864.60,PASS
2,alternating_extremes,17,001122000011ffff,0011220111020000,0011220111020000,16955.40,PASS
2,alternating_extremes,18,001211000022ffff,0012110122020000,0012110122020000,16821.40,PASS
2,alternating_extremes,19,001322000011ffff,0013220111020000,0013220111020000,16727.30,PASS
2,alternating_extremes,20,001411000022ffff,0014110122020000,0014110122020000,16830.40,PASS
2,alternating_extremes,21,001522000011ffff,0015220111020000,0015220111020000,16990.70,PASS
2,alternating_extremes,22,001611000022ffff,0016110122020000,0016110122020000,16661.30,PASS
2,alternating_extremes,23,001722000011ffff,0017220111020000,0017220111020000,16978.90,PASS
2,alternating_extremes,24,001811000022ffff,0018110122020000,0018110122020000,17007.80,PASS
2,alternating_extremes,25,001922000011ffff,0019220111020000,0019220111020000,16735.90,PASS
2,alternating_extremes,26,001a11000022ffff,001a110122020000,001a110122020000,16995.60,PASS
2,alternating_extremes,27,001b22000011ffff,001b220111020000,001b220111020000,17226.40,PASS
2,alternating_extremes,28,001c11000022ffff,001c110122020000,001c110122020000,16266.50,PASS
2,alternating_extremes,29,001d22000011ffff,001d220111020000,001d220111020000,16732.60,PASS
2,alternating_extremes,30,001e11000022ffff,001e110122020000,001e110122020000,17062.50,PASS
2,alternating_extremes,31,001f22000011ffff,001f220111020000,001f220111020000,16608.40,PASS
2,alternating_extremes,32,002011000022ffff,0020110122020000,0020110122020000,16875.40,PASS
2,alternating_extremes,33,002122000011ffff,0021220111020000,0021220111020000,17151.40,PASS
2,alternating_extremes,34,002211000022ffff,0022110122020000,0022110122020000,16450.10,PASS
2,alternating_extremes,35,002322000011ffff,0023220111020000,0023220111020000,16952.30,PASS
2,alternating_extremes,36,002411000022ffff,0024110122020000,0024110122020000,16636.70,PASS
2,alternating_extremes,37,002522000011ffff,0025220111020000,0025220111020000,16955.40,PASS
2,alternating_extremes,38,002611000022ffff,0026110122020000,0026110122020000,17053.40,PASS
2,alternating_extremes,39,002722000011ffff,0027220111020000,0027220111020000,17151.80,PASS
2,alternating_extremes,40,002811000022ffff,0028110122020000,0028110122020000,16338.50,PASS
2,alternating_extremes,41,002922000011ffff,0029220111020000,0029220111020000,17460.30,PASS
2,alternating_extremes,42,002a11000022ffff,002a110122020000,002a110122020000,16047.20,PASS
2,alternating_extremes,43,002b22000011ffff,002b220111020000,002b220111020000,17175.60,PASS
2,alternating_extremes,44,002c11000022ffff,002c110122020000,002c110122020000,16525.10,PASS
2,alternating_extremes,45,002d22000011ffff,002d220111020000,002d220111020000,16786.70,PASS
2,alternating_extremes,46,002e11000022ffff,002e110122020000,002e110122020000,16985.30,PASS
2,alternating_extremes,47,002f22000011ffff,002f220111020000,002f220111020000,16680.40,PASS
2,alternating_extremes,48,003011000022ffff,0030110122020000,0030110122020000,16796.10,PASS
2,alternating_extremes,49,003122000011ffff,0031220111020000,0031220111020000,17034.70,PASS
2,alternating_extremes,50,003211000022ffff,0032110122020000,0032110122020000,16596.70,PASS
2,alternating_extremes,51,003322000011ffff,0033220111020000,0033220111020000,16696.50,PASS
2,alternating_extremes,52,003411000022ffff,0034110122020000,0034110122020000,16928.10,PASS
2,alternating_extremes,53,003522000011ffff,0035220111020000,0035220111020000,16851.80,PASS
2,alternating_extremes,54,003611000022ffff,0036110122020000,0036110122020000,16782.50,PASS
2,alternating_extremes,55,003722000011ffff,0037220111020000,0037220111020000,16868.60,PASS
2,alternating_extremes,56,003811000022ffff,0038110122020000,0038110122020000,16760.20,PASS
2,alternating_extremes,57,003922000011ffff,0039220111020000,0039220111020000,17318.70,PASS
2,alternating_extremes,58,003a11000022ffff,003a110122020000,003a110122020000,16498.20,PASS
2,alternating_extremes,59,003b22000011ffff,003b220111020000,003b220111020000,17245.70,PASS
2,alternating_extremes,60,003c11000022ffff,003c110122020000,003c110122020000,16657.30,PASS
2,alternating_extremes,61,003d22000011ffff,003d220111020000,003d220111020000,16400.60,PASS
2,alternating_extremes,62,003e11000022ffff,003e110122020000,003e110122020000,16936.40,PASS
2,alternating_extremes,63,003f22000011ffff,003f220111020000,003f220111020000,16644.10,PASS
2,alternating_extremes,64,004011000022ffff,0040110122020000,0040110122020000,16927.10,PASS
2,alternating_extremes,65,004122000011ffff,0041220111020000,0041220111020000,16651.30,PASS
2,alternating_extremes,66,004211000022ffff,0042110122020000,0042110122020000,17453.70,PASS
2,alternating_extremes,67,004322000011ffff,0043220111020000,0043220111020000,16162.40,PASS
2,alternating_extremes,68,004411000022ffff,0044110122020000,0044110122020000,17120.40,PASS
2,alternating_extremes,69,004522000011ffff,0045220111020000,0045220111020000,16349.30,PASS
2,alternating_extremes,70,004611000022ffff,0046110122020000,0046110122020000,16852.70,PASS
2,alternating_extremes,71,004722000011ffff,0047220111020000,0047220111020000,16989.70,PASS
2,alternating_extremes,72,004811000022ffff,0048110122020000,0048110122020000,16793.00,PASS
2,alternating_extremes,73,004922000011ffff,0049220111020000,0049220111020000,17176.30,PASS
2,alternating_extremes,74,004a11000022ffff,004a110122020000,004a110122020000,16742.50,PASS
2,alternating_extremes,75,004b22000011ffff,004b220111020000,004b220111020000,16570.80,PASS
2,alternating_extremes,76,004c11000022ffff,004c110122020000,004c110122020000,16789.60,PASS
2,alternating_extremes,77,004d22000011ffff,004d220111020000,004d220111020000,16884.40,PASS
2,alternating_extremes,78,004e11000022ffff,004e110122020000,004e110122020000,16780.70,PASS
2,alternating_extremes,79,004f22000011ffff,004f220111020000,004f220111020000,16768.20,PASS
2,alternating_extremes,80,005011000022ffff,0050110122020000,0050110122020000,16668.20,PASS
2,alternating_extremes,81,005122000011ffff,0051220111020000,0051220111020000,16834.50,PASS
2,alternating_extremes,82,005211000022ffff,0052110122020000,0052110122020000,16813.70,PASS
2,alternating_extremes,83,005322000011ffff,0053220111020000,0053220111020000,16954.50,PASS
2,alternating_extremes,84,005411000022ffff,0054110122020000,0054110122020000,16770.40,PASS
2,alternating_extremes,85,005522000011ffff,0055220111020000,0055220111020000,16880.60,PASS
2,alternating_extremes,86,005611000022ffff,0056110122020000,0056110122020000,16819.80,PASS
2,alternating_extremes,87,005722000011ffff,0057220111020000,0057220111020000,17019.80,PASS
2,alternating_extremes,88,005811000022ffff,0058110122020000,0058110122020000,17112.80,PASS
2,alternating_extremes,89,005922000011ffff,0059220111020000,0059220111020000,16804.40,PASS
2,alternating_extremes,90,005a11000022ffff,005a110122020000,005a110122020000,17331.70,PASS
2,alternating_extremes,91,005b22000011ffff,005b220111020000,005b220111020000,16220.30,PASS
2,alternating_extremes,92,005c11000022ffff,005c110122020000,005c110122020000,16698.90,PASS
2,alternating_extremes,93,005d22000011ffff,005d220111020000,005d220111020000,17083.50,PASS
2,alternating_extremes,94,005e11000022ffff,005e110122020000,005e110122020000,16863.10,PASS
2,alternating_extremes,95,005f22000011ffff,005f220111020000,005f220111020000,16615.00,PASS
2,alternating_extremes,96,006011000022ffff,0060110122020000,0060110122020000,17020.20,PASS
2,alternating_extremes,97,006122000011ffff,0061220111020000,0061220111020000,16694.50,PASS
2,alternating_extremes,98,006211000022ffff,0062110122020000,0062110122020000,16916.20,PASS
2,alternating_extremes,99,006322000011ffff,0063220111020000,0063220111020000,16726.00,PASS
3,rounding_and_held_actions,0,000022006411000f,0000220011000000,0000220011000000,6296.10,PASS
3,rounding_and_held_actions,1,000111000f220064,0001110022000000,0001110022000000,16956.70,PASS
3,rounding_and_held_actions,2,000222006411000f,0002220011000000,0002220011000000,16746.00,PASS
3,rounding_and_held_actions,3,000311000f220064,0003110022000000,0003110022000000,16972.70,PASS
3,rounding_and_held_actions,4,000422006411000f,0004220011000000,0004220011000000,16869.80,PASS
3,rounding_and_held_actions,5,000511000f220064,0005110022000000,0005110022000000,16946.50,PASS
3,rounding_and_held_actions,6,000622006411000f,0006220011000000,0006220011000000,16818.10,PASS
3,rounding_and_held_actions,7,000711000f220064,0007110022000000,0007110022000000,16859.10,PASS
3,rounding_and_held_actions,8,000822006411000f,0008220011000000,0008220011000000,16978.40,PASS
3,rounding_and_held_actions,9,000911000f220064,0009110022000000,0009110022000000,17445.80,PASS
3,rounding_and_held_actions,10,000a22006411000f,000a220011000000,000a220011000000,16492.50,PASS
3,rounding_and_held_actions,11,000b11000f220064,000b110022000000,000b110022000000,16579.50,PASS
3,rounding_and_held_actions,12,000c22006411000f,000c220011000000,000c220011000000,17487.10,PASS
3,rounding_and_held_actions,13,000d11000f220064,000d110022000000,000d110022000000,16220.50,PASS
3,rounding_and_held_actions,14,000e22006411000f,000e220011000000,000e220011000000,16909.30,PASS
3,rounding_and_held_actions,15,000f110010220064,000f110022000000,000f110022000000,17257.10,PASS
3,rounding_and_held_actions,16,001022006511000f,0010220211000000,0010220211000000,16272.40,PASS
3,rounding_and_held_actions,17,0011110010220065,0011110222020000,0011110222020000,16833.80,PASS
3,rounding_and_held_actions,18,001222006511000e,0012220211010000,0012220211010000,16702.20,PASS
3,rounding_and_held_actions,19,0013110000220065,0013110122020000,0013110122020000,16712.30,PASS
3,rounding_and_held_actions,20,001422006511ffff,0014220211020000,0014220211020000,17028.80,PASS
3,rounding_and_held_actions,21,001511000f220065,0015110122020000,0015110122020000,16798.40,PASS
3,rounding_and_held_actions,22,0016220065110010,0016220211010000,0016220211010000,16862.50,PASS
3,rounding_and_held_actions,23,001711000e220065,0017110122020000,0017110122020000,17276.00,PASS
3,rounding_and_held_actions,24,0018220065110000,0018220211010000,0018220211010000,16043.10,PASS
3,rounding_and_held_actions,25,001911ffff220065,0019110222020000,0019110222020000,17255.40,PASS
3,rounding_and_held_actions,26,001a22006511000f,001a220211010000,001a220211010000,16477.50,PASS
3,rounding_and_held_actions,27,001b110010220065,001b110122020000,001b110122020000,17283.70,PASS
3,rounding_and_held_actions,28,001c22006511000e,001c220211010000,001c220211010000,16344.90,PASS
3,rounding_and_held_actions,29,001d110000220065,001d110122020000,001d110122020000,16585.50,PASS
3,rounding_and_held_actions,30,001e22006511ffff,001e220211020000,001e220211020000,16937.70,PASS
3,rounding_and_held_actions,31,001f11000f220065,001f110122020000,001f110122020000,16883.70,PASS
3,rounding_and_held_actions,32,0020220065110010,0020220211010000,0020220211010000,17290.00,PASS
3,rounding_and_held_actions,33,002111000e220065,0021110122020000,0021110122020000,16471.00,PASS
3,rounding_and_held_actions,34,0022220065110000,0022220211010000,0022220211010000,16771.80,PASS
3,rounding_and_held_actions,35,002311ffff220065,0023110222020000,0023110222020000,17048.60,PASS
3,rounding_and_held_actions,36,002422006311000f,0024220111010000,0024220111010000,16654.60,PASS
3,rounding_and_held_actions,37,0025110010220063,0025110122010000,0025110122010000,17491.40,PASS
3,rounding_and_held_actions,38,002622006311000e,0026220111010000,0026220111010000,15766.30,PASS
3,rounding_and_held_actions,39,0027110000220063,0027110122010000,0027110122010000,17516.90,PASS
3,rounding_and_held_actions,40,002822006311ffff,0028220111020000,0028220111020000,16488.40,PASS
3,rounding_and_held_actions,41,002911000f220063,0029110122010000,0029110122010000,16504.80,PASS
3,rounding_and_held_actions,42,002a220063110010,002a220111010000,002a220111010000,16785.90,PASS
3,rounding_and_held_actions,43,002b11000e220063,002b110122010000,002b110122010000,16840.50,PASS
3,rounding_and_held_actions,44,002c220063110000,002c220111010000,002c220111010000,16842.60,PASS
3,rounding_and_held_actions,45,002d11ffff220063,002d110222010000,002d110222010000,16704.70,PASS
3,rounding_and_held_actions,46,002e22006311000f,002e220111010000,002e220111010000,16922.10,PASS
3,rounding_and_held_actions,47,002f110010220063,002f110122010000,002f110122010000,16840.30,PASS
3,rounding_and_held_actions,48,003022006311000e,0030220111010000,0030220111010000,17018.90,PASS
3,rounding_and_held_actions,49,0031110000220063,0031110122010000,0031110122010000,16511.90,PASS
3,rounding_and_held_actions,50,003222006311ffff,0032220111020000,0032220111020000,16850.70,PASS
3,rounding_and_held_actions,51,003311000f220063,0033110122010000,0033110122010000,16918.20,PASS
3,rounding_and_held_actions,52,0034220063110010,0034220111010000,0034220111010000,17099.80,PASS
3,rounding_and_held_actions,53,003511000e220063,0035110122010000,0035110122010000,16859.80,PASS
3,rounding_and_held_actions,54,0036220063110000,0036220111010000,0036220111010000,17233.50,PASS
3,rounding_and_held_actions,55,003711ffff220063,0037110222010000,0037110222010000,16517.80,PASS
3,rounding_and_held_actions,56,003822006411000f,0038220211010000,0038220211010000,17286.80,PASS
3,rounding_and_held_actions,57,0039110010220064,0039110122020000,0039110122020000,16383.40,PASS
3,rounding_and_held_actions,58,003a22006411000e,003a220211010000,003a220211010000,16793.20,PASS
3,rounding_and_held_actions,59,003b110000220064,003b110122020000,003b110122020000,16705.90,PASS
3,rounding_and_held_actions,60,003c22006411ffff,003c220211020000,003c220211020000,16807.80,PASS
3,rounding_and_held_actions,61,003d11000f220064,003d110122020000,003d110122020000,16829.80,PASS
3,rounding_and_held_actions,62,003e220064110010,003e220211010000,003e220211010000,16860.00,PASS
3,rounding_and_held_actions,63,003f11000e220064,003f110122020000,003f110122020000,16998.50,PASS
3,rounding_and_held_actions,64,0040220064110000,0040220211010000,0040220211010000,17298.70,PASS
3,rounding_and_held_actions,65,004111ffff220064,0041110222020000,0041110222020000,16178.60,PASS
3,rounding_and_held_actions,66,004222006411000f,0042220211010000,0042220211010000,17321.80,PASS
3,rounding_and_held_actions,67,0043110010220064,0043110122020000,0043110122020000,16325.80,PASS
3,rounding_and_held_actions,68,004422006411000e,0044220211010000,0044220211010000,16797.50,PASS
3,rounding_and_held_actions,69,0045110000220064,0045110122020000,0045110122020000,16972.30,PASS
3,rounding_and_held_actions,70,004622006411ffff,0046220211020000,0046220211020000,16803.30,PASS
3,rounding_and_held_actions,71,004711000f220064,0047110122020000,0047110122020000,17434.60,PASS
3,rounding_and_held_actions,72,0048220064110010,0048220211010000,0048220211010000,16174.60,PASS
3,rounding_and_held_actions,73,004911000e220064,0049110122020000,0049110122020000,17340.50,PASS
3,rounding_and_held_actions,74,004a220064110000,004a220211010000,004a220211010000,16224.90,PASS
3,rounding_and_held_actions,75,004b11ffff220064,004b110222020000,004b110222020000,16854.40,PASS
3,rounding_and_held_actions,76,004c22006411000f,004c220211010000,004c220211010000,17256.50,PASS
3,rounding_and_held_actions,77,004d110010220064,004d110122020000,004d110122020000,16516.40,PASS
3,rounding_and_held_actions,78,004e22006411000e,004e220211010000,004e220211010000,17106.50,PASS
3,rounding_and_held_actions,79,004f110000220064,004f110122020000,004f110122020000,16471.00,PASS
3,rounding_and_held_actions,80,005022006411ffff,0050220211020000,0050220211020000,16948.90,PASS
3,rounding_and_held_actions,81,005111000f220064,0051110122020000,0051110122020000,16428.80,PASS
3,rounding_and_held_actions,82,0052220064110010,0052220211010000,0052220211010000,17011.90,PASS
3,rounding_and_held_actions,83,005311000e220064,0053110122020000,0053110122020000,16695.70,PASS
3,rounding_and_held_actions,84,0054220064110000,0054220211010000,0054220211010000,16908.90,PASS
3,rounding_and_held_actions,85,005511ffff220064,0055110222020000,0055110222020000,17154.60,PASS
3,rounding_and_held_actions,86,005622006411000f,0056220211010000,0056220211010000,16440.40,PASS
3,rounding_and_held_actions,87,0057110010220064,0057110122020000,0057110122020000,16955.40,PASS
3,rounding_and_held_actions,88,005822006411000e,0058220211010000,0058220211010000,16644.30,PASS
3,rounding_and_held_actions,89,0059110000220064,0059110122020000,0059110122020000,17092.30,PASS
3,rounding_and_held_actions,90,005a22006411ffff,005a220211020000,005a220211020000,16687.20,PASS
3,rounding_and_held_actions,91,005b11000f220064,005b110122020000,005b110122020000,16828.30,PASS
3,rounding_and_held_actions,92,005c220064110010,005c220211010000,005c220211010000,17067.00,PASS
3,rounding_and_held_actions,93,005d11000e220064,005d110122020000,005d110122020000,16592.60,PASS
3,rounding_and_held_actions,94,005e220064110000,005e220211010000,005e220211010000,16611.00,PASS
3,rounding_and_held_actions,95,005f11ffff220064,005f110222020000,005f110222020000,16780.10,PASS
3,rounding_and_held_actions,96,0060220064110064,0060220211010000,0060220211010000,16896.00,PASS
3,rounding_and_held_actions,97,0061110064220064,0061110122020000,0061110122020000,16582.60,PASS
3,rounding_and_held_actions,98,0062220064110064,0062220211010000,0062220211010000,17105.90,PASS
3,rounding_and_held_actions,99,0063110064220064,0063110122020000,0063110122020000,16631.60,PASS
4,random_fullrange_0,0,000011e71a220954,0000110022000000,0000110022000000,4573.60,PASS
4,random_fullrange_0,1,000122a9fc116d6c,0001220011000000,0001220011000000,16312.70,PASS
4,random_fullrange_0,2,0002117b1422099a,0002110022000000,0002110022000000,17199.00,PASS
4,random_fullrange_0,3,000322f325116c73,0003220011000000,0003220011000000,16508.40,PASS
4,random_fullrange_0,4,000411dd3c22c4c6,0004110022000000,0004110022000000,16593.10,PASS
4,random_fullrange_0,5,000522f37f11da82,0005220011000000,0005220011000000,17441.10,PASS
4,random_fullrange_0,6,000611dec8222e5e,0006110022000000,0006110022000000,16314.30,PASS
4,random_fullrange_0,7,000722212e115fa9,0007220011000000,0007220011000000,16945.10,PASS
4,random_fullrange_0,8,000811cfba220ca8,0008110022000000,0008110022000000,16737.40,PASS
4,random_fullrange_0,9,000922d3b11178bd,0009220011000000,0009220011000000,16718.50,PASS
4,random_fullrange_0,10,000a11fb52221c67,000a110022000000,000a110022000000,16813.70,PASS
4,random_fullrange_0,11,000b22bfb21151f2,000b220011000000,000b220011000000,16824.10,PASS
4,random_fullrange_0,12,000c11ead022fdf0,000c110022000000,000c110022000000,16935.80,PASS
4,random_fullrange_0,13,000d224e0311ccaa,000d220011000000,000d220011000000,16801.30,PASS
4,random_fullrange_0,14,000e11bc0e22c333,000e110022000000,000e110022000000,16725.90,PASS
4,random_fullrange_0,15,000f22713e11dc6e,000f220011000000,000f220011000000,16981.30,PASS
4,random_fullrange_0,16,001011e6d822ca9a,0010110022020000,0010110022020000,16949.20,PASS
4,random_fullrange_0,17,001122a42911a097,0011220211010000,0011220211010000,16779.10,PASS
4,random_fullrange_0,18,001211f6b7225541,0012110222010000,0012110222010000,16804.80,PASS
4,random_fullrange_0,19,0013226dd811d947,0013220111020000,0013220111020000,16871.00,PASS
4,random_fullrange_0,20,0014114a81229011,0014110122020000,0014110122020000,16848.60,PASS
4,random_fullrange_0,21,0015223613119800,0015220111010000,0015220111010000,16762.90,PASS
4,random_fullrange_0,22,001611f8d622c1e6,0016110222020000,0016110222020000,16877.40,PASS
4,random_fullrange_0,23,001722c9d2117e67,0017220211010000,0017220211010000,16958.70,PASS
4,random_fullrange_0,24,001811fd0d2250d2,0018110222010000,0018110222010000,16813.00,PASS
4,random_fullrange_0,25,001922579611e9c9,0019220111020000,0019220111020000,16974.80,PASS
4,random_fullrange_0,26,001a11c4f82201d9,001a110222010000,001a110222010000,16665.30,PASS
4,random_fullrange_0,27,001b22c06811c186,001b220211010000,001b220211010000,17007.00,PASS
4,random_fullrange_0,28,001c11953e220609,001c110122010000,001c110122010000,16650.90,PASS
4,random_fullrange_0,29,001d2262771136e7,001d220111010000,001d220111010000,16911.40,PASS
4,random_fullrange_0,30,001e1166a32254cb,001e110122010000,001e110122010000,16914.20,PASS
4,random_fullrange_0,31,001f22903011336a,001f220211010000,001f220211010000,17020.40,PASS
4,random_fullrange_0,32,00201195aa22ea22,0020110122020000,0020110122020000,17015.30,PASS
4,random_fullrange_0,33,002122dba211e017,0021220211020000,0021220211020000,16913.80,PASS
4,random_fullrange_0,34,002211100d227151,0022110122010000,0022110122010000,16710.80,PASS
4,random_fullrange_0,35,002322984d117ce8,0023220211010000,0023220211010000,16976.90,PASS
4,random_fullrange_0,36,0024112d3d22dce3,0024110122020000,0024110122020000,16857.20,PASS
4,random_fullrange_0,37,0025223526114309,0025220111010000,0025220111010000,17193.10,PASS
4,random_fullrange_0,38,00261146da220617,0026110122010000,0026110122010000,16102.70,PASS
4,random_fullrange_0,39,002722c42e11ce2e,0027220211020000,0027220211020000,16985.10,PASS
4,random_fullrange_0,40,002811fd99221dbe,0028110222010000,0028110222010000,16724.10,PASS
4,random_fullrange_0,41,0029220ce91146e0,0029220111010000,0029220111010000,17255.20,PASS
4,random_fullrange_0,42,002a112585229fa3,002a110122020000,002a110122020000,16587.20,PASS
4,random_fullrange_0,43,002b22c80c11177e,002b220211010000,002b220211010000,16697.50,PASS
4,random_fullrange_0,44,002c11ce2c227fb4,002c110222010000,002c110222010000,16711.50,PASS
4,random_fullrange_0,45,002d220a9211c454,002d220111020000,002d220111020000,16796.30,PASS
4,random_fullrange_0,46,002e11f87622abb4,002e110222020000,002e110222020000,17041.30,PASS
4,random_fullrange_0,47,002f22ab03111418,002f220211010000,002f220211010000,16884.40,PASS
4,random_fullrange_0,48,003011deaf223c9e,0030110222010000,0030110222010000,16589.60,PASS
4,random_fullrange_0,49,003122206611fd07,0031220111020000,0031220111020000,16702.60,PASS
4,random_fullrange_0,50,00321124ca228f20,0032110122020000,0032110122020000,17007.70,PASS
4,random_fullrange_0,51,0033226c4b11406b,0033220211010000,0033220211010000,16708.40,PASS
4,random_fullrange_0,52,003411fe822270c9,0034110222020000,0034110222020000,16874.10,PASS
4,random_fullrange_0,53,0035225715110aa8,0035220111010000,0035220111010000,17480.60,PASS
4,random_fullrange_0,54,003611df52223a59,0036110222010000,0036110222010000,16250.60,PASS
4,random_fullrange_0,55,00372268b01145a0,0037220211010000,0037220211010000,16493.60,PASS
4,random_fullrange_0,56,003811768f22d668,0038110122020000,0038110122020000,16926.00,PASS
4,random_fullrange_0,57,003922f806115dfc,0039220211010000,0039220211010000,16904.40,PASS
4,random_fullrange_0,58,003a11143422b265,003a110122020000,003a110122020000,16893.80,PASS
4,random_fullrange_0,59,003b2260b4115b3d,003b220111010000,003b220111010000,17030.20,PASS
4,random_fullrange_0,60,003c11197a22aea9,003c110122020000,003c110122020000,16851.90,PASS
4,random_fullrange_0,61,003d220da311b464,003d220111020000,003d220111020000,16890.20,PASS
4,random_fullrange_0,62,003e116d3922705c,003e110122010000,003e110122010000,16834.10,PASS
4,random_fullrange_0,63,003f228be51194d1,003f220211020000,003f220211020000,16929.10,PASS
4,random_fullrange_0,64,004011895c224abd,0040110222010000,0040110222010000,16827.10,PASS
4,random_fullrange_0,65,004122db77117932,0041220211020000,0041220211020000,16952.10,PASS
4,random_fullrange_0,66,004211fd6322582f,0042110222010000,0042110222010000,16946.90,PASS
4,random_fullrange_0,67,0043225e5c11ecf3,0043220111020000,0043220111020000,16876.00,PASS
4,random_fullrange_0,68,0044112e0e22b5f9,0044110122020000,0044110122020000,16798.90,PASS
4,random_fullrange_0,69,00452266ec1136bd,0045220111010000,0045220111010000,16943.10,PASS
4,random_fullrange_0,70,0046110a9922fc60,0046110122020000,0046110122020000,16968.30,PASS
4,random_fullrange_0,71,0047224e0111dbad,0047220111020000,0047220111020000,16875.70,PASS
4,random_fullrange_0,72,004811c58e22ab61,0048110222020000,0048110222020000,16828.20,PASS
4,random_fullrange_0,73,0049225c1d119b11,0049220111020000,0049220111020000,16853.00,PASS
4,random_fullrange_0,74,004a116e20228fab,004a110122020000,004a110122020000,16830.50,PASS
4,random_fullrange_0,75,004b22a34311e488,004b220211020000,004b220211020000,16972.20,PASS
4,random_fullrange_0,76,004c1194cb22ee81,004c110222020000,004c110222020000,16800.60,PASS
4,random_fullrange_0,77,004d22ce5e11d2c5,004d220211020000,004d220211020000,16793.00,PASS
4,random_fullrange_0,78,004e1179c02248b4,004e110122010000,004e110122010000,16919.80,PASS
4,random_fullrange_0,79,004f224f7d112e79,004f220111010000,004f220111010000,16781.40,PASS
4,random_fullrange_0,80,0050110b0a2259cb,0050110122010000,0050110122010000,16986.60,PASS
4,random_fullrange_0,81,0051220abc11605a,0051220111010000,0051220111010000,16907.70,PASS
4,random_fullrange_0,82,005211eee4223bef,0052110222010000,0052110222010000,16835.60,PASS
4,random_fullrange_0,83,005322aef31112ac,0053220211010000,0053220211010000,16872.90,PASS
4,random_fullrange_0,84,005411ea4e22edfe,0054110222020000,0054110222020000,16926.60,PASS
4,random_fullrange_0,85,00552237131151ec,0055220111010000,0055220111010000,16820.70,PASS
4,random_fullrange_0,86,0056110b9422c098,0056110122020000,0056110122020000,16875.40,PASS
4,random_fullrange_0,87,005722d57a11d01d,0057220211020000,0057220211020000,16860.80,PASS
4,random_fullrange_0,88,0058112ed422b276,0058110122020000,0058110122020000,17027.90,PASS
4,random_fullrange_0,89,0059224c4111d70f,0059220111020000,0059220111020000,16840.50,PASS
4,random_fullrange_0,90,005a1188f022a233,005a110222020000,005a110222020000,16929.50,PASS
4,random_fullrange_0,91,005b22f31b11bd65,005b220211020000,005b220211020000,16828.40,PASS
4,random_fullrange_0,92,005c11211d2202b2,005c110122010000,005c110122010000,16871.50,PASS
4,random_fullrange_0,93,005d22477e111b78,005d220111010000,005d220111010000,16727.00,PASS
4,random_fullrange_0,94,005e1153d3227067,005e110122010000,005e110122010000,16891.20,PASS
4,random_fullrange_0,95,005f224ea4110ab8,005f220111010000,005f220111010000,16988.80,PASS
4,random_fullrange_0,96,006011f12f22f1c5,0060110222020000,0060110222020000,16802.30,PASS
4,random_fullrange_0,97,0061226f1911df10,0061220111020000,0061220111020000,16965.40,PASS
4,random_fullrange_0,98,0062112c1b220a18,0062110122010000,0062110122010000,16815.40,PASS
4,random_fullrange_0,99,0063223e5411c9ce,0063220111020000,0063220111020000,16931.60,PASS
5,random_fullrange_1,0,000022869711094f,0000220011000000,0000220011000000,4295.90,PASS
5,random_fullrange_1,1,0001117014227672,0001110022000000,0001110022000000,16891.20,PASS
5,random_fullrange_1,2,0002226cdd113baa,0002220011000000,0002220011000000,16762.80,PASS
5,random_fullrange_1,3,000311dcd92207fb,0003110022000000,0003110022000000,16996.70,PASS
5,random_fullrange_1,4,000422ddff11aa7f,0004220011000000,0004220011000000,16901.50,PASS
5,random_fullrange_1,5,000511a3062232ab,0005110022000000,0005110022000000,16892.40,PASS
5,random_fullrange_1,6,0006222c7b110e24,0006220011000000,0006220011000000,16827.10,PASS
5,random_fullrange_1,7,0007117e7e223ac2,0007110022000000,0007110022000000,16774.20,PASS
5,random_fullrange_1,8,0008229584111e7d,0008220011000000,0008220011000000,17068.90,PASS
5,random_fullrange_1,9,0009117d4f225316,0009110022000000,0009110022000000,16771.20,PASS
5,random_fullrange_1,10,000a220739117301,000a220011000000,000a220011000000,16877.60,PASS
5,random_fullrange_1,11,000b11e400229f66,000b110022000000,000b110022000000,16891.10,PASS
5,random_fullrange_1,12,000c2223c011030e,000c220011000000,000c220011000000,16944.50,PASS
5,random_fullrange_1,13,000d1120f0227288,000d110022000000,000d110022000000,16968.10,PASS
5,random_fullrange_1,14,000e22e50b1144cc,000e220011000000,000e220011000000,16748.90,PASS
5,random_fullrange_1,15,000f11261522e4ed,000f110022000000,000f110022000000,16888.10,PASS
5,random_fullrange_1,16,0010227355119875,0010220011020000,0010220011020000,16885.00,PASS
5,random_fullrange_1,17,0011117b8f226e90,0011110222000000,0011110222000000,16843.90,PASS
5,random_fullrange_1,18,001222f29611611d,0012220011010000,0012220011010000,17041.40,PASS
5,random_fullrange_1,19,001311efeb22bab2,0013110222000000,0013110222000000,16873.60,PASS
5,random_fullrange_1,20,00142220fb11c460,0014220111020000,0014220111020000,16913.00,PASS
5,random_fullrange_1,21,001511e15122aa1c,0015110222020000,0015110222020000,16809.10,PASS
5,random_fullrange_1,22,0016222fec11790a,0016220111020000,0016220111020000,16907.70,PASS
5,random_fullrange_1,23,0017113c0e22e42f,0017110122020000,0017110122020000,17173.60,PASS
5,random_fullrange_1,24,001822692c1180ce,0018220111020000,0018220111020000,16571.40,PASS
5,random_fullrange_1,25,001911362a22efc8,0019110122020000,0019110122020000,16914.10,PASS
5,random_fullrange_1,26,001a22a91511261c,001a220211010000,001a220211010000,16934.00,PASS
5,random_fullrange_1,27,001b11aea222fe59,001b110222020000,001b110222020000,16845.20,PASS
5,random_fullrange_1,28,001c22950d11de61,001c220111020000,001c220111020000,16856.90,PASS
5,random_fullrange_1,29,001d11136e22b38b,001d110122020000,001d110122020000,16814.80,PASS
5,random_fullrange_1,30,001e224c5a11854b,001e220111020000,001e220111020000,16829.50,PASS
5,random_fullrange_1,31,001f1113b2223bb3,001f110122010000,001f110122010000,16988.80,PASS
5,random_fullrange_1,32,0020229b9c11dfbb,0020220211020000,0020220211020000,16823.70,PASS
5,random_fullrange_1,33,002111c1db224dc5,0021110222010000,0021110222010000,16694.30,PASS
5,random_fullrange_1,34,00222291561101ad,0022220211010000,0022220211010000,16888.90,PASS
5,random_fullrange_1,35,002311e05f22f791,0023110222020000,0023110222020000,16871.20,PASS
5,random_fullrange_1,36,002422bd7911d423,0024220211020000,0024220211020000,16913.40,PASS
5,random_fullrange_1,37,002511078622ec11,0025110122020000,0025110122020000,16829.20,PASS
5,random_fullrange_1,38,002622b04711fb28,0026220211020000,0026220211020000,16857.70,PASS
5,random_fullrange_1,39,0027116868225997,0027110122010000,0027110122010000,16818.10,PASS
5,random_fullrange_1,40,0028229f3811cc44,0028220111020000,0028220111020000,16936.30,PASS
5,random_fullrange_1,41,00291171b322849f,0029110122010000,0029110122010000,16952.30,PASS
5,random_fullrange_1,42,002a22399f110603,002a220111010000,002a220111010000,16841.10,PASS
5,random_fullrange_1,43,002b11e9d3228e88,002b110222020000,002b110222020000,16910.80,PASS
5,random_fullrange_1,44,002c2230e511a1c1,002c220111020000,002c220111020000,16861.30,PASS
5,random_fullrange_1,45,002d118a05221e15,002d110122010000,002d110122010000,16918.90,PASS
5,random_fullrange_1,46,002e22c7f511a455,002e220211020000,002e220211020000,16928.20,PASS
5,random_fullrange_1,47,002f11d04422c0d0,002f110222020000,002f110222020000,16867.00,PASS
5,random_fullrange_1,48,0030223b1211b2d2,0030220111020000,0030220111020000,17117.10,PASS
5,random_fullrange_1,49,003111d0a922a7ae,0031110222020000,0031110222020000,16683.60,PASS
5,random_fullrange_1,50,003222ee6f11012e,0032220211010000,0032220211010000,16889.40,PASS
5,random_fullrange_1,51,0033113deb22c749,0033110122020000,0033110122020000,16843.70,PASS
5,random_fullrange_1,52,00342218aa118189,0034220111010000,0034220111010000,16760.10,PASS
5,random_fullrange_1,53,003511a03322c0d3,0035110222020000,0035110222020000,16917.30,PASS
5,random_fullrange_1,54,00362200f0116073,0036220111010000,0036220111010000,16966.70,PASS
5,random_fullrange_1,55,003711cc99220a71,0037110222010000,0037110222010000,16803.60,PASS
5,random_fullrange_1,56,00382257471115d9,0038220111010000,0038220111010000,17129.10,PASS
5,random_fullrange_1,57,003911ae0b228fea,0039110222020000,0039110222020000,16876.70,PASS
5,random_fullrange_1,58,003a224cba11686c,003a220111010000,003a220111010000,17160.80,PASS
5,random_fullrange_1,59,003b111b2b22594c,003b110122010000,003b110122010000,16515.80,PASS
5,random_fullrange_1,60,003c22993011c2bd,003c220211020000,003c220211020000,16853.70,PASS
5,random_fullrange_1,61,003d111ed5224772,003d110122010000,003d110122010000,16922.60,PASS
5,random_fullrange_1,62,003e22356a11ba78,003e220111020000,003e220111020000,16419.20,PASS
5,random_fullrange_1,63,003f118f37224e2e,003f110222010000,003f110222010000,16804.20,PASS
5,random_fullrange_1,64,00402243611193fc,0040220111020000,0040220111020000,16767.60,PASS
5,random_fullrange_1,65,004111cbdc226de5,0041110222020000,0041110222020000,16960.90,PASS
5,random_fullrange_1,66,004222d62211a492,0042220211020000,0042220211020000,16690.80,PASS
5,random_fullrange_1,67,004311c5832244c9,0043110222010000,0043110222010000,16752.10,PASS
5,random_fullrange_1,68,00442242b611800a,0044220111010000,0044220111010000,16770.90,PASS
5,random_fullrange_1,69,004511bf6f2205e8,0045110222010000,0045110222010000,17137.80,PASS
5,random_fullrange_1,70,004622cf05111c18,0046220211010000,0046220211010000,16567.50,PASS
5,random_fullrange_1,71,00471143d022fbe7,0047110122020000,0047110122020000,16993.60,PASS
5,random_fullrange_1,72,0048228c2711f66e,0048220211020000,0048220211020000,16835.10,PASS
5,random_fullrange_1,73,0049117c9b2249dc,0049110122010000,0049110122010000,16832.40,PASS
5,random_fullrange_1,74,004a22df6d118fad,004a220211020000,004a220211020000,16887.60,PASS
5,random_fullrange_1,75,004b11eabb22df4b,004b110222020000,004b110222020000,16840.10,PASS
5,random_fullrange_1,76,004c22215211392a,004c220111010000,004c220111010000,16914.20,PASS
5,random_fullrange_1,77,004d114d5a223e58,004d110122010000,004d110122010000,16761.10,PASS
5,random_fullrange_1,78,004e22164811d173,004e220111020000,004e220111020000,16783.80,PASS
5,random_fullrange_1,79,004f1138c4229171,004f110122020000,004f110122020000,17154.80,PASS
5,random_fullrange_1,80,0050227f5e11e173,0050220211020000,0050220211020000,16586.90,PASS
5,random_fullrange_1,81,005111e7ca228785,0051110222020000,0051110222020000,16680.60,PASS
5,random_fullrange_1,82,0052224948110d21,0052220111010000,0052220111010000,16851.70,PASS
5,random_fullrange_1,83,00531136232288b6,0053110122020000,0053110122020000,16759.10,PASS
5,random_fullrange_1,84,00542241c81172a4,0054220111010000,0054220111010000,16969.00,PASS
5,random_fullrange_1,85,00551112fc22165d,0055110122010000,0055110122010000,16883.20,PASS
5,random_fullrange_1,86,005622088411329d,0056220111010000,0056220111010000,16756.70,PASS
5,random_fullrange_1,87,005711c67222f342,0057110222020000,0057110222020000,16863.00,PASS
5,random_fullrange_1,88,0058226ded11741d,0058220211010000,0058220211010000,16741.40,PASS
5,random_fullrange_1,89,005911c42d2287d0,0059110222020000,0059110222020000,16877.00,PASS
5,random_fullrange_1,90,005a2261e91147d0,005a220111010000,005a220111010000,17403.70,PASS
5,random_fullrange_1,91,005b1199b22256e1,005b110222010000,005b110222010000,16457.20,PASS
5,random_fullrange_1,92,005c22eaa8112218,005c220211010000,005c220211010000,16592.90,PASS
5,random_fullrange_1,93,005d1104fa228052,005d110122020000,005d110122020000,16695.20,PASS
5,random_fullrange_1,94,005e225db311876f,005e220111020000,005e220111020000,16926.10,PASS
5,random_fullrange_1,95,005f11842122dc3b,005f110222020000,005f110222020000,16777.20,PASS
5,random_fullrange_1,96,00602294c211e81a,0060220211020000,0060220211020000,16813.30,PASS
5,random_fullrange_1,97,006111353922580e,0061110122010000,0061110122010000,17004.50,PASS
5,random_fullrange_1,98,006222df1011133d,0062220211010000,0062220211010000,16932.70,PASS
5,random_fullrange_1,99,0063114fd522ee1d,0063110122020000,0063110122020000,16537.80,PASS
6,random_fullrange_2,0,000011125d22054d,0000110022000000,0000110022000000,18370.70,PASS
6,random_fullrange_2,1,000122b37b1169d7,0001220011000000,0001220011000000,17107.70,PASS
6,random_fullrange_2,2,000211143022fab7,0002110022000000,0002110022000000,16641.30,PASS
6,random_fullrange_2,3,0003221c0811092f,0003220011000000,0003220011000000,16711.30,PASS
6,random_fullrange_2,4,000411564d229017,0004110022000000,0004110022000000,16852.10,PASS
6,random_fullrange_2,5,000522b5cf110c45,0005220011000000,0005220011000000,16499.30,PASS
6,random_fullrange_2,6,000611804e227657,0006110022000000,0006110022000000,16885.10,PASS
6,random_fullrange_2,7,000722233011800c,0007220011000000,0007220011000000,16819.30,PASS
6,random_fullrange_2,8,000811feb5228af2,0008110022000000,0008110022000000,16716.00,PASS
6,random_fullrange_2,9,0009224dbc113b4c,0009220011000000,0009220011000000,16992.00,PASS
6,random_fullrange_2,10,000a11d04522e4d8,000a110022000000,000a110022000000,16842.40,PASS
6,random_fullrange_2,11,000b22270111a011,000b220011000000,000b220011000000,16826.70,PASS
6,random_fullrange_2,12,000c11ac7a220a35,000c110022000000,000c110022000000,17046.90,PASS
6,random_fullrange_2,13,000d2296dd112819,000d220011000000,000d220011000000,16897.30,PASS
6,random_fullrange_2,14,000e11034c226b2e,000e110022000000,000e110022000000,16839.90,PASS
6,random_fullrange_2,15,000f22a033112100,000f220011000000,000f220011000000,16718.20,PASS
6,random_fullrange_2,16,0010119a0d22073c,0010110222010000,0010110222010000,16766.40,PASS
6,random_fullrange_2,17,001122071a118472,0011220111020000,0011220111020000,17120.30,PASS
6,random_fullrange_2,18,001211e66d22f756,0012110222020000,0012110222020000,16964.10,PASS
6,random_fullrange_2,19,001322b92311134c,0013220211010000,0013220211010000,16749.90,PASS
6,random_fullrange_2,20,001411c6432285bd,0014110222020000,0014110222020000,16947.50,PASS
6,random_fullrange_2,21,00152262f51189b0,0015220111020000,0015220111020000,16732.00,PASS
6,random_fullrange_2,22,0016112a7b22384f,0016110122010000,0016110122010000,17391.30,PASS
6,random_fullrange_2,23,001722a366111b03,0017220211010000,0017220211010000,16155.60,PASS
6,random_fullrange_2,24,00181155ae22cadd,0018110122020000,0018110122020000,17000.00,PASS
6,random_fullrange_2,25,001922eacb11a665,0019220211020000,0019220211020000,16744.60,PASS
6,random_fullrange_2,26,001a11093d223b9d,001a110122010000,001a110122010000,17394.30,PASS
6,random_fullrange_2,27,001b22218f115e9c,001b220111010000,001b220111010000,16341.90,PASS
6,random_fullrange_2,28,001c11cd2f22ebc6,001c110222020000,001c110222020000,16908.20,PASS
6,random_fullrange_2,29,001d22e8c711a01d,001d220211020000,001d220211020000,16496.30,PASS
6,random_fullrange_2,30,001e11396922ef99,001e110122020000,001e110122020000,17295.30,PASS
6,random_fullrange_2,31,001f2288c911affe,001f220111020000,001f220111020000,16778.20,PASS
6,random_fullrange_2,32,002011d3f722c688,0020110222020000,0020110222020000,16802.50,PASS
6,random_fullrange_2,33,002122a91d11b26a,0021220211020000,0021220211020000,16684.40,PASS
6,random_fullrange_2,34,002211cdc7229301,0022110222010000,0022110222010000,16761.90,PASS
6,random_fullrange_2,35,002322157311c917,0023220111020000,0023220111020000,16710.40,PASS
6,random_fullrange_2,36,0024111bc2223be7,0024110122010000,0024110122010000,16873.70,PASS
6,random_fullrange_2,37,002522e98d115df5,0025220211010000,0025220211010000,17100.00,PASS
6,random_fullrange_2,38,0026117dbb22359e,0026110122010000,0026110122010000,17109.60,PASS
6,random_fullrange_2,39,002722366e11f3aa,0027220111020000,0027220111020000,16220.70,PASS
6,random_fullrange_2,40,0028118325228af5,0028110122010000,0028110122010000,16443.50,PASS
6,random_fullrange_2,41,002922336d1123ba,0029220111010000,0029220111010000,16722.50,PASS
6,random_fullrange_2,42,002a11b9bc22b168,002a110222020000,002a110222020000,16862.60,PASS
6,random_fullrange_2,43,002b22d6e31124ad,002b220211010000,002b220211010000,16820.60,PASS
6,random_fullrange_2,44,002c119f722286b3,002c110222010000,002c110222010000,16849.90,PASS
6,random_fullrange_2,45,002d226612115e63,002d220111010000,002d220111010000,16891.50,PASS
6,random_fullrange_2,46,002e1143c9227ba8,002e110122010000,002e110122010000,17221.50,PASS
6,random_fullrange_2,47,002f226ca8115296,002f220111010000,002f220111010000,16690.20,PASS
6,random_fullrange_2,48,00301101832240f6,0030110122010000,0030110122010000,16934.00,PASS
6,random_fullrange_2,49,003122e82b116985,0031220211010000,0031220211010000,16825.20,PASS
6,random_fullrange_2,50,003211a0d922b4e7,0032110222020000,0032110222020000,16747.40,PASS
6,random_fullrange_2,51,003322159c11c09e,0033220111020000,0033220111020000,17341.10,PASS
6,random_fullrange_2,52,00341181bf22d83b,0034110222020000,0034110222020000,16711.50,PASS
6,random_fullrange_2,53,0035220517115338,0035220111010000,0035220111010000,16266.00,PASS
6,random_fullrange_2,54,00361164a5220f62,0036110122010000,0036110122010000,17466.30,PASS
6,random_fullrange_2,55,00372290f31194f1,0037220211020000,0037220211020000,16339.90,PASS
6,random_fullrange_2,56,00381138d6227684,0038110122010000,0038110122010000,16608.30,PASS
6,random_fullrange_2,57,003922083b11a90f,0039220111020000,0039220111020000,17143.10,PASS
6,random_fullrange_2,58,003a11adbf2234af,003a110222010000,003a110222010000,16696.60,PASS
6,random_fullrange_2,59,003b229124117e4a,003b220211020000,003b220211020000,16630.10,PASS
6,random_fullrange_2,60,003c118b9e228886,003c110222020000,003c110222020000,16684.00,PASS
6,random_fullrange_2,61,003d228c3c119694,003d220211020000,003d220211020000,16935.70,PASS
6,random_fullrange_2,62,003e11efe322fa6f,003e110222020000,003e110222020000,16946.50,PASS
6,random_fullrange_2,63,003f2262db1161b6,003f220111010000,003f220111010000,16770.00,PASS
6,random_fullrange_2,64,004011c112225d88,0040110222010000,0040110222010000,16909.60,PASS
6,random_fullrange_2,65,004122eb97117493,0041220211010000,0041220211010000,16715.20,PASS
6,random_fullrange_2,66,0042111fce22fd58,0042110122020000,0042110122020000,16922.10,PASS
6,random_fullrange_2,67,004322258a11f28a,0043220111020000,0043220111020000,16846.00,PASS
6,random_fullrange_2,68,004411203622fcc3,0044110122020000,0044110122020000,16968.70,PASS
6,random_fullrange_2,69,00452243541139a0,0045220111010000,0045220111010000,16820.90,PASS
6,random_fullrange_2,70,0046111b7e22074c,0046110122010000,0046110122010000,16822.50,PASS
6,random_fullrange_2,71,00472245d4111a9a,0047220111010000,0047220111010000,17080.90,PASS
6,random_fullrange_2,72,0048112f0e22b141,0048110122020000,0048110122020000,16697.10,PASS
6,random_fullrange_2,73,0049227bed115fdf,0049220111010000,0049220111010000,16676.30,PASS
6,random_fullrange_2,74,004a11cfcf2265ff,004a110222010000,004a110222010000,16739.30,PASS
6,random_fullrange_2,75,004b22d69d11c0c5,004b220211020000,004b220211020000,17043.10,PASS
6,random_fullrange_2,76,004c11632b224a72,004c110122010000,004c110122010000,16838.40,PASS
6,random_fullrange_2,77,004d22dca611338a,004d220211010000,004d220211010000,16902.40,PASS
6,random_fullrange_2,78,004e1106bf22dab9,004e110122020000,004e110122020000,16801.60,PASS
6,random_fullrange_2,79,004f22d3c811f1dd,004f220211020000,004f220211020000,16825.80,PASS
6,random_fullrange_2,80,005011ea182247f7,0050110222010000,0050110222010000,17200.20,PASS
6,random_fullrange_2,81,005122edb3113aac,0051220211010000,0051220211010000,16589.20,PASS
6,random_fullrange_2,82,0052115ebe220a49,0052110122010000,0052110122010000,16973.50,PASS
6,random_fullrange_2,83,005322574b1107b5,0053220111010000,0053220111010000,16926.40,PASS
6,random_fullrange_2,84,005411e31522a0b3,0054110222020000,0054110222020000,16689.50,PASS
6,random_fullrange_2,85,00552297401138f2,0055220211010000,0055220211010000,16899.90,PASS
6,random_fullrange_2,86,005611ea3122604b,0056110222010000,0056110222010000,16684.40,PASS
6,random_fullrange_2,87,005722c8d91120f1,0057220211010000,0057220211010000,17020.50,PASS
6,random_fullrange_2,88,0058114a9e22cbe2,0058110122020000,0058110122020000,17239.70,PASS
6,random_fullrange_2,89,0059227f67118327,0059220111020000,0059220111020000,16261.00,PASS
6,random_fullrange_2,90,005a111427226485,005a110122010000,005a110122010000,16696.50,PASS
6,random_fullrange_2,91,005b22f51011596d,005b220211010000,005b220211010000,16719.30,PASS
6,random_fullrange_2,92,005c11c73122f538,005c110222020000,005c110222020000,16848.80,PASS
6,random_fullrange_2,93,005d221d461135bf,005d220111010000,005d220111010000,16725.90,PASS
6,random_fullrange_2,94,005e115fed22b94e,005e110122020000,005e110122020000,16956.90,PASS
6,random_fullrange_2,95,005f22a7c611177f,005f220211010000,005f220211010000,16784.60,PASS
6,random_fullrange_2,96,00601138c6225d05,0060110122010000,0060110122010000,16871.50,PASS
6,random_fullrange_2,97,0061221644112aa3,0061220111010000,0061220111010000,16878.50,PASS
6,random_fullrange_2,98,0062110314222774,0062110122010000,0062110122010000,16620.90,PASS
6,random_fullrange_2,99,006322cda1117e4e,0063220211020000,0063220211020000,16994.90,PASS
7,random_fullrange_3,0,0000227eb711d1e6,0000220011000000,0000220011000000,6271.20,PASS
7,random_fullrange_3,1,000111e1472256a1,0001110022000000,0001110022000000,16811.90,PASS
7,random_fullrange_3,2,00022259b5118c8d,0002220011000000,0002220011000000,16772.20,PASS
7,random_fullrange_3,3,000311de6a223cb8,0003110022000000,0003110022000000,17257.30,PASS
7,random_fullrange_3,4,00042262441191bc,0004220011000000,0004220011000000,16714.10,PASS
7,random_fullrange_3,5,000511194e22e67b,0005110022000000,0005110022000000,16765.00,PASS
7,random_fullrange_3,6,000622449b114e7b,0006220011000000,0006220011000000,16481.30,PASS
7,random_fullrange_3,7,000711019622b9f7,0007110022000000,0007110022000000,17072.30,PASS
7,random_fullrange_3,8,00082249a811348c,0008220011000000,0008220011000000,17192.40,PASS
7,random_fullrange_3,9,0009111bfb22ac6b,0009110022000000,0009110022000000,16625.70,PASS
7,random_fullrange_3,10,000a2266b81196c1,000a220011000000,000a220011000000,17031.40,PASS
7,random_fullrange_3,11,000b11bf852285e0,000b110022000000,000b110022000000,16748.30,PASS
7,random_fullrange_3,12,000c222c1711748a,000c220011000000,000c220011000000,16676.80,PASS
7,random_fullrange_3,13,000d11997122d937,000d110022000000,000d110022000000,16588.90,PASS
7,random_fullrange_3,14,000e225d3c11a0ea,000e220011000000,000e220011000000,16840.20,PASS
7,random_fullrange_3,15,000f11750d22b44b,000f110022000000,000f110022000000,16547.00,PASS
7,random_fullrange_3,16,00102260f1112d33,0010220111000000,0010220111000000,16921.10,PASS
7,random_fullrange_3,17,001111a4ac2217db,0011110222010000,0011110222010000,16954.80,PASS
7,random_fullrange_3,18,001222346d11adb0,0012220111020000,0012220111020000,16577.80,PASS
7,random_fullrange_3,19,0013112f212294b7,0013110122020000,0013110122020000,16907.60,PASS
7,random_fullrange_3,20,00142297ca118125,0014220211020000,0014220211020000,17113.20,PASS
7,random_fullrange_3,21,00151176e7222e9f,0015110222010000,0015110222010000,16426.50,PASS
7,random_fullrange_3,22,001622688311bb54,0016220111020000,0016220111020000,17219.10,PASS
7,random_fullrange_3,23,001711ac802210a1,0017110222010000,0017110222010000,16507.10,PASS
7,random_fullrange_3,24,0018225c0b119258,0018220111020000,0018220111020000,16781.90,PASS
7,random_fullrange_3,25,001911e787221383,0019110222010000,0019110222010000,16845.80,PASS
7,random_fullrange_3,26,001a22244111f59d,001a220111020000,001a220111020000,16616.50,PASS
7,random_fullrange_3,27,001b11a0a8229383,001b110222020000,001b110222020000,16762.40,PASS
7,random_fullrange_3,28,001c22323311cb4a,001c220111020000,001c220111020000,17125.80,PASS
7,random_fullrange_3,29,001d11f95722b92b,001d110222020000,001d110222020000,16582.40,PASS
7,random_fullrange_3,30,001e2266be119fcf,001e220211020000,001e220211020000,16739.50,PASS
7,random_fullrange_3,31,001f1111792297e4,001f110122020000,001f110122020000,16712.40,PASS
7,random_fullrange_3,32,002022eebe116c2c,0020220211010000,0020220211010000,16865.30,PASS
7,random_fullrange_3,33,002111fb1a22ed98,0021110222020000,0021110222020000,16921.20,PASS
7,random_fullrange_3,34,0022228045116ad4,0022220211010000,0022220211010000,17098.60,PASS
7,random_fullrange_3,35,00231133db226d37,0023110122010000,0023110122010000,16676.70,PASS
7,random_fullrange_3,36,002422cce411b015,0024220211020000,0024220211020000,16860.30,PASS
7,random_fullrange_3,37,00251162ef22f1d6,0025110122020000,0025110122020000,16829.00,PASS
7,random_fullrange_3,38,0026224bdd116a4f,0026220111010000,0026220111010000,16773.80,PASS
7,random_fullrange_3,39,0027115a4622d422,0027110122020000,0027110122020000,16785.70,PASS
7,random_fullrange_3,40,002822536b117cc0,0028220111010000,0028220111010000,16706.90,PASS
7,random_fullrange_3,41,00291155dc22d601,0029110122020000,0029110122020000,17043.60,PASS
7,random_fullrange_3,42,002a22090d11c506,002a220111020000,002a220111020000,16821.30,PASS
7,random_fullrange_3,43,002b11a446229fe1,002b110222020000,002b110222020000,16936.80,PASS
7,random_fullrange_3,44,002c2288db1125c5,002c220111010000,002c220111010000,16871.00,PASS
7,random_fullrange_3,45,002d11f7d62205b6,002d110222010000,002d110222010000,16585.50,PASS
7,random_fullrange_3,46,002e2265a011723e,002e220111010000,002e220111010000,17593.80,PASS
7,random_fullrange_3,47,002f11eed9227879,002f110222010000,002f110222010000,16307.30,PASS
7,random_fullrange_3,48,003022ede211bea8,0030220211020000,0030220211020000,17270.50,PASS
7,random_fullrange_3,49,0031115f8d225bf6,0031110122010000,0031110122010000,16642.60,PASS
7,random_fullrange_3,50,0032221c7e118420,0032220111010000,0032220111010000,17146.00,PASS
7,random_fullrange_3,51,00331188c5227c72,0033110122010000,0033110122010000,16369.60,PASS
7,random_fullrange_3,52,003422d2ab1172ba,0034220211010000,0034220211010000,17094.70,PASS
7,random_fullrange_3,53,003511355f22141c,0035110122010000,0035110122010000,16429.60,PASS
7,random_fullrange_3,54,003622110c11dbb2,0036220111020000,0036220111020000,16822.30,PASS
7,random_fullrange_3,55,003711f81922bc7b,0037110222020000,0037110222020000,16845.80,PASS
7,random_fullrange_3,56,00382246c911dbcd,0038220111020000,0038220111020000,16585.20,PASS
7,random_fullrange_3,57,003911deca2239ae,0039110222010000,0039110222010000,16798.70,PASS
7,random_fullrange_3,58,003a22cde8110b36,003a220211010000,003a220211010000,16739.00,PASS
7,random_fullrange_3,59,003b115c3e228972,003b110122020000,003b110122020000,17127.60,PASS
7,random_fullrange_3,60,003c229152116614,003c220211010000,003c220211010000,16848.30,PASS
7,random_fullrange_3,61,003d11272022c71d,003d110122020000,003d110122020000,16638.30,PASS
7,random_fullrange_3,62,003e226a2611c658,003e220111020000,003e220111020000,16901.90,PASS
7,random_fullrange_3,63,003f11653a22674f,003f110122010000,003f110122010000,17642.80,PASS
7,random_fullrange_3,64,0040227bcc119a97,0040220211020000,0040220211020000,16343.70,PASS
7,random_fullrange_3,65,004111295822ace7,0041110122020000,0041110122020000,16631.40,PASS
7,random_fullrange_3,66,004222eb2111badd,0042220211020000,0042220211020000,16888.30,PASS
7,random_fullrange_3,67,004311bd51227c4f,0043110222010000,0043110222010000,16574.10,PASS
7,random_fullrange_3,68,004422533c118806,0044220111010000,0044220111010000,16634.20,PASS
7,random_fullrange_3,69,0045111f4022b689,0045110122020000,0045110122020000,16954.90,PASS
7,random_fullrange_3,70,004622c5ee11cd2d,0046220211020000,0046220211020000,16602.80,PASS
7,random_fullrange_3,71,004711ae81225fac,0047110222010000,0047110222010000,16968.20,PASS
7,random_fullrange_3,72,004822eebb11d6a4,0048220211020000,0048220211020000,17147.90,PASS
7,random_fullrange_3,73,004911fe2e22a760,0049110222020000,0049110222020000,17517.30,PASS
7,random_fullrange_3,74,004a224b6d119e0d,004a220111020000,004a220111020000,16682.00,PASS
7,random_fullrange_3,75,004b11408f22a568,004b110122020000,004b110122020000,16492.50,PASS
7,random_fullrange_3,76,004c2231d511a398,004c220111020000,004c220111020000,16602.40,PASS
7,random_fullrange_3,77,004d11126c226e07,004d110122010000,004d110122010000,16797.10,PASS
7,random_fullrange_3,78,004e22de51111a59,004e220211010000,004e220211010000,16829.90,PASS
7,random_fullrange_3,79,004f11a77722d2da,004f110222020000,004f110222020000,17007.80,PASS
7,random_fullrange_3,80,005022dd50116b56,0050220211010000,0050220211010000,17357.70,PASS
7,random_fullrange_3,81,0051114bfe2291aa,0051110122010000,0051110122010000,16201.00,PASS
7,random_fullrange_3,82,0052223e6311cbdc,0052220111020000,0052220111020000,16797.90,PASS
7,random_fullrange_3,83,005311cc8b22bc45,0053110222020000,0053110222020000,16804.80,PASS
7,random_fullrange_3,84,005422638311f1b5,0054220111020000,0054220111020000,16765.10,PASS
7,random_fullrange_3,85,0055119fdd222d90,0055110222010000,0055110222010000,16793.90,PASS
7,random_fullrange_3,86,005622ef39116206,0056220211010000,0056220211010000,16973.30,PASS
7,random_fullrange_3,87,005711455122a338,0057110122020000,0057110122020000,16788.80,PASS
7,random_fullrange_3,88,005822a7ad117bd2,0058220211010000,0058220211010000,17005.70,PASS
7,random_fullrange_3,89,0059113e122210da,0059110122010000,0059110122010000,16844.70,PASS
7,random_fullrange_3,90,005a22ccb61158c7,005a220211010000,005a220211010000,16667.30,PASS
7,random_fullrange_3,91,005b11dd29225b77,005b110222010000,005b110222010000,16950.50,PASS
7,random_fullrange_3,92,005c22e3b811ee36,005c220211020000,005c220211020000,16854.30,PASS
7,random_fullrange_3,93,005d11efe122b1f0,005d110222020000,005d110222020000,16891.10,PASS
7,random_fullrange_3,94,005e22fd5e11b17b,005e220211020000,005e220211020000,16909.20,PASS
7,random_fullrange_3,95,005f110926220cef,005f110122010000,005f110122010000,16793.40,PASS
7,random_fullrange_3,96,0060227c8e11a677,0060220111020000,0060220111020000,16694.70,PASS
7,random_fullrange_3,97,0061117b6122cfa7,0061110122020000,0061110122020000,16772.50,PASS
7,random_fullrange_3,98,0062227d281116b9,0062220111010000,0062220111010000,16801.80,PASS
7,random_fullrange_3,99,006311c09f220999,0063110222010000,0063110222010000,16946.60,PASS
8,random_fullrange_4,0,00001175c2222db3,0000110022000000,0000110022000000,7899.80,PASS
8,random_fullrange_4,1,00012250271122cb,0001220011000000,0001220011000000,16960.10,PASS
8,random_fullrange_4,2,000211e80522ed3e,0002110022000000,0002110022000000,16788.90,PASS
8,random_fullrange_4,3,000322bc7711a441,0003220011000000,0003220011000000,16857.80,PASS
8,random_fullrange_4,4,0004111b44222ac3,0004110022000000,0004110022000000,16820.70,PASS
8,random_fullrange_4,5,000522e05211d6f1,0005220011000000,0005220011000000,16990.80,PASS
8,random_fullrange_4,6,0006119b83225683,0006110022000000,0006110022000000,16707.20,PASS
8,random_fullrange_4,7,0007225c3e11fb6d,0007220011000000,0007220011000000,17109.00,PASS
8,random_fullrange_4,8,0008111d20224522,0008110022000000,0008110022000000,16670.10,PASS
8,random_fullrange_4,9,000922f3711180d7,0009220011000000,0009220011000000,17076.80,PASS
8,random_fullrange_4,10,000a110c1f2216d8,000a110022000000,000a110022000000,16749.70,PASS
8,random_fullrange_4,11,000b22776911dbb6,000b220011000000,000b220011000000,16868.80,PASS
8,random_fullrange_4,12,000c11ec3b22f79c,000c110022000000,000c110022000000,16799.30,PASS
8,random_fullrange_4,13,000d224050110e52,000d220011000000,000d220011000000,16642.60,PASS
8,random_fullrange_4,14,000e112b6a22cef2,000e110022000000,000e110022000000,16802.80,PASS
8,random_fullrange_4,15,000f22856411717a,000f220011000000,000f220011000000,16821.70,PASS
8,random_fullrange_4,16,001011635f2274b8,0010110022010000,0010110022010000,16781.70,PASS
8,random_fullrange_4,17,00112201521125a0,0011220111000000,0011220111000000,17082.10,PASS
8,random_fullrange_4,18,0012119b2d22b601,0012110222020000,0012110222020000,16592.40,PASS
8,random_fullrange_4,19,001322214011a3cf,0013220111020000,0013220111020000,16734.20,PASS
8,random_fullrange_4,20,001411fd7522e996,0014110222020000,0014110222020000,17114.90,PASS
8,random_fullrange_4,21,001522e4991162ba,0015220211010000,0015220211010000,16553.30,PASS
8,random_fullrange_4,22,0016112de722e6d5,0016110122020000,0016110122020000,16772.40,PASS
8,random_fullrange_4,23,0017228aad11601c,0017220111010000,0017220111010000,16967.70,PASS
8,random_fullrange_4,24,001811044022e097,0018110122020000,0018110122020000,16868.00,PASS
8,random_fullrange_4,25,001922a9081169c3,0019220211010000,0019220211010000,16781.30,PASS
8,random_fullrange_4,26,001a110bcc22d0cd,001a110122020000,001a110122020000,16821.40,PASS
8,random_fullrange_4,27,001b22d2691160f0,001b220211010000,001b220211010000,16906.50,PASS
8,random_fullrange_4,28,001c1133b1220a36,001c110122010000,001c110122010000,16794.20,PASS
8,random_fullrange_4,29,001d2253c311e1e7,001d220111020000,001d220111020000,16819.50,PASS
8,random_fullrange_4,30,001e1127bd22921d,001e110122010000,001e110122010000,16690.70,PASS
8,random_fullrange_4,31,001f22a0961150ba,001f220211010000,001f220211010000,17042.10,PASS
8,random_fullrange_4,32,002011f4d5228b46,0020110222010000,0020110222010000,17202.10,PASS
8,random_fullrange_4,33,00212240e511dd3d,0021220111020000,0021220111020000,16231.80,PASS
8,random_fullrange_4,34,00221113db227310,0022110122010000,0022110122010000,16782.00,PASS
8,random_fullrange_4,35,002322ab7611a9cf,0023220211020000,0023220211020000,17060.90,PASS
8,random_fullrange_4,36,00241106dd22683c,0024110122010000,0024110122010000,16530.40,PASS
8,random_fullrange_4,37,0025225ec611fc12,0025220111020000,0025220111020000,16985.70,PASS
8,random_fullrange_4,38,002611c7ce229142,0026110222020000,0026110222020000,17041.30,PASS
8,random_fullrange_4,39,00272291751122c8,0027220211010000,0027220211010000,16350.60,PASS
8,random_fullrange_4,40,002811915d22f8cd,0028110222020000,0028110222020000,16843.80,PASS
8,random_fullrange_4,41,002922262f1183d7,0029220111020000,0029220111020000,17044.40,PASS
8,random_fullrange_4,42,002a11b2e1223764,002a110222010000,002a110222010000,16662.90,PASS
8,random_fullrange_4,43,002b22554b11a754,002b220111020000,002b220111020000,16971.00,PASS
8,random_fullrange_4,44,002c1164f62282af,002c110122020000,002c110122020000,16777.50,PASS
8,random_fullrange_4,45,002d220c581122be,002d220111010000,002d220111010000,17170.80,PASS
8,random_fullrange_4,46,002e11b982225c7e,002e110222010000,002e110222010000,16531.80,PASS
8,random_fullrange_4,47,002f22098f1150ca,002f220111010000,002f220111010000,16596.10,PASS
8,random_fullrange_4,48,003011b96322f608,0030110222020000,0030110222020000,16799.80,PASS
8,random_fullrange_4,49,00312273fc11246e,0031220211010000,0031220211010000,16960.00,PASS
8,random_fullrange_4,50,0032117ad2224df5,0032110122010000,0032110122010000,17014.90,PASS
8,random_fullrange_4,51,0033220285113a8a,0033220111010000,0033220111010000,16535.90,PASS
8,random_fullrange_4,52,00341140c722492d,0034110122010000,0034110122010000,17497.40,PASS
8,random_fullrange_4,53,0035228026114773,0035220211010000,0035220211010000,16222.60,PASS
8,random_fullrange_4,54,003611b17e2286da,0036110222020000,0036110222020000,17002.60,PASS
8,random_fullrange_4,55,003722466c11ce16,0037220111020000,0037220111020000,16682.50,PASS
8,random_fullrange_4,56,003811e7da22c2c9,0038110222020000,0038110222020000,16567.30,PASS
8,random_fullrange_4,57,003922500d118ee8,0039220111020000,0039220111020000,17351.40,PASS
8,random_fullrange_4,58,003a11895b22a7d1,003a110222020000,003a110222020000,16207.60,PASS
8,random_fullrange_4,59,003b221594119cf6,003b220111020000,003b220111020000,17104.50,PASS
8,random_fullrange_4,60,003c11ed792271dc,003c110222020000,003c110222020000,16501.60,PASS
8,random_fullrange_4,61,003d22d13e113c69,003d220211010000,003d220211010000,17501.30,PASS
8,random_fullrange_4,62,003e11042322dcc9,003e110122020000,003e110122020000,16269.10,PASS
8,random_fullrange_4,63,003f2266341173a0,003f220111010000,003f220111010000,17185.40,PASS
8,random_fullrange_4,64,004011b1c3227e47,0040110222020000,0040110222020000,16489.40,PASS
8,random_fullrange_4,65,00412242641122d4,0041220111010000,0041220111010000,16708.70,PASS
8,random_fullrange_4,66,00421194512283e2,0042110222020000,0042110222020000,16689.60,PASS
8,random_fullrange_4,67,004322dd61116cfa,0043220211010000,0043220211010000,16842.60,PASS
8,random_fullrange_4,68,0044116a68227322,0044110122010000,0044110122010000,16902.40,PASS
8,random_fullrange_4,69,004522051a11ddc3,0045220111020000,0045220111020000,16841.80,PASS
8,random_fullrange_4,70,00461176d3229827,0046110122020000,0046110122020000,16913.80,PASS
8,random_fullrange_4,71,004722b50e11ca2f,0047220211020000,0047220211020000,16971.80,PASS
8,random_fullrange_4,72,0048117715227a69,0048110122010000,0048110122010000,16888.20,PASS
8,random_fullrange_4,73,004922946c11f35b,0049220211020000,0049220211020000,16834.70,PASS
8,random_fullrange_4,74,004a116d1722dc13,004a110122020000,004a110122020000,17015.60,PASS
8,random_fullrange_4,75,004b22c55a11a013,004b220211020000,004b220211020000,16997.60,PASS
8,random_fullrange_4,76,004c1190da22515e,004c110222010000,004c110222010000,16642.10,PASS
8,random_fullrange_4,77,004d228ae0114642,004d220111010000,004d220111010000,17434.20,PASS
8,random_fullrange_4,78,004e1195d3228501,004e110222010000,004e110222010000,16250.90,PASS
8,random_fullrange_4,79,004f22e4ed11f760,004f220211020000,004f220211020000,17341.20,PASS
8,random_fullrange_4,80,00501106af22dcfe,0050110122020000,0050110122020000,16463.40,PASS
8,random_fullrange_4,81,0051225af4118a33,0051220111010000,0051220111010000,17059.60,PASS
8,random_fullrange_4,82,00521190c02222a9,0052110222010000,0052110222010000,16504.90,PASS
8,random_fullrange_4,83,005322462911ba6b,0053220111020000,0053220111020000,16702.60,PASS
8,random_fullrange_4,84,005411cf59229e3d,0054110222020000,0054110222020000,17234.70,PASS
8,random_fullrange_4,85,0055220c2711ff30,0055220111020000,0055220111020000,16551.90,PASS
8,random_fullrange_4,86,0056110e22225d13,0056110122010000,0056110122010000,17480.40,PASS
8,random_fullrange_4,87,0057226f64115955,0057220111010000,0057220111010000,16078.70,PASS
8,random_fullrange_4,88,0058119da5224ff2,0058110222010000,0058110222010000,16812.60,PASS
8,random_fullrange_4,89,005922e1dd118aa3,0059220211010000,0059220211010000,16753.90,PASS
8,random_fullrange_4,90,005a114c5e228527,005a110122020000,005a110122020000,16739.60,PASS
8,random_fullrange_4,91,005b22f1ea11b118,005b220211020000,005b220211020000,16978.00,PASS
8,random_fullrange_4,92,005c11b233226b66,005c110222010000,005c110222010000,16858.70,PASS
8,random_fullrange_4,93,005d223c1011ebc7,005d220111020000,005d220111020000,16675.80,PASS
8,random_fullrange_4,94,005e119faf22186f,005e110222010000,005e110222010000,16780.70,PASS
8,random_fullrange_4,95,005f220668111c08,005f220111010000,005f220111010000,16991.60,PASS
8,random_fullrange_4,96,006011eb4322e1f1,0060110222020000,0060110222020000,17142.00,PASS
8,random_fullrange_4,97,0061225b84111f92,0061220111010000,0061220111010000,16677.30,PASS
8,random_fullrange_4,98,006211c1b1224068,0062110222010000,0062110222010000,16819.20,PASS
8,random_fullrange_4,99,00632223231181e3,0063220111010000,0063220111010000,16603.30,PASS
9,random_fullrange_5,0,0000221a201127ca,0000220011000000,0000220011000000,2181.50,PASS
9,random_fullrange_5,1,0001111928220ec1,0001110022000000,0001110022000000,16900.60,PASS
9,random_fullrange_5,2,0002223e9911b490,0002220011000000,0002220011000000,16754.70,PASS
9,random_fullrange_5,3,000311513722a1bf,0003110022000000,0003110022000000,16676.30,PASS
9,random_fullrange_5,4,000422246211a60e,0004220011000000,0004220011000000,16941.50,PASS
9,random_fullrange_5,5,000511a646227a8d,0005110022000000,0005110022000000,16883.70,PASS
9,random_fullrange_5,6,000622f935114257,0006220011000000,0006220011000000,16812.40,PASS
9,random_fullrange_5,7,00071131ef220973,0007110022000000,0007110022000000,16712.10,PASS
9,random_fullrange_5,8,0008229cb1113602,0008220011000000,0008220011000000,17027.20,PASS
9,random_fullrange_5,9,000911a10d226e6d,0009110022000000,0009110022000000,16837.10,PASS
9,random_fullrange_5,10,000a227bad11692b,000a220011000000,000a220011000000,16949.50,PASS
9,random_fullrange_5,11,000b117b3c221ceb,000b110022000000,000b110022000000,16742.80,PASS
9,random_fullrange_5,12,000c22fcb611bcd4,000c220011000000,000c220011000000,17032.60,PASS
9,random_fullrange_5,13,000d1151d622bf55,000d110022000000,000d110022000000,16695.50,PASS
9,random_fullrange_5,14,000e22271311e2e0,000e220011000000,000e220011000000,16814.20,PASS
9,random_fullrange_5,15,000f110550227940,000f110022000000,000f110022000000,16985.10,PASS
9,random_fullrange_5,16,001022c97011aacb,0010220011020000,0010220011020000,16765.70,PASS
9,random_fullrange_5,17,001111abb922a813,0011110222000000,0011110222000000,16765.10,PASS
9,random_fullrange_5,18,00122219d511c687,0012220111020000,0012220111020000,17011.30,PASS
9,random_fullrange_5,19,001311f14622ccaf,0013110222020000,0013110222020000,16493.60,PASS
9,random_fullrange_5,20,00142217e1117909,0014220111010000,0014220111010000,16800.80,PASS
9,random_fullrange_5,21,0015114504226765,0015110122010000,0015110122010000,17329.30,PASS
9,random_fullrange_5,22,0016227c5411217d,0016220211010000,0016220211010000,16554.90,PASS
9,random_fullrange_5,23,001711626422049e,0017110122010000,0017110122010000,16924.70,PASS
9,random_fullrange_5,24,001822a36f1123e3,0018220211010000,0018220211010000,16861.00,PASS
9,random_fullrange_5,25,001911fcd222c312,0019110222020000,0019110222020000,16823.90,PASS
9,random_fullrange_5,26,001a22c7ed11cfbc,001a220211020000,001a220211020000,17017.10,PASS
9,random_fullrange_5,27,001b117bea2241f6,001b110122010000,001b110122010000,16890.40,PASS
9,random_fullrange_5,28,001c22a653111513,001c220211010000,001c220211010000,17087.40,PASS
9,random_fullrange_5,29,001d111429224a1b,001d110122010000,001d110122010000,16327.30,PASS
9,random_fullrange_5,30,001e22a71911c328,001e220211020000,001e220211020000,16758.10,PASS
9,random_fullrange_5,31,001f11495822bb86,001f110122020000,001f110122020000,16815.80,PASS
9,random_fullrange_5,32,0020224f9611780d,0020220111010000,0020220111010000,16835.10,PASS
9,random_fullrange_5,33,00211135b52238ad,0021110122010000,0021110122010000,16707.70,PASS
9,random_fullrange_5,34,002222cbdc1123b5,0022220211010000,0022220211010000,16922.00,PASS
9,random_fullrange_5,35,00231159dd22e3c4,0023110122020000,0023110122020000,16813.20,PASS
9,random_fullrange_5,36,0024227ffc1179c2,0024220111020000,0024220111020000,16957.00,PASS
9,random_fullrange_5,37,0025112a4522b158,0025110122020000,0025110122020000,16802.50,PASS
9,random_fullrange_5,38,002622c75f118c50,0026220211020000,0026220211020000,16820.00,PASS
9,random_fullrange_5,39,002711b9cb225c06,0027110222010000,0027110222010000,16755.00,PASS
9,random_fullrange_5,40,002822197a11812d,0028220111020000,0028220111020000,16931.80,PASS
9,random_fullrange_5,41,0029111625227e7b,0029110122010000,0029110122010000,16891.50,PASS
9,random_fullrange_5,42,002a224596110d8a,002a220111010000,002a220111010000,17001.70,PASS
9,random_fullrange_5,43,002b11a329223687,002b110222010000,002b110222010000,16702.20,PASS
9,random_fullrange_5,44,002c223fe911cf5d,002c220111020000,002c220111020000,16746.80,PASS
9,random_fullrange_5,45,002d116f0a2213f9,002d110222010000,002d110222010000,17554.80,PASS
9,random_fullrange_5,46,002e2279b81155fd,002e220211010000,002e220211010000,16803.60,PASS
9,random_fullrange_5,47,002f1161ed22a47d,002f110122020000,002f110122020000,16237.50,PASS
9,random_fullrange_5,48,0030228300118d32,0030220211020000,0030220211020000,16705.20,PASS
9,random_fullrange_5,49,00311105ad2260fc,0031110122010000,0031110122010000,16765.50,PASS
9,random_fullrange_5,50,003222336311e810,0032220111020000,0032220111020000,16929.60,PASS
9,random_fullrange_5,51,003311ae38229897,0033110222020000,0033110222020000,16686.80,PASS
9,random_fullrange_5,52,003422ad6311cc2d,0034220211020000,0034220211020000,17148.80,PASS
9,random_fullrange_5,53,00351103202270c6,0035110122020000,0035110122020000,16701.80,PASS
9,random_fullrange_5,54,0036229cca111a7b,0036220211010000,0036220211010000,17143.80,PASS
9,random_fullrange_5,55,003711f77e227d25,0037110222020000,0037110222020000,16455.70,PASS
9,random_fullrange_5,56,003822522011e626,0038220111020000,0038220111020000,16671.50,PASS
9,random_fullrange_5,57,003911fe2d2204fd,0039110222010000,0039110222010000,16672.60,PASS
9,random_fullrange_5,58,003a227eff11cf6c,003a220211020000,003a220211020000,17581.20,PASS
9,random_fullrange_5,59,003b1166ae22ad9d,003b110122020000,003b110122020000,16129.00,PASS
9,random_fullrange_5,60,003c22c59311371a,003c220211010000,003c220211010000,17002.70,PASS
9,random_fullrange_5,61,003d1102162222ad,003d110122010000,003d110122010000,16649.40,PASS
9,random_fullrange_5,62,003e22cd6a111c0d,003e220211010000,003e220211010000,16714.20,PASS
9,random_fullrange_5,63,003f1120872255d8,003f110122010000,003f110122010000,16830.10,PASS
9,random_fullrange_5,64,004022307011358c,0040220111010000,0040220111010000,16807.60,PASS
9,random_fullrange_5,65,0041111d4b221356,0041110122010000,0041110122010000,16759.60,PASS
9,random_fullrange_5,66,004222e106114036,0042220211010000,0042220211010000,16869.60,PASS
9,random_fullrange_5,67,004311d7a12248fe,0043110222010000,0043110222010000,17014.20,PASS
9,random_fullrange_5,68,004422a4d8118f82,0044220211020000,0044220211020000,16796.20,PASS
9,random_fullrange_5,69,0045114dd422fc18,0045110122020000,0045110122020000,17093.30,PASS
9,random_fullrange_5,70,004622ac40117214,0046220211010000,0046220211010000,16656.50,PASS
9,random_fullrange_5,71,0047116af7224ecf,0047110122010000,0047110122010000,17249.10,PASS
9,random_fullrange_5,72,004822efa711bb72,0048220211020000,0048220211020000,16937.00,PASS
9,random_fullrange_5,73,00491172f322ba1b,0049110222020000,0049110222020000,16240.00,PASS
9,random_fullrange_5,74,004a225f72116881,004a220111020000,004a220111020000,16712.70,PASS
9,random_fullrange_5,75,004b11c39122550f,004b110222010000,004b110222010000,16937.50,PASS
9,random_fullrange_5,76,004c2255f4110f7a,004c220111010000,004c220111010000,16767.40,PASS
9,random_fullrange_5,77,004d1195fb222110,004d110222010000,004d110222010000,16915.00,PASS
9,random_fullrange_5,78,004e22559211add6,004e220111020000,004e220111020000,16760.30,PASS
9,random_fullrange_5,79,004f11fdfb225676,004f110222010000,004f110222010000,17414.20,PASS
9,random_fullrange_5,80,00502235e911bc7d,0050220111020000,0050220111020000,16210.50,PASS
9,random_fullrange_5,81,005111b39f229dee,0051110222020000,0051110222020000,16967.50,PASS
9,random_fullrange_5,82,005222a82511aa56,0052220211020000,0052220211020000,17158.90,PASS
9,random_fullrange_5,83,005311a5a2226ba5,0053110222010000,0053110222010000,16284.60,PASS
9,random_fullrange_5,84,00542283d9119394,0054220211020000,0054220211020000,16741.80,PASS
9,random_fullrange_5,85,005511d577226cfc,0055110222010000,0055110222010000,16794.70,PASS
9,random_fullrange_5,86,00562224ce11f443,0056220111020000,0056220111020000,16798.50,PASS
9,random_fullrange_5,87,005711871722f2a7,0057110122020000,0057110122020000,16769.90,PASS
9,random_fullrange_5,88,00582295281137b9,0058220211010000,0058220211010000,17348.60,PASS
9,random_fullrange_5,89,005911d276227bfc,0059110222020000,0059110222020000,16434.50,PASS
9,random_fullrange_5,90,005a2266ce113515,005a220111010000,005a220111010000,16960.30,PASS
9,random_fullrange_5,91,005b117e38221ce5,005b110122010000,005b110122010000,16680.60,PASS
9,random_fullrange_5,92,005c222fcd11ae06,005c220111020000,005c220111020000,16818.70,PASS
9,random_fullrange_5,93,005d11ae67227265,005d110222020000,005d110222020000,16782.30,PASS
9,random_fullrange_5,94,005e22360211de45,005e220111020000,005e220111020000,16734.30,PASS
9,random_fullrange_5,95,005f11d0b822c0d0,005f110222020000,005f110222020000,16815.30,PASS
9,random_fullrange_5,96,006022b55f119687,0060220211010000,0060220211010000,16968.80,PASS
9,random_fullrange_5,97,00611117e1226952,0061110122010000,0061110122010000,16804.20,PASS
9,random_fullrange_5,98,006222064a114c63,0062220111010000,0062220111010000,16742.80,PASS
9,random_fullrange_5,99,006311b27522daf1,0063110222020000,0063110222020000,17012.90,PASS
10,random_fullrange_6,0,0000116dad22c398,0000110022000000,0000110022000000,14457.40,PASS
10,random_fullrange_6,1,000122a3d811ac0f,0001220011000000,0001220011000000,16798.20,PASS
10,random_fullrange_6,2,000211aa5222ae46,0002110022000000,0002110022000000,16932.60,PASS
10,random_fullrange_6,3,000322151d119fdd,0003220011000000,0003220011000000,16928.90,PASS
10,random_fullrange_6,4,000411dc892202db,0004110022000000,0004110022000000,16803.50,PASS
10,random_fullrange_6,5,0005225f12111367,0005220011000000,0005220011000000,16974.50,PASS
10,random_fullrange_6,6,000611a773228b96,0006110022000000,0006110022000000,16959.00,PASS
10,random_fullrange_6,7,0007228cdf11c19e,0007220011000000,0007220011000000,16923.40,PASS
10,random_fullrange_6,8,00081167c3228cd4,0008110022000000,0008110022000000,17101.00,PASS
10,random_fullrange_6,9,00092277ff11f147,0009220011000000,0009220011000000,16716.80,PASS
10,random_fullrange_6,10,000a11221b22740a,000a110022000000,000a110022000000,16601.90,PASS
10,random_fullrange_6,11,000b22e47f115d47,000b220011000000,000b220011000000,16612.60,PASS
10,random_fullrange_6,12,000c11dd4822f84f,000c110022000000,000c110022000000,17136.40,PASS
10,random_fullrange_6,13,000d22630f11e012,000d220011000000,000d220011000000,16442.90,PASS
10,random_fullrange_6,14,000e111c1b226af1,000e110022000000,000e110022000000,16855.60,PASS
10,random_fullrange_6,15,000f224b81116d81,000f220011000000,000f220011000000,16924.30,PASS
10,random_fullrange_6,16,00101179f52235e3,0010110022000000,0010110022000000,16898.60,PASS
10,random_fullrange_6,17,001122d9dc113edd,0011220211000000,0011220211000000,16653.40,PASS
10,random_fullrange_6,18,0012113bb322410d,0012110022010000,0012110022010000,16843.70,PASS
10,random_fullrange_6,19,001322db06116011,0013220211000000,0013220211000000,16943.70,PASS
10,random_fullrange_6,20,0014119b04228ffe,0014110222020000,0014110222020000,17061.60,PASS
10,random_fullrange_6,21,001522807711e313,0015220111020000,0015220111020000,17067.70,PASS
10,random_fullrange_6,22,00161190ba2246db,0016110222010000,0016110222010000,16323.00,PASS
10,random_fullrange_6,23,00172292651105de,0017220211010000,0017220211010000,16773.80,PASS
10,random_fullrange_6,24,001811825b22368c,0018110222010000,0018110222010000,16680.30,PASS
10,random_fullrange_6,25,0019221cfd11a1d0,0019220111020000,0019220111020000,16989.80,PASS
10,random_fullrange_6,26,001a11b66722b33f,001a110222020000,001a110222020000,16814.10,PASS
10,random_fullrange_6,27,001b225fab114cb2,001b220111010000,001b220111010000,16675.30,PASS
10,random_fullrange_6,28,001c1130c822203e,001c110122010000,001c110122010000,16983.40,PASS
10,random_fullrange_6,29,001d22e37b11d9e5,001d220211020000,001d220211020000,16815.70,PASS
10,random_fullrange_6,30,001e1130c2220704,001e110122010000,001e110122010000,16845.30,PASS
10,random_fullrange_6,31,001f22658e118253,001f220111020000,001f220111020000,16764.80,PASS
10,random_fullrange_6,32,00201123fd2243ef,0020110122010000,0020110122010000,17006.80,PASS
10,random_fullrange_6,33,002122b6c51158ed,0021220211010000,0021220211010000,17038.30,PASS
10,random_fullrange_6,34,0022118c5122c7d8,0022110222020000,0022110222020000,16477.50,PASS
10,random_fullrange_6,35,0023228c18115747,0023220211010000,0023220211010000,17673.30,PASS
10,random_fullrange_6,36,00241155f222c976,0024110122020000,0024110122020000,16138.60,PASS
10,random_fullrange_6,37,00252288e31124d1,0025220211010000,0025220211010000,17025.20,PASS
10,random_fullrange_6,38,0026113dc12234b2,0026110122010000,0026110122010000,16669.90,PASS
10,random_fullrange_6,39,00272226b011c1fa,0027220111020000,0027220111020000,16846.80,PASS
10,random_fullrange_6,40,002811f3c7223ac1,0028110222010000,0028110222010000,16811.20,PASS
10,random_fullrange_6,41,0029229996115f0b,0029220211010000,0029220211010000,16836.30,PASS
10,random_fullrange_6,42,002a11e92f22ab5e,002a110222020000,002a110222020000,16671.10,PASS
10,random_fullrange_6,43,002b226a2111a6d9,002b220111020000,002b220111020000,16834.40,PASS
10,random_fullrange_6,44,002c1167be22a2d9,002c110122020000,002c110122020000,16866.20,PASS
10,random_fullrange_6,45,002d224ecd115091,002d220111010000,002d220111010000,16848.50,PASS
10,random_fullrange_6,46,002e11728922a6ab,002e110122020000,002e110122020000,16817.00,PASS
10,random_fullrange_6,47,002f22c7c011a0f7,002f220211020000,002f220211020000,16866.40,PASS
10,random_fullrange_6,48,003011c1ff228b4a,0030110222020000,0030110222020000,17221.40,PASS
10,random_fullrange_6,49,003122697c1181a7,0031220111010000,0031220111010000,16590.80,PASS
10,random_fullrange_6,50,0032113f862281b4,0032110122020000,0032110122020000,17552.70,PASS
10,random_fullrange_6,51,003322913a111765,0033220211010000,0033220211010000,16496.30,PASS
10,random_fullrange_6,52,0034118d26229e2b,0034110222020000,0034110222020000,17197.00,PASS
10,random_fullrange_6,53,003522a54911c76d,0035220211020000,0035220211020000,16207.90,PASS
10,random_fullrange_6,54,003611c954223b7f,0036110222010000,0036110222010000,16732.50,PASS
10,random_fullrange_6,55,003722c99911c843,0037220211020000,0037220211020000,16926.80,PASS
10,random_fullrange_6,56,0038117182227058,0038110122010000,0038110122010000,16842.30,PASS
10,random_fullrange_6,57,003922f76211084b,0039220211010000,0039220211010000,17442.10,PASS
10,random_fullrange_6,58,003a11961b22ddc4,003a110222020000,003a110222020000,16429.00,PASS
10,random_fullrange_6,59,003b22d7a21130c3,003b220211010000,003b220211010000,16645.40,PASS
10,random_fullrange_6,60,003c1122d62253f2,003c110122010000,003c110122010000,17008.50,PASS
10,random_fullrange_6,61,003d22f4c7114da4,003d220211010000,003d220211010000,17342.50,PASS
10,random_fullrange_6,62,003e115be622529f,003e110122010000,003e110122010000,16321.70,PASS
10,random_fullrange_6,63,003f22101f11ab47,003f220111020000,003f220111020000,16473.30,PASS
10,random_fullrange_6,64,004011c1272201c4,0040110222010000,0040110222010000,16932.50,PASS
10,random_fullrange_6,65,004122534e11e501,0041220111020000,0041220111020000,16857.10,PASS
10,random_fullrange_6,66,004211b118223743,0042110222010000,0042110222010000,16844.70,PASS
10,random_fullrange_6,67,0043227617111811,0043220111010000,0043220111010000,16836.50,PASS
10,random_fullrange_6,68,004411e5e522ec16,0044110222020000,0044110222020000,16625.80,PASS
10,random_fullrange_6,69,004522d09c118bd6,0045220211020000,0045220211020000,16899.70,PASS
10,random_fullrange_6,70,004611ebad22018a,0046110222010000,0046110222010000,16968.90,PASS
10,random_fullrange_6,71,0047225cc61190ac,0047220111020000,0047220111020000,16807.30,PASS
10,random_fullrange_6,72,00481143b122847b,0048110122020000,0048110122020000,16999.30,PASS
10,random_fullrange_6,73,0049227f2f11bcee,0049220211020000,0049220211020000,17156.80,PASS
10,random_fullrange_6,74,004a114ae4222286,004a110122010000,004a110122010000,16445.30,PASS
10,random_fullrange_6,75,004b22cc0e11f5ad,004b220211020000,004b220211020000,17388.50,PASS
10,random_fullrange_6,76,004c11e90c22a042,004c110222020000,004c110222020000,16274.80,PASS
10,random_fullrange_6,77,004d22c60f1157e8,004d220211010000,004d220211010000,17263.30,PASS
10,random_fullrange_6,78,004e11c5d72290b8,004e110222020000,004e110222020000,16243.90,PASS
10,random_fullrange_6,79,004f22e73c111530,004f220211010000,004f220211010000,16812.40,PASS
10,random_fullrange_6,80,005011ee402243b9,0050110222010000,0050110222010000,17099.10,PASS
10,random_fullrange_6,81,0051229b821172df,0051220211010000,0051220211010000,16553.30,PASS
10,random_fullrange_6,82,0052119f8e22f856,0052110222020000,0052110222020000,17470.50,PASS
10,random_fullrange_6,83,005322da8c11c55f,0053220211020000,0053220211020000,16605.60,PASS
10,random_fullrange_6,84,00541159c922ff30,0054110122020000,0054110122020000,17016.10,PASS
10,random_fullrange_6,85,0055228d9111fc9c,0055220111020000,0055220111020000,16154.80,PASS
10,random_fullrange_6,86,005611255c22a593,0056110122020000,0056110122020000,16770.60,PASS
10,random_fullrange_6,87,0057221875114c79,0057220111010000,0057220111010000,16831.60,PASS
10,random_fullrange_6,88,00581111282204d1,0058110122010000,0058110122010000,16634.70,PASS
10,random_fullrange_6,89,005922935911d0ce,0059220111020000,0059220111020000,16949.70,PASS
10,random_fullrange_6,90,005a11b34522dc69,005a110222020000,005a110222020000,16880.60,PASS
10,random_fullrange_6,91,005b22908f11b8c7,005b220111020000,005b220111020000,16770.20,PASS
10,random_fullrange_6,92,005c113f80222b6f,005c110122010000,005c110122010000,17009.70,PASS
10,random_fullrange_6,93,005d22b648115212,005d220211010000,005d220211010000,17263.80,PASS
10,random_fullrange_6,94,005e113fe3228c5e,005e110122010000,005e110122010000,16070.20,PASS
10,random_fullrange_6,95,005f22daa2112254,005f220211010000,005f220211010000,17074.90,PASS
10,random_fullrange_6,96,006011967c22bdbc,0060110222020000,0060110222020000,16908.30,PASS
10,random_fullrange_6,97,00612287531130df,0061220111010000,0061220111010000,16666.20,PASS
10,random_fullrange_6,98,00621174262262b9,0062110222010000,0062110222010000,16828.30,PASS
10,random_fullrange_6,99,006322108e11f922,0063220111020000,0063220111020000,16954.40,PASS
11,random_fullrange_7,0,000022ee911176bb,0000220011000000,0000220011000000,18193.10,PASS
11,random_fullrange_7,1,0001110b24222fc4,0001110022000000,0001110022000000,16710.80,PASS
11,random_fullrange_7,2,000222cd9811742c,0002220011000000,0002220011000000,17147.40,PASS
11,random_fullrange_7,3,000311882e2259cd,0003110022000000,0003110022000000,16611.30,PASS
11,random_fullrange_7,4,000422dcba11fe25,0004220011000000,0004220011000000,16578.30,PASS
11,random_fullrange_7,5,000511a1d5228c7b,0005110022000000,0005110022000000,16926.30,PASS
11,random_fullrange_7,6,0006220998116fc6,0006220011000000,0006220011000000,16726.10,PASS
11,random_fullrange_7,7,000711403a228daa,0007110022000000,0007110022000000,16884.20,PASS
11,random_fullrange_7,8,000822ee9f119453,0008220011000000,0008220011000000,16777.60,PASS
11,random_fullrange_7,9,0009119cee22cdc5,0009110022000000,0009110022000000,16669.30,PASS
11,random_fullrange_7,10,000a22b4f01148d0,000a220011000000,000a220011000000,16767.50,PASS
11,random_fullrange_7,11,000b11458a22f460,000b110022000000,000b110022000000,16819.40,PASS
11,random_fullrange_7,12,000c223bbc11e29a,000c220011000000,000c220011000000,16835.80,PASS
11,random_fullrange_7,13,000d11956422149a,000d110022000000,000d110022000000,17003.10,PASS
11,random_fullrange_7,14,000e2268441195f6,000e220011000000,000e220011000000,16927.70,PASS
11,random_fullrange_7,15,000f119b6c22457b,000f110022000000,000f110022000000,16720.30,PASS
11,random_fullrange_7,16,001022251511e35a,0010220011000000,0010220011000000,16953.60,PASS
11,random_fullrange_7,17,0011115a0b222e05,0011110122000000,0011110122000000,16690.20,PASS
11,random_fullrange_7,18,0012220d971167ef,0012220011010000,0012220011010000,16878.90,PASS
11,random_fullrange_7,19,0013116347229283,0013110122020000,0013110122020000,16942.40,PASS
11,random_fullrange_7,20,001422b4ca11b2cd,0014220211020000,0014220211020000,16834.00,PASS
11,random_fullrange_7,21,00151187e62215d7,0015110222010000,0015110222010000,16902.00,PASS
11,random_fullrange_7,22,001622315e1129e1,0016220111010000,0016220111010000,16542.90,PASS
11,random_fullrange_7,23,001711a2fb22effb,0017110222020000,0017110222020000,16870.40,PASS
11,random_fullrange_7,24,0018222d04118b95,0018220111020000,0018220111020000,16803.80,PASS
11,random_fullrange_7,25,0019118e6d229ed6,0019110222020000,0019110222020000,17680.30,PASS
11,random_fullrange_7,26,001a229ae511e77a,001a220211020000,001a220211020000,16137.20,PASS
11,random_fullrange_7,27,001b11108622f1df,001b110122020000,001b110122020000,16837.90,PASS
11,random_fullrange_7,28,001c22ddb611f6a1,001c220211020000,001c220211020000,16897.00,PASS
11,random_fullrange_7,29,001d11fed62295ad,001d110222020000,001d110222020000,16879.90,PASS
11,random_fullrange_7,30,001e2267e611b7ae,001e220111020000,001e220111020000,16834.20,PASS
11,random_fullrange_7,31,001f119eba221c81,001f110222010000,001f110222010000,16782.10,PASS
11,random_fullrange_7,32,002022bb9c116e4f,0020220211010000,0020220211010000,17048.80,PASS
11,random_fullrange_7,33,002111a11b22a3bf,0021110222020000,0021110222020000,16870.50,PASS
11,random_fullrange_7,34,00222232f7111eb8,0022220111010000,0022220111010000,16782.10,PASS
11,random_fullrange_7,35,0023111f6522bb74,0023110122020000,0023110122020000,16976.40,PASS
11,random_fullrange_7,36,00242275f111ae4d,0024220111020000,0024220111020000,16802.10,PASS
11,random_fullrange_7,37,002511c09322d411,0025110222020000,0025110222020000,16925.20,PASS
11,random_fullrange_7,38,002622779911a8ba,0026220111020000,0026220111020000,16780.30,PASS
11,random_fullrange_7,39,002711e036221233,0027110222010000,0027110222010000,16824.30,PASS
11,random_fullrange_7,40,002822f338117f83,0028220211010000,0028220211010000,17010.90,PASS
11,random_fullrange_7,41,00291117fb2291a0,0029110122010000,0029110122010000,16891.30,PASS
11,random_fullrange_7,42,002a22b99711ccf1,002a220211020000,002a220211020000,16476.20,PASS
11,random_fullrange_7,43,002b11ef82220df8,002b110222010000,002b110222010000,16856.30,PASS
11,random_fullrange_7,44,002c22d6fe11d9fe,002c220211020000,002c220211020000,16701.40,PASS
11,random_fullrange_7,45,002d117387223afb,002d110122010000,002d110122010000,17080.20,PASS
11,random_fullrange_7,46,002e22844611a21f,002e220211020000,002e220211020000,16614.80,PASS
11,random_fullrange_7,47,002f118d2922476f,002f110122010000,002f110122010000,16720.80,PASS
11,random_fullrange_7,48,00302259ba1161b4,0030220111010000,0030220111010000,16842.30,PASS
11,random_fullrange_7,49,0031119f51227c30,0031110222020000,0031110222020000,16930.80,PASS
11,random_fullrange_7,50,0032225ac311e86b,0032220111020000,0032220111020000,16771.10,PASS
11,random_fullrange_7,51,0033115bf62277dd,0033110122010000,0033110122010000,16961.20,PASS
11,random_fullrange_7,52,003422460311a5da,0034220111020000,0034220111020000,16872.10,PASS
11,random_fullrange_7,53,003511a98622a796,0035110222020000,0035110222020000,16772.80,PASS
11,random_fullrange_7,54,003622701f116240,0036220111010000,0036220111010000,17054.70,PASS
11,random_fullrange_7,55,003711123622ef19,0037110122020000,0037110122020000,16731.40,PASS
11,random_fullrange_7,56,003822e1051152d7,0038220211010000,0038220211010000,16719.20,PASS
11,random_fullrange_7,57,0039112d562273ba,0039110122010000,0039110122010000,16944.40,PASS
11,random_fullrange_7,58,003a227c7c115fd3,003a220211010000,003a220211010000,17015.60,PASS
11,random_fullrange_7,59,003b11eb4222c653,003b110222020000,003b110222020000,16824.90,PASS
11,random_fullrange_7,60,003c22dbf011a274,003c220211020000,003c220211020000,16851.10,PASS
11,random_fullrange_7,61,003d116122228d24,003d110122020000,003d110122020000,16720.00,PASS
11,random_fullrange_7,62,003e22f6c41110ec,003e220211010000,003e220211010000,16947.70,PASS
11,random_fullrange_7,63,003f11711d22fe38,003f110122020000,003f110122020000,16874.80,PASS
11,random_fullrange_7,64,004022cf3a11f0dc,0040220211020000,0040220211020000,16821.10,PASS
11,random_fullrange_7,65,004111223c22305d,0041110122010000,0041110122010000,16802.70,PASS
11,random_fullrange_7,66,004222c15611e163,0042220211020000,0042220211020000,16898.90,PASS
11,random_fullrange_7,67,004311802822633a,0043110222010000,0043110222010000,16734.70,PASS
11,random_fullrange_7,68,00442210741129c2,0044220111010000,0044220111010000,16911.60,PASS
11,random_fullrange_7,69,0045115f42227cac,0045110122010000,0045110122010000,16626.40,PASS
11,random_fullrange_7,70,004622773911ebf4,0046220111020000,0046220111020000,17565.70,PASS
11,random_fullrange_7,71,0047113cf3224303,0047110122010000,0047110122010000,16383.30,PASS
11,random_fullrange_7,72,004822ced9110de0,0048220211010000,0048220211010000,16827.10,PASS
11,random_fullrange_7,73,004911e1b82230f7,0049110222010000,0049110222010000,16686.10,PASS
11,random_fullrange_7,74,004a2288bf11cd24,004a220111020000,004a220111020000,17306.50,PASS
11,random_fullrange_7,75,004b11e1a022dca2,004b110222020000,004b110222020000,16292.90,PASS
11,random_fullrange_7,76,004c22c43a11bddc,004c220211020000,004c220211020000,17370.70,PASS
11,random_fullrange_7,77,004d11ff6f2255e7,004d110222010000,004d110222010000,16443.80,PASS
11,random_fullrange_7,78,004e22fbd311c396,004e220211020000,004e220211020000,17054.40,PASS
11,random_fullrange_7,79,004f11d47d22050c,004f110222010000,004f110222010000,16491.00,PASS
11,random_fullrange_7,80,005022136d11a4fd,0050220111020000,0050220111020000,16748.10,PASS
11,random_fullrange_7,81,005111a9a8226164,0051110222010000,0051110222010000,17156.60,PASS
11,random_fullrange_7,82,0052228e0511c8ce,0052220211020000,0052220211020000,17021.30,PASS
11,random_fullrange_7,83,005311a806229b65,0053110222020000,0053110222020000,16254.40,PASS
11,random_fullrange_7,84,005422c9ab11a072,0054220211010000,0054220211010000,16947.50,PASS
11,random_fullrange_7,85,00551143c222fd72,0055110122020000,0055110122020000,16867.50,PASS
11,random_fullrange_7,86,0056225425111016,0056220111010000,0056220111010000,16674.10,PASS
11,random_fullrange_7,87,00571123842253eb,0057110122010000,0057110122010000,16844.50,PASS
11,random_fullrange_7,88,005822488b1159be,0058220111010000,0058220111010000,16844.20,PASS
11,random_fullrange_7,89,005911c32a223ed1,0059110222010000,0059110222010000,16922.40,PASS
11,random_fullrange_7,90,005a22eb36119b22,005a220211010000,005a220211010000,16707.60,PASS
11,random_fullrange_7,91,005b11a24322de6a,005b110222020000,005b110222020000,16850.70,PASS
11,random_fullrange_7,92,005c22788511bf9a,005c220111020000,005c220111020000,16684.20,PASS
11,random_fullrange_7,93,005d118b1b2206d6,005d110122010000,005d110122010000,16853.40,PASS
11,random_fullrange_7,94,005e226966111d69,005e220111010000,005e220111010000,16806.20,PASS
11,random_fullrange_7,95,005f11551a22979a,005f110122020000,005f110122020000,16790.40,PASS
11,random_fullrange_7,96,006022d1da11bd6b,0060220211020000,0060220211020000,16868.40,PASS
11,random_fullrange_7,97,0061111bcf2253ab,0061110122010000,0061110122010000,16940.60,PASS
11,random_fullrange_7,98,0062224222117cef,0062220111020000,0062220111020000,16734.50,PASS
11,random_fullrange_7,99,0063113b072263cf,0063110122010000,0063110122010000,16903.60,PASS
12,random_fullrange_8,0,0000111e252201fb,0000110022000000,0000110022000000,7819.10,PASS
12,random_fullrange_8,1,0001228e27113336,0001220011000000,0001220011000000,17004.90,PASS
12,random_fullrange_8,2,00021199c422f3db,0002110022000000,0002110022000000,17043.10,PASS
12,random_fullrange_8,3,000322c61711f4e1,0003220011000000,0003220011000000,17064.90,PASS
12,random_fullrange_8,4,00041154c42250e6,0004110022000000,0004110022000000,16649.30,PASS
12,random_fullrange_8,5,000522171d114323,0005220011000000,0005220011000000,16653.30,PASS
12,random_fullrange_8,6,0006115fde22b10e,0006110022000000,0006110022000000,16815.00,PASS
12,random_fullrange_8,7,000722a3a8117242,0007220011000000,0007220011000000,16844.40,PASS
12,random_fullrange_8,8,0008112858222374,0008110022000000,0008110022000000,16880.50,PASS
12,random_fullrange_8,9,000922c1791130b8,0009220011000000,0009220011000000,17007.50,PASS
12,random_fullrange_8,10,000a113b6b221d3c,000a110022000000,000a110022000000,16694.00,PASS
12,random_fullrange_8,11,000b22672311943b,000b220011000000,000b220011000000,16865.30,PASS
12,random_fullrange_8,12,000c113a87229b55,000c110022000000,000c110022000000,16997.50,PASS
12,random_fullrange_8,13,000d221994113c40,000d220011000000,000d220011000000,16996.60,PASS
12,random_fullrange_8,14,000e11117e226b7f,000e110022000000,000e110022000000,16710.70,PASS
12,random_fullrange_8,15,000f22409c11f7f2,000f220011000000,000f220011000000,17127.00,PASS
12,random_fullrange_8,16,001011b393225659,0010110022000000,0010110022000000,16511.30,PASS
12,random_fullrange_8,17,0011227258112049,0011220211010000,0011220211010000,16600.20,PASS
12,random_fullrange_8,18,001211abda22530b,0012110222010000,0012110222010000,16968.80,PASS
12,random_fullrange_8,19,001322cba311929b,0013220211020000,0013220211020000,16648.30,PASS
12,random_fullrange_8,20,001411c6242263d0,0014110222010000,0014110222010000,16981.20,PASS
12,random_fullrange_8,21,001522e96f113923,0015220211010000,0015220211010000,16528.60,PASS
12,random_fullrange_8,22,001611430b22f67e,0016110122020000,0016110122020000,17046.80,PASS
12,random_fullrange_8,23,0017221100117fac,0017220111020000,0017220111020000,16814.70,PASS
12,random_fullrange_8,24,001811c4de221522,0018110222010000,0018110222010000,17306.30,PASS
12,random_fullrange_8,25,001922b5f411a7bd,0019220211020000,0019220211020000,16387.20,PASS
12,random_fullrange_8,26,001a11f47f22803e,001a110222020000,001a110222020000,17247.80,PASS
12,random_fullrange_8,27,001b22013611501b,001b220111010000,001b220111010000,16762.80,PASS
12,random_fullrange_8,28,001c11fa492206fe,001c110222010000,001c110222010000,16391.10,PASS
12,random_fullrange_8,29,001d224f3a118ccd,001d220111010000,001d220111010000,16730.70,PASS
12,random_fullrange_8,30,001e118e6b2205b9,001e110122010000,001e110122010000,16935.40,PASS
12,random_fullrange_8,31,001f223a31119fe8,001f220111020000,001f220111020000,16814.80,PASS
12,random_fullrange_8,32,002011af8f22b62d,0020110222020000,0020110222020000,16917.30,PASS
12,random_fullrange_8,33,0021224304114a90,0021220111010000,0021220111010000,17590.90,PASS
12,random_fullrange_8,34,00221196a522cdfe,0022110222020000,0022110222020000,16692.90,PASS
12,random_fullrange_8,35,002322a883117d81,0023220211010000,0023220211010000,16456.00,PASS
12,random_fullrange_8,36,002411d3e92263a7,0024110222010000,0024110222010000,16938.50,PASS
12,random_fullrange_8,37,002522f84d117adb,0025220211010000,0025220211010000,16656.50,PASS
12,random_fullrange_8,38,00261149d7227e37,0026110122020000,0026110122020000,16708.60,PASS
12,random_fullrange_8,39,002722ea1811379e,0027220211010000,0027220211010000,17024.80,PASS
12,random_fullrange_8,40,0028113b9c22a764,0028110122020000,0028110122020000,16899.50,PASS
12,random_fullrange_8,41,00292238671165f5,0029220111010000,0029220111010000,17055.30,PASS
12,random_fullrange_8,42,002a11ada622273d,002a110222010000,002a110222010000,16022.00,PASS
12,random_fullrange_8,43,002b22ed6411d129,002b220211020000,002b220211020000,17521.60,PASS
12,random_fullrange_8,44,002c11319e222a9f,002c110122010000,002c110122010000,16273.50,PASS
12,random_fullrange_8,45,002d22aae4118f8d,002d220211020000,002d220211020000,16912.10,PASS
12,random_fullrange_8,46,002e117a92229978,002e110122020000,002e110122020000,16717.70,PASS
12,random_fullrange_8,47,002f22261811e669,002f220111020000,002f220111020000,17386.20,PASS
12,random_fullrange_8,48,003011e59c223446,0030110222010000,0030110222010000,16388.30,PASS
12,random_fullrange_8,49,00312273a3118f8c,0031220111020000,0031220111020000,17356.70,PASS
12,random_fullrange_8,50,0032115ac522d784,0032110122020000,0032110122020000,16212.30,PASS
12,random_fullrange_8,51,003322bc3a111118,0033220211010000,0033220211010000,16867.60,PASS
12,random_fullrange_8,52,003411c65022320f,0034110222010000,0034110222010000,16630.20,PASS
12,random_fullrange_8,53,003522a2ca11dc1e,0035220211020000,0035220211020000,16771.80,PASS
12,random_fullrange_8,54,003611060322123c,0036110122010000,0036110122010000,16991.40,PASS
12,random_fullrange_8,55,00372280ac117a06,0037220211010000,0037220211010000,17117.10,PASS
12,random_fullrange_8,56,003811976822e83a,0038110222020000,0038110222020000,16475.10,PASS
12,random_fullrange_8,57,0039221297118a6c,0039220111010000,0039220111010000,17054.70,PASS
12,random_fullrange_8,58,003a11fa7c225c9d,003a110222010000,003a110222010000,16596.30,PASS
12,random_fullrange_8,59,003b221b8f116683,003b220111010000,003b220111010000,16795.80,PASS
12,random_fullrange_8,60,003c114d8b22c299,003c110122020000,003c110122020000,16902.80,PASS
12,random_fullrange_8,61,003d229e4211a0c3,003d220211020000,003d220211020000,16697.40,PASS
12,random_fullrange_8,62,003e11bddc22a4a8,003e110222020000,003e110222020000,16867.20,PASS
12,random_fullrange_8,63,003f22a05a11068a,003f220211010000,003f220211010000,16866.70,PASS
12,random_fullrange_8,64,0040114c4622e9cc,0040110122020000,0040110122020000,16856.00,PASS
12,random_fullrange_8,65,0041220d43113d85,0041220111010000,0041220111010000,16595.20,PASS
12,random_fullrange_8,66,004211f8d22258ce,0042110222010000,0042110222010000,17028.90,PASS
12,random_fullrange_8,67,0043229d2e1176e9,0043220211010000,0043220211010000,16803.90,PASS
12,random_fullrange_8,68,0044111bc622b6fa,0044110122020000,0044110122020000,17025.40,PASS
12,random_fullrange_8,69,0045223eb211afc6,0045220111020000,0045220111020000,16717.20,PASS
12,random_fullrange_8,70,004611cef4222730,0046110222010000,0046110222010000,16829.50,PASS
12,random_fullrange_8,71,004722dfb911f592,0047220211020000,0047220211020000,16954.90,PASS
12,random_fullrange_8,72,0048117b7e22c698,0048110122020000,0048110122020000,16856.90,PASS
12,random_fullrange_8,73,004922f1fe118322,0049220211010000,0049220211010000,16630.30,PASS
12,random_fullrange_8,74,004a112198221cac,004a110122010000,004a110122010000,17118.90,PASS
12,random_fullrange_8,75,004b222bc91125ae,004b220111010000,004b220111010000,16639.10,PASS
12,random_fullrange_8,76,004c11e22a22b2df,004c110222020000,004c110222020000,16930.50,PASS
12,random_fullrange_8,77,004d22e32e117970,004d220211010000,004d220211010000,17267.00,PASS
12,random_fullrange_8,78,004e11a2d422a125,004e110222020000,004e110222020000,16664.20,PASS
12,random_fullrange_8,79,004f22e0a611724d,004f220211010000,004f220211010000,17197.20,PASS
12,random_fullrange_8,80,005011a07622277a,0050110222010000,0050110222010000,16190.40,PASS
12,random_fullrange_8,81,005122b72911c5c0,0051220211020000,0051220211020000,16975.80,PASS
12,random_fullrange_8,82,0052112dec22c8df,0052110122020000,0052110122020000,17368.20,PASS
12,random_fullrange_8,83,005322db571156e2,0053220211010000,0053220211010000,16463.00,PASS
12,random_fullrange_8,84,005411100b22431d,0054110122010000,0054110122010000,16791.00,PASS
12,random_fullrange_8,85,0055228b4a113666,0055220111010000,0055220111010000,16852.40,PASS
12,random_fullrange_8,86,00561164fc22c603,0056110122020000,0056110122020000,17091.90,PASS
12,random_fullrange_8,87,00572275401103d6,0057220111010000,0057220111010000,16341.60,PASS
12,random_fullrange_8,88,00581178fe223c71,0058110222010000,0058110222010000,16756.30,PASS
12,random_fullrange_8,89,005922425211d282,0059220111020000,0059220111020000,16779.20,PASS
12,random_fullrange_8,90,005a111abe22cff7,005a110122020000,005a110122020000,16810.60,PASS
12,random_fullrange_8,91,005b2218f211cad6,005b220111020000,005b220111020000,16892.40,PASS
12,random_fullrange_8,92,005c11bbca2230f5,005c110222010000,005c110222010000,17063.70,PASS
12,random_fullrange_8,93,005d22b0e9112c25,005d220211010000,005d220211010000,16831.80,PASS
12,random_fullrange_8,94,005e115493223bf2,005e110122010000,005e110122010000,16692.40,PASS
12,random_fullrange_8,95,005f22c2d611ed0b,005f220211020000,005f220211020000,16966.40,PASS
12,random_fullrange_8,96,006011fcb9220e90,0060110222010000,0060110222010000,16679.70,PASS
12,random_fullrange_8,97,006122ea7011e125,0061220211020000,0061220211020000,16954.10,PASS
12,random_fullrange_8,98,006211c6a8224279,0062110222010000,0062110222010000,17001.30,PASS
12,random_fullrange_8,99,006322bd5c11bec3,0063220211020000,0063220211020000,16894.10,PASS
13,random_fullrange_9,0,0000221c3411de21,0000220011000000,0000220011000000,15310.90,PASS
13,random_fullrange_9,1,000111f148227057,0001110022000000,0001110022000000,16707.90,PASS
13,random_fullrange_9,2,000222074911e226,0002220011000000,0002220011000000,17049.80,PASS
13,random_fullrange_9,3,000311f0232245aa,0003110022000000,0003110022000000,16727.50,PASS
13,random_fullrange_9,4,0004222e2e1140fd,0004220011000000,0004220011000000,17031.10,PASS
13,random_fullrange_9,5,0005115f2322d451,0005110022000000,0005110022000000,16773.00,PASS
13,random_fullrange_9,6,000622519611e26a,0006220011000000,0006220011000000,16940.30,PASS
13,random_fullrange_9,7,000711ff452277b2,0007110022000000,0007110022000000,16976.20,PASS
13,random_fullrange_9,8,00082299c611641d,0008220011000000,0008220011000000,16914.70,PASS
13,random_fullrange_9,9,000911afb822460c,0009110022000000,0009110022000000,16860.30,PASS
13,random_fullrange_9,10,000a22758011e4ff,000a220011000000,000a220011000000,16598.10,PASS
13,random_fullrange_9,11,000b111be422837a,000b110022000000,000b110022000000,17104.20,PASS
13,random_fullrange_9,12,000c221ef211274f,000c220011000000,000c220011000000,16694.10,PASS
13,random_fullrange_9,13,000d11b328223ec5,000d110022000000,000d110022000000,16941.10,PASS
13,random_fullrange_9,14,000e220a9d118643,000e220011000000,000e220011000000,16894.00,PASS
13,random_fullrange_9,15,000f11567b22a5e1,000f110022000000,000f110022000000,16871.20,PASS
13,random_fullrange_9,16,0010225c611190ba,0010220111000000,0010220111000000,16884.00,PASS
13,random_fullrange_9,17,001111f2d422ea42,0011110222020000,0011110222020000,16931.90,PASS
13,random_fullrange_9,18,00122267f311231d,0012220111010000,0012220111010000,16777.30,PASS
13,random_fullrange_9,19,001311408d220b7e,0013110122010000,0013110122010000,17017.80,PASS
13,random_fullrange_9,20,0014221553115150,0014220111010000,0014220111010000,17018.50,PASS
13,random_fullrange_9,21,001511b95622bcc1,0015110222020000,0015110222020000,16793.40,PASS
13,random_fullrange_9,22,00162236a011b760,0016220111020000,0016220111020000,16974.50,PASS
13,random_fullrange_9,23,001711192122833b,0017110122020000,0017110122020000,16789.90,PASS
13,random_fullrange_9,24,001822d4711185d9,0018220211020000,0018220211020000,16800.00,PASS
13,random_fullrange_9,25,00191146ce227096,0019110122020000,0019110122020000,16858.90,PASS
13,random_fullrange_9,26,001a22dc8911fa00,001a220211020000,001a220211020000,17015.90,PASS
13,random_fullrange_9,27,001b11ad94227854,001b110222020000,001b110222020000,16847.30,PASS
13,random_fullrange_9,28,001c22b5c011e6a0,001c220211020000,001c220211020000,16993.90,PASS
13,random_fullrange_9,29,001d119c56221e5a,001d110222010000,001d110222010000,16929.60,PASS
13,random_fullrange_9,30,001e2270e011a988,001e220111020000,001e220111020000,16730.10,PASS
13,random_fullrange_9,31,001f110d1b228ca3,001f110122020000,001f110122020000,16942.10,PASS
13,random_fullrange_9,32,0020226fff11d986,0020220111020000,0020220111020000,16940.20,PASS
13,random_fullrange_9,33,002111f94e22a840,0021110222020000,0021110222020000,16908.60,PASS
13,random_fullrange_9,34,0022229d8111a789,0022220211020000,0022220211020000,16842.90,PASS
13,random_fullrange_9,35,00231104a12207dd,0023110122010000,0023110122010000,16629.70,PASS
13,random_fullrange_9,36,002422ba4b110aee,0024220211010000,0024220211010000,17021.80,PASS
13,random_fullrange_9,37,00251170a722126b,0025110122010000,0025110122010000,17106.70,PASS
13,random_fullrange_9,38,0026227f4e115b65,0026220111010000,0026220111010000,16882.10,PASS
13,random_fullrange_9,39,002711a35c2211e3,0027110222010000,0027110222010000,16638.80,PASS
13,random_fullrange_9,40,002822cd5c119ed3,0028220211020000,0028220211020000,16845.50,PASS
13,random_fullrange_9,41,00291184c7221c14,0029110122010000,0029110122010000,17298.20,PASS
13,random_fullrange_9,42,002a22e5181139e4,002a220211010000,002a220211010000,16842.20,PASS
13,random_fullrange_9,43,002b11769422b260,002b110122020000,002b110122020000,16326.20,PASS
13,random_fullrange_9,44,002c22c8ce11cdde,002c220211020000,002c220211020000,16556.50,PASS
13,random_fullrange_9,45,002d117216228560,002d110122020000,002d110122020000,16897.60,PASS
13,random_fullrange_9,46,002e22c90711c79e,002e220211020000,002e220211020000,17000.70,PASS
13,random_fullrange_9,47,002f11b1da229fa8,002f110222020000,002f110222020000,16692.50,PASS
13,random_fullrange_9,48,003022a8d911967c,0030220211020000,0030220211020000,16785.20,PASS
13,random_fullrange_9,49,003111edef22c677,0031110222020000,0031110222020000,16972.90,PASS
13,random_fullrange_9,50,0032223e23118ad3,0032220111020000,0032220111020000,16887.50,PASS
13,random_fullrange_9,51,0033112198221819,0033110122010000,0033110122010000,16826.30,PASS
13,random_fullrange_9,52,00342217e2118b70,0034220111010000,0034220111010000,17218.20,PASS
13,random_fullrange_9,53,003511f4ac227b41,0035110222010000,0035110222010000,17203.40,PASS
13,random_fullrange_9,54,003622bab611b871,0036220211020000,0036220211020000,16828.00,PASS
13,random_fullrange_9,55,0037115ccd225568,0037110122010000,0037110122010000,16477.90,PASS
13,random_fullrange_9,56,0038227369113a0e,0038220111010000,0038220111010000,16979.00,PASS
13,random_fullrange_9,57,003911f9c7222f2a,0039110222010000,0039110222010000,16696.10,PASS
13,random_fullrange_9,58,003a2247ea11ad5e,003a220111020000,003a220111020000,16601.70,PASS
13,random_fullrange_9,59,003b114ebe22c5e6,003b110122020000,003b110122020000,17212.40,PASS
13,random_fullrange_9,60,003c2246bf115f3d,003c220111010000,003c220111010000,16702.80,PASS
13,random_fullrange_9,61,003d11dfd92262c1,003d110222010000,003d110222010000,16806.70,PASS
13,random_fullrange_9,62,003e2202441147a4,003e220111010000,003e220111010000,16838.50,PASS
13,random_fullrange_9,63,003f11181c22de88,003f110122020000,003f110122020000,16835.60,PASS
13,random_fullrange_9,64,0040224ab6116dee,0040220111010000,0040220111010000,16975.60,PASS
13,random_fullrange_9,65,004111102222557f,0041110122010000,0041110122010000,16661.00,PASS
13,random_fullrange_9,66,0042220642111e1a,0042220111010000,0042220111010000,17371.10,PASS
13,random_fullrange_9,67,0043117e4722c9a4,0043110222020000,0043110222020000,16433.40,PASS
13,random_fullrange_9,68,004422abb81103d0,0044220211010000,0044220211010000,16601.30,PASS
13,random_fullrange_9,69,0045113c7e222add,0045110122010000,0045110122010000,16682.50,PASS
13,random_fullrange_9,70,0046222f53111229,0046220111010000,0046220111010000,17037.90,PASS
13,random_fullrange_9,71,004711af4b22fcec,0047110222020000,0047110222020000,16647.00,PASS
13,random_fullrange_9,72,00482280e811bcbc,0048220211020000,0048220211020000,16805.00,PASS
13,random_fullrange_9,73,004911a5762264af,0049110222010000,0049110222010000,16885.10,PASS
13,random_fullrange_9,74,004a221d03114815,004a220111010000,004a220111010000,16806.20,PASS
13,random_fullrange_9,75,004b11ac782204fd,004b110222010000,004b110222010000,16877.40,PASS
13,random_fullrange_9,76,004c226d53113835,004c220211010000,004c220211010000,16947.60,PASS
13,random_fullrange_9,77,004d114155221040,004d110122010000,004d110122010000,16867.10,PASS
13,random_fullrange_9,78,004e22ca1f110ea7,004e220211010000,004e220211010000,17066.00,PASS
13,random_fullrange_9,79,004f1136b922965b,004f110122020000,004f110122020000,16656.30,PASS
13,random_fullrange_9,80,005022c46a112d4c,0050220211010000,0050220211010000,17015.30,PASS
13,random_fullrange_9,81,005111855422a43d,0051110222020000,0051110222020000,17256.00,PASS
13,random_fullrange_9,82,005222a1bb11a8fa,0052220211020000,0052220211020000,16409.80,PASS
13,random_fullrange_9,83,005311177e222025,0053110122010000,0053110122010000,17394.30,PASS
13,random_fullrange_9,84,005422549e11c661,0054220111020000,0054220111020000,16256.70,PASS
13,random_fullrange_9,85,005511066e228cf9,0055110122020000,0055110122020000,16879.80,PASS
13,random_fullrange_9,86,00562202f0111e69,0056220111010000,0056220111010000,17037.30,PASS
13,random_fullrange_9,87,005711743e22b560,0057110222020000,0057110222020000,16500.00,PASS
13,random_fullrange_9,88,00582260bd11f389,0058220111020000,0058220111020000,17005.30,PASS
13,random_fullrange_9,89,00591132d5227e02,0059110122020000,0059110122020000,16921.70,PASS
13,random_fullrange_9,90,005a227a9811285d,005a220211010000,005a220211010000,16840.50,PASS
13,random_fullrange_9,91,005b11bbbd221da9,005b110222010000,005b110222010000,16878.00,PASS
13,random_fullrange_9,92,005c2280ba119bd2,005c220211020000,005c220211020000,16781.60,PASS
13,random_fullrange_9,93,005d11c90622d611,005d110222020000,005d110222020000,16919.40,PASS
13,random_fullrange_9,94,005e22141c115342,005e220111010000,005e220111010000,16755.50,PASS
13,random_fullrange_9,95,005f113fbf226259,005f110122010000,005f110122010000,16863.20,PASS
13,random_fullrange_9,96,0060222f4611694c,0060220111010000,0060220111010000,17010.90,PASS
13,random_fullrange_9,97,006111df12220417,0061110222010000,0061110222010000,16852.20,PASS
13,random_fullrange_9,98,006222c1b1118e2e,0062220211020000,0062220211020000,17012.00,PASS
13,random_fullrange_9,99,006311c9b1226700,0063110222020000,0063110222020000,16749.40,PASS
14,random_fullrange_10,0,00001172bb224352,0000110022000000,0000110022000000,14909.50,PASS
14,random_fullrange_10,1,0001229a07117bf6,0001220011000000,0001220011000000,16900.30,PASS
14,random_fullrange_10,2,0002110a59227694,0002110022000000,0002110022000000,16938.70,PASS
14,random_fullrange_10,3,000322055811ff8f,0003220011000000,0003220011000000,16750.80,PASS
14,random_fullrange_10,4,0004110a3a226d98,0004110022000000,0004110022000000,17593.90,PASS
14,random_fullrange_10,5,000522cddb111090,0005220011000000,0005220011000000,16119.50,PASS
14,random_fullrange_10,6,0006116bf32240e2,0006110022000000,0006110022000000,16842.70,PASS
14,random_fullrange_10,7,0007225b771118cd,0007220011000000,0007220011000000,17532.10,PASS
14,random_fullrange_10,8,00081118cb22a526,0008110022000000,0008110022000000,16125.40,PASS
14,random_fullrange_10,9,000922a44c11ba5c,0009220011000000,0009220011000000,16910.80,PASS
14,random_fullrange_10,10,000a1189542280d0,000a110022000000,000a110022000000,16753.70,PASS
14,random_fullrange_10,11,000b229847115c3d,000b220011000000,000b220011000000,16575.30,PASS
14,random_fullrange_10,12,000c11a8a7224e60,000c110022000000,000c110022000000,16876.10,PASS
14,random_fullrange_10,13,000d2254df110098,000d220011000000,000d220011000000,16922.70,PASS
14,random_fullrange_10,14,000e11092d22fb9a,000e110022000000,000e110022000000,16787.10,PASS
14,random_fullrange_10,15,000f22ccb611c37b,000f220011000000,000f220011000000,16791.30,PASS
14,random_fullrange_10,16,001011f44f224489,0010110022010000,0010110022010000,16842.60,PASS
14,random_fullrange_10,17,001122672711a3ba,0011220111000000,0011220111000000,17002.30,PASS
14,random_fullrange_10,18,001211010822e6d4,0012110122020000,0012110122020000,17073.70,PASS
14,random_fullrange_10,19,001322c0e211b046,0013220211020000,0013220211020000,17274.30,PASS
14,random_fullrange_10,20,001411a1b622d156,0014110222020000,0014110222020000,16431.70,PASS
14,random_fullrange_10,21,00152238181183cc,0015220111020000,0015220111020000,17739.90,PASS
14,random_fullrange_10,22,001611dac52287d2,0016110222010000,0016110222010000,16276.90,PASS
14,random_fullrange_10,23,001722ce34116aac,0017220211010000,0017220211010000,16957.10,PASS
14,random_fullrange_10,24,0018111f7222f3cb,0018110122020000,0018110122020000,16391.40,PASS
14,random_fullrange_10,25,0019223b35115cc7,0019220111010000,0019220111010000,16731.20,PASS
14,random_fullrange_10,26,001a1183c322f517,001a110222020000,001a110222020000,16902.00,PASS
14,random_fullrange_10,27,001b22067a114f06,001b220111010000,001b220111010000,16633.70,PASS
14,random_fullrange_10,28,001c11ecaf221332,001c110222010000,001c110222010000,17527.50,PASS
14,random_fullrange_10,29,001d22066211b4bc,001d220111020000,001d220111020000,16521.40,PASS
14,random_fullrange_10,30,001e1148bb22e774,001e110122020000,001e110122020000,16574.50,PASS
14,random_fullrange_10,31,001f227839118596,001f220111010000,001f220111010000,17366.30,PASS
14,random_fullrange_10,32,00201149a3223d1d,0020110122010000,0020110122010000,16171.20,PASS
14,random_fullrange_10,33,0021223d701171c1,0021220111010000,0021220111010000,17003.90,PASS
14,random_fullrange_10,34,0022112405224451,0022110122010000,0022110122010000,16750.70,PASS
14,random_fullrange_10,35,0023228e4111d818,0023220211020000,0023220211020000,16559.50,PASS
14,random_fullrange_10,36,0024119bc72218f5,0024110222010000,0024110222010000,16924.40,PASS
14,random_fullrange_10,37,00252200df11e4df,0025220111020000,0025220111020000,16794.20,PASS
14,random_fullrange_10,38,002611a5c722f1b8,0026110222020000,0026110222020000,16742.60,PASS
14,random_fullrange_10,39,002722024b11ad01,0027220111020000,0027220111020000,17513.20,PASS
14,random_fullrange_10,40,002811d7142230b2,0028110222010000,0028110222010000,16195.90,PASS
14,random_fullrange_10,41,002922dc231147cf,0029220211010000,0029220211010000,17199.80,PASS
14,random_fullrange_10,42,002a11bad52261c6,002a110222020000,002a110222020000,16531.50,PASS
14,random_fullrange_10,43,002b22f090114eb3,002b220211010000,002b220211010000,17302.80,PASS
14,random_fullrange_10,44,002c119198222a05,002c110222010000,002c110222010000,16179.50,PASS
14,random_fullrange_10,45,002d22f01c11dcf7,002d220211020000,002d220211020000,17399.20,PASS
14,random_fullrange_10,46,002e11318122e1a8,002e110122020000,002e110122020000,16235.50,PASS
14,random_fullrange_10,47,002f222731114936,002f220111010000,002f220111010000,16704.60,PASS
14,random_fullrange_10,48,003011f62622dfa9,0030110222020000,0030110222020000,17542.20,PASS
14,random_fullrange_10,49,003122833f11dfc9,0031220211020000,0031220211020000,16666.50,PASS
14,random_fullrange_10,50,0032110fcf229a02,0032110122020000,0032110122020000,16559.60,PASS
14,random_fullrange_10,51,003322ac1c11fee1,0033220211020000,0033220211020000,17046.30,PASS
14,random_fullrange_10,52,003411ed31225012,0034110222010000,0034110222010000,16574.20,PASS
14,random_fullrange_10,53,003522b2dc11ff4a,0035220211020000,0035220211020000,16697.90,PASS
14,random_fullrange_10,54,003611955b227900,0036110122010000,0036110122010000,16854.30,PASS
14,random_fullrange_10,55,0037223eda11e533,0037220111020000,0037220111020000,16781.50,PASS
14,random_fullrange_10,56,0038110000222820,0038110122010000,0038110122010000,16900.70,PASS
14,random_fullrange_10,57,0039226c0011cc85,0039220111020000,0039220111020000,16948.00,PASS
14,random_fullrange_10,58,003a11bffb223371,003a110222010000,003a110222010000,16885.70,PASS
14,random_fullrange_10,59,003b22bde311bb11,003b220211020000,003b220211020000,16794.00,PASS
14,random_fullrange_10,60,003c111f5522fa45,003c110122020000,003c110122020000,16999.80,PASS
14,random_fullrange_10,61,003d225054117783,003d220111010000,003d220111010000,17007.10,PASS
14,random_fullrange_10,62,003e11d43322ddf3,003e110222020000,003e110222020000,17153.60,PASS
14,random_fullrange_10,63,003f22284411dc7e,003f220111020000,003f220111020000,16581.30,PASS
14,random_fullrange_10,64,0040119e6f222100,0040110122010000,0040110122010000,16725.80,PASS
14,random_fullrange_10,65,004122f92a117274,0041220211010000,0041220211010000,17392.30,PASS
14,random_fullrange_10,66,004211cf5e221d35,0042110222010000,0042110222010000,16342.40,PASS
14,random_fullrange_10,67,004322980c1156cb,0043220211010000,0043220211010000,16630.20,PASS
14,random_fullrange_10,68,004411641122bd66,0044110122020000,0044110122020000,17610.10,PASS
14,random_fullrange_10,69,00452279e411c379,0045220211020000,0045220211020000,16566.80,PASS
14,random_fullrange_10,70,0046112de222ee00,0046110122020000,0046110122020000,16954.20,PASS
14,random_fullrange_10,71,0047223b28111ed9,0047220111010000,0047220111010000,16671.90,PASS
14,random_fullrange_10,72,004811a6382250bd,0048110222010000,0048110222010000,16377.60,PASS
14,random_fullrange_10,73,0049224adb1114e4,0049220111010000,0049220111010000,17259.60,PASS
14,random_fullrange_10,74,004a11522f226741,004a110122010000,004a110122010000,16433.50,PASS
14,random_fullrange_10,75,004b2280611194e8,004b220211020000,004b220211020000,17482.30,PASS
14,random_fullrange_10,76,004c111554228763,004c110122020000,004c110122020000,16151.90,PASS
14,random_fullrange_10,77,004d223e5a112603,004d220111010000,004d220111010000,16975.40,PASS
14,random_fullrange_10,78,004e1124ff228e01,004e110122020000,004e110122020000,17177.20,PASS
14,random_fullrange_10,79,004f22243111afde,004f220111020000,004f220111020000,16302.50,PASS
14,random_fullrange_10,80,0050112984225a5c,0050110122010000,0050110122010000,16863.50,PASS
14,random_fullrange_10,81,005122d42d119fa5,0051220211020000,0051220211020000,16818.30,PASS
14,random_fullrange_10,82,005211710222691f,0052110222010000,0052110222010000,16743.60,PASS
14,random_fullrange_10,83,005322d2f911bfed,0053220211020000,0053220211020000,17343.50,PASS
14,random_fullrange_10,84,005411b96222fbd7,0054110222020000,0054110222020000,16346.00,PASS
14,random_fullrange_10,85,005522d2da11d650,0055220211020000,0055220211020000,16707.30,PASS
14,random_fullrange_10,86,005611272f22c327,0056110122020000,0056110122020000,16969.90,PASS
14,random_fullrange_10,87,005722069b1100c7,0057220111010000,0057220111010000,16889.20,PASS
14,random_fullrange_10,88,00581113012261ec,0058110122010000,0058110122010000,16594.20,PASS
14,random_fullrange_10,89,0059228327114175,0059220111010000,0059220111010000,17185.90,PASS
14,random_fullrange_10,90,005a11be5022e372,005a110222020000,005a110222020000,16606.60,PASS
14,random_fullrange_10,91,005b22dcb411403c,005b220211010000,005b220211010000,16673.00,PASS
14,random_fullrange_10,92,005c11071e2288e1,005c110122010000,005c110122010000,17074.80,PASS
14,random_fullrange_10,93,005d224d5b111a9e,005d220111010000,005d220111010000,16652.30,PASS
14,random_fullrange_10,94,005e112f7b225ac3,005e110122010000,005e110122010000,16840.10,PASS
14,random_fullrange_10,95,005f220946115ded,005f220111020000,005f220111020000,17267.10,PASS
14,random_fullrange_10,96,006011b572221b84,0060110222010000,0060110222010000,16937.80,PASS
14,random_fullrange_10,97,006122be88117e70,0061220211020000,0061220211020000,16162.10,PASS
14,random_fullrange_10,98,006211482d2203d8,0062110122010000,0062110122010000,17102.40,PASS
14,random_fullrange_10,99,006322d0c5116ff1,0063220211020000,0063220211020000,16828.90,PASS
15,random_fullrange_11,0,000022266e119c50,0000220011000000,0000220011000000,17789.40,PASS
15,random_fullrange_11,1,000111935a227664,0001110022000000,0001110022000000,17263.20,PASS
15,random_fullrange_11,2,00022286ad117e28,0002220011000000,0002220011000000,16268.00,PASS
15,random_fullrange_11,3,000311a0602229f0,0003110022000000,0003110022000000,16852.60,PASS
15,random_fullrange_11,4,00042227d711f0bf,0004220011000000,0004220011000000,16635.00,PASS
15,random_fullrange_11,5,000511cf7722e8eb,0005110022000000,0005110022000000,16993.90,PASS
15,random_fullrange_11,6,000622203c114f5a,0006220011000000,0006220011000000,17010.20,PASS
15,random_fullrange_11,7,00071128d4228d8a,0007110022000000,0007110022000000,16525.20,PASS
15,random_fullrange_11,8,000822166b11b201,0008220011000000,0008220011000000,17523.60,PASS
15,random_fullrange_11,9,0009115ba7229626,0009110022000000,0009110022000000,16304.50,PASS
15,random_fullrange_11,10,000a22aa87110394,000a220011000000,000a220011000000,16660.80,PASS
15,random_fullrange_11,11,000b11945a2236a9,000b110022000000,000b110022000000,16648.20,PASS
15,random_fullrange_11,12,000c22a60a1151a9,000c220011000000,000c220011000000,17011.90,PASS
15,random_fullrange_11,13,000d115b0f22356e,000d110022000000,000d110022000000,16575.30,PASS
15,random_fullrange_11,14,000e22e44911002b,000e220011000000,000e220011000000,16911.20,PASS
15,random_fullrange_11,15,000f1143f92235bd,000f110022000000,000f110022000000,16965.30,PASS
15,random_fullrange_11,16,0010226eed1122c3,0010220211000000,0010220211000000,16858.20,PASS
15,random_fullrange_11,17,0011119eff2257ba,0011110222010000,0011110222010000,16829.70,PASS
15,random_fullrange_11,18,001222e8d0119b54,0012220211020000,0012220211020000,17040.10,PASS
15,random_fullrange_11,19,001311362c22dd4d,0013110122020000,0013110122020000,16812.40,PASS
15,random_fullrange_11,20,0014224f69114158,0014220111010000,0014220111010000,16954.10,PASS
15,random_fullrange_11,21,001511b54022b25f,0015110222020000,0015110222020000,16571.60,PASS
15,random_fullrange_11,22,0016224a1d11b14b,0016220111020000,0016220111020000,16978.50,PASS
15,random_fullrange_11,23,001711c5ea22387a,0017110222010000,0017110222010000,17065.20,PASS
15,random_fullrange_11,24,0018228159113b76,0018220211010000,0018220211010000,16739.10,PASS
15,random_fullrange_11,25,0019117cb922609e,0019110222010000,0019110222010000,16841.80,PASS
15,random_fullrange_11,26,001a227e191168ad,001a220211010000,001a220211010000,17453.90,PASS
15,random_fullrange_11,27,001b118156226851,001b110222010000,001b110222010000,16833.60,PASS
15,random_fullrange_11,28,001c22f83911e90f,001c220211020000,001c220211020000,16534.20,PASS
15,random_fullrange_11,29,001d1199df2208a4,001d110222010000,001d110222010000,17358.20,PASS
15,random_fullrange_11,30,001e226f31115fd6,001e220111010000,001e220111010000,16341.10,PASS
15,random_fullrange_11,31,001f11589d222445,001f110122010000,001f110122010000,16663.50,PASS
15,random_fullrange_11,32,0020223472112f92,0020220111010000,0020220111010000,16999.60,PASS
15,random_fullrange_11,33,002111bc7e220cd0,0021110222010000,0021110222010000,16269.00,PASS
15,random_fullrange_11,34,002222fbb3118f31,0022220211020000,0022220211020000,16883.20,PASS
15,random_fullrange_11,35,002311fd9022527f,0023110222010000,0023110222010000,16936.30,PASS
15,random_fullrange_11,36,0024223b001198ab,0024220111020000,0024220111020000,16817.10,PASS
15,random_fullrange_11,37,00251138a222ead3,0025110122020000,0025110122020000,16785.70,PASS
15,random_fullrange_11,38,0026225f3d11113a,0026220111010000,0026220111010000,16846.20,PASS
15,random_fullrange_11,39,0027110a8322cdf5,0027110122020000,0027110122020000,16831.80,PASS
15,random_fullrange_11,40,00282248461168e4,0028220111010000,0028220111010000,17044.30,PASS
15,random_fullrange_11,41,00291139ba227bd2,0029110122020000,0029110122020000,16803.30,PASS
15,random_fullrange_11,42,002a22fa8c11ae3f,002a220211020000,002a220211020000,16866.40,PASS
15,random_fullrange_11,43,002b1140cb22d6d7,002b110122020000,002b110122020000,16844.20,PASS
15,random_fullrange_11,44,002c2253ed11a005,002c220111020000,002c220111020000,17277.00,PASS
15,random_fullrange_11,45,002d11e52622d581,002d110222020000,002d110222020000,16226.60,PASS
15,random_fullrange_11,46,002e225c4c1169e2,002e220111010000,002e220111010000,17515.70,PASS
15,random_fullrange_11,47,002f11a35b221069,002f110222010000,002f110222010000,16304.00,PASS
15,random_fullrange_11,48,0030224c6711fcc8,0030220111020000,0030220111020000,16726.50,PASS
15,random_fullrange_11,49,0031117c102292e3,0031110122020000,0031110122020000,17305.40,PASS
15,random_fullrange_11,50,0032225ed4114648,0032220111010000,0032220111010000,16302.80,PASS
15,random_fullrange_11,51,0033110bde22863a,0033110122020000,0033110122020000,17388.00,PASS
15,random_fullrange_11,52,003422c6b1114c84,0034220211010000,0034220211010000,16233.10,PASS
15,random_fullrange_11,53,003511d01222246b,0035110222010000,0035110222010000,16909.10,PASS
15,random_fullrange_11,54,00362296ee11adfe,0036220211020000,0036220211020000,17227.20,PASS
15,random_fullrange_11,55,0037119a2322c1b5,0037110222020000,0037110222020000,16380.30,PASS
15,random_fullrange_11,56,00382280ab1195e4,0038220111020000,0038220111020000,17385.30,PASS
15,random_fullrange_11,57,00391163ec2261f9,0039110122010000,0039110122010000,16631.40,PASS
15,random_fullrange_11,58,003a2248c011ca73,003a220111020000,003a220111020000,16299.20,PASS
15,random_fullrange_11,59,003b11d79622637e,003b110222010000,003b110222010000,16815.20,PASS
15,random_fullrange_11,60,003c22dedc11e23b,003c220211020000,003c220211020000,16945.60,PASS
15,random_fullrange_11,61,003d11433e229176,003d110122020000,003d110122020000,16916.70,PASS
15,random_fullrange_11,62,003e222ae111436c,003e220111010000,003e220111010000,16654.60,PASS
15,random_fullrange_11,63,003f119ad5222595,003f110222010000,003f110222010000,16881.50,PASS
15,random_fullrange_11,64,004022b83911ab21,0040220211020000,0040220211020000,16695.40,PASS
15,random_fullrange_11,65,00411183d5223ba3,0041110122010000,0041110122010000,16926.20,PASS
15,random_fullrange_11,66,0042223c051167be,0042220111010000,0042220111010000,16864.90,PASS
15,random_fullrange_11,67,004311f054229c73,0043110222020000,0043110222020000,17399.10,PASS
15,random_fullrange_11,68,00442255a6118c72,0044220111010000,0044220111010000,16384.80,PASS
15,random_fullrange_11,69,00451175232294e7,0045110122020000,0045110122020000,17163.10,PASS
15,random_fullrange_11,70,004622809f116d88,0046220211010000,0046220211010000,16588.70,PASS
15,random_fullrange_11,71,0047112334228993,0047110122020000,0047110122020000,17082.00,PASS
15,random_fullrange_11,72,0048229cb411af10,0048220211020000,0048220211020000,16292.40,PASS
15,random_fullrange_11,73,004911a8ae22f28c,0049110222020000,0049110222020000,17484.30,PASS
15,random_fullrange_11,74,004a22f4a511e42f,004a220211020000,004a220211020000,16263.30,PASS
15,random_fullrange_11,75,004b118dea22e77a,004b110122020000,004b110122020000,16756.60,PASS
15,random_fullrange_11,76,004c22631f110428,004c220111010000,004c220111010000,16721.70,PASS
15,random_fullrange_11,77,004d115f3022c293,004d110122020000,004d110122020000,15987.00,PASS
15,random_fullrange_11,78,004e2250c111b0ce,004e220111020000,004e220111020000,16024.60,PASS
15,random_fullrange_11,79,004f115129228170,004f110122010000,004f110122010000,17480.90,PASS
15,random_fullrange_11,80,005022bb1211fd59,0050220211020000,0050220211020000,16287.90,PASS
15,random_fullrange_11,81,005111bf3b22da9d,0051110222020000,0051110222020000,16826.20,PASS
15,random_fullrange_11,82,005222a006110354,0052220111010000,0052220111010000,16818.90,PASS
15,random_fullrange_11,83,0053115d5e22eb01,0053110122020000,0053110122020000,16575.30,PASS
15,random_fullrange_11,84,005422031011c9fe,0054220111020000,0054220111020000,16882.30,PASS
15,random_fullrange_11,85,00551163e22299d2,0055110122010000,0055110122010000,16791.50,PASS
15,random_fullrange_11,86,0056226b1211d6ba,0056220111020000,0056220111020000,17010.00,PASS
15,random_fullrange_11,87,005711dd1f22eb33,0057110222020000,0057110222020000,16804.40,PASS
15,random_fullrange_11,88,005822f9af11db1f,0058220211020000,0058220211020000,16776.80,PASS
15,random_fullrange_11,89,005911369122d1bc,0059110122020000,0059110122020000,16991.70,PASS
15,random_fullrange_11,90,005a22cc5d115481,005a220211010000,005a220211010000,16735.80,PASS
15,random_fullrange_11,91,005b11de3e22f8cc,005b110222020000,005b110222020000,16902.60,PASS
15,random_fullrange_11,92,005c22568e112666,005c220111010000,005c220111010000,16933.30,PASS
15,random_fullrange_11,93,005d11900b229bd4,005d110222010000,005d110222010000,17054.00,PASS
15,random_fullrange_11,94,005e225d8b110720,005e220111010000,005e220111010000,16819.50,PASS
15,random_fullrange_11,95,005f11aed822fe89,005f110222020000,005f110222020000,16959.60,PASS
15,random_fullrange_11,96,00602259cd1195e4,0060220111020000,0060220111020000,16497.20,PASS
15,random_fullrange_11,97,006111abf72273b1,0061110222010000,0061110222010000,16937.60,PASS
15,random_fullrange_11,98,0062224157112038,0062220111010000,0062220111010000,16963.00,PASS
15,random_fullrange_11,99,006311fef9225c00,0063110222010000,0063110222010000,16929.20,PASS
16,random_fullrange_12,0,000011da51227dfa,0000110022000000,0000110022000000,2151.70,PASS
16,random_fullrange_12,1,00012254e0115e4f,0001220011000000,0001220011000000,17293.10,PASS
16,random_fullrange_12,2,000211c5b822e8e2,0002110022000000,0002110022000000,16388.60,PASS
16,random_fullrange_12,3,0003227a3511a150,0003220011000000,0003220011000000,16903.90,PASS
16,random_fullrange_12,4,000411dd7622409e,0004110022000000,0004110022000000,16715.10,PASS
16,random_fullrange_12,5,000522848c11b17f,0005220011000000,0005220011000000,16855.60,PASS
16,random_fullrange_12,6,0006117ee822b048,0006110022000000,0006110022000000,17158.00,PASS
16,random_fullrange_12,7,000722960e11c874,0007220011000000,0007220011000000,16533.90,PASS
16,random_fullrange_12,8,0008112da7227e2b,0008110022000000,0008110022000000,16797.60,PASS
16,random_fullrange_12,9,0009221179112dac,0009220011000000,0009220011000000,16997.50,PASS
16,random_fullrange_12,10,000a11d94822e4d1,000a110022000000,000a110022000000,16784.80,PASS
16,random_fullrange_12,11,000b2221421118c6,000b220011000000,000b220011000000,16951.20,PASS
16,random_fullrange_12,12,000c11cf9d22802e,000c110022000000,000c110022000000,16550.40,PASS
16,random_fullrange_12,13,000d22d42b114af2,000d220011000000,000d220011000000,16976.80,PASS
16,random_fullrange_12,14,000e11cbbb2290fe,000e110022000000,000e110022000000,16818.00,PASS
16,random_fullrange_12,15,000f22b9b2118685,000f220011000000,000f220011000000,16635.10,PASS
16,random_fullrange_12,16,001011556122c10c,0010110022000000,0010110022000000,17033.30,PASS
16,random_fullrange_12,17,0011222f8e118575,0011220111000000,0011220111000000,16609.80,PASS
16,random_fullrange_12,18,001211ceed226810,0012110222010000,0012110222010000,16895.00,PASS
16,random_fullrange_12,19,001322d731117008,0013220211010000,0013220211010000,17034.20,PASS
16,random_fullrange_12,20,001411dc06225811,0014110222010000,0014110222010000,16721.30,PASS
16,random_fullrange_12,21,001522d86a11c5a9,0015220211020000,0015220211020000,16755.30,PASS
16,random_fullrange_12,22,0016114d9c22927b,0016110122020000,0016110122020000,16768.90,PASS
16,random_fullrange_12,23,001722518711ff8d,0017220111020000,0017220111020000,16727.30,PASS
16,random_fullrange_12,24,001811337322a043,0018110122020000,0018110122020000,17098.60,PASS
16,random_fullrange_12,25,00192224aa11570c,0019220111010000,0019220111010000,16431.30,PASS
16,random_fullrange_12,26,001a110a5a22cd64,001a110122020000,001a110122020000,16911.90,PASS
16,random_fullrange_12,27,001b22f5ee1161e9,001b220211010000,001b220211010000,16898.00,PASS
16,random_fullrange_12,28,001c11548722bc95,001c110122020000,001c110122020000,17485.10,PASS
16,random_fullrange_12,29,001d22900211db93,001d220111020000,001d220111020000,16369.80,PASS
16,random_fullrange_12,30,001e116935221aa3,001e110122010000,001e110122010000,16983.10,PASS
16,random_fullrange_12,31,001f22f54e11c8f4,001f220211020000,001f220211020000,16754.50,PASS
16,random_fullrange_12,32,002011934522b6a3,0020110222020000,0020110222020000,16914.20,PASS
16,random_fullrange_12,33,002122ad6111ca09,0021220211020000,0021220211020000,16820.30,PASS
16,random_fullrange_12,34,0022116549229326,0022110122010000,0022110122010000,16857.60,PASS
16,random_fullrange_12,35,002322e187114aa0,0023220211010000,0023220211010000,16801.20,PASS
16,random_fullrange_12,36,00241113bd224e98,0024110122010000,0024110122010000,16967.20,PASS
16,random_fullrange_12,37,002522df49118547,0025220211020000,0025220211020000,16990.70,PASS
16,random_fullrange_12,38,0026113990229782,0026110122010000,0026110122010000,16667.80,PASS
16,random_fullrange_12,39,002722a468111a2a,0027220211010000,0027220211010000,17054.50,PASS
16,random_fullrange_12,40,002811bd4d22101c,0028110222010000,0028110222010000,16678.00,PASS
16,random_fullrange_12,41,00292240e911560e,0029220111010000,0029220111010000,17103.50,PASS
16,random_fullrange_12,42,002a11956c22d5bb,002a110222020000,002a110222020000,17482.70,PASS
16,random_fullrange_12,43,002b22cfc911ade9,002b220211020000,002b220211020000,16014.30,PASS
16,random_fullrange_12,44,002c1160c322bbdf,002c110122020000,002c110122020000,17611.60,PASS
16,random_fullrange_12,45,002d222779112cb8,002d220111010000,002d220111010000,16236.60,PASS
16,random_fullrange_12,46,002e1196ab2220b3,002e110222010000,002e110222010000,17455.50,PASS
16,random_fullrange_12,47,002f22ba611193b1,002f220211020000,002f220211020000,16040.90,PASS
16,random_fullrange_12,48,0030114df122efb2,0030110122020000,0030110122020000,16841.60,PASS
16,random_fullrange_12,49,0031226d5211cda6,0031220111020000,0031220111020000,16762.00,PASS
16,random_fullrange_12,50,00321112a9224281,0032110122010000,0032110122010000,16926.20,PASS
16,random_fullrange_12,51,0033224e78118909,0033220111020000,0033220111020000,16713.20,PASS
16,random_fullrange_12,52,003411a151224899,0034110222010000,0034110222010000,17107.40,PASS
16,random_fullrange_12,53,0035222f9111f762,0035220111020000,0035220111020000,16996.30,PASS
16,random_fullrange_12,54,003611354322bcd6,0036110122020000,0036110122020000,16747.20,PASS
16,random_fullrange_12,55,0037224085117bfa,0037220111010000,0037220111010000,16953.30,PASS
16,random_fullrange_12,56,00381163de222303,0038110122010000,0038110122010000,16316.00,PASS
16,random_fullrange_12,57,0039223699119977,0039220111020000,0039220111020000,16769.00,PASS
16,random_fullrange_12,58,003a11911622333f,003a110222010000,003a110222010000,16865.80,PASS
16,random_fullrange_12,59,003b2264e111c7a6,003b220211020000,003b220211020000,16905.00,PASS
16,random_fullrange_12,60,003c116f1222a976,003c110122020000,003c110122020000,16954.90,PASS
16,random_fullrange_12,61,003d22b26e113b18,003d220211010000,003d220211010000,16854.80,PASS
16,random_fullrange_12,62,003e11fd3d22115c,003e110222010000,003e110222010000,16739.10,PASS
16,random_fullrange_12,63,003f2297f211f352,003f220211020000,003f220211020000,16803.00,PASS
16,random_fullrange_12,64,004011a09e228d68,0040110222020000,0040110222020000,17053.00,PASS
16,random_fullrange_12,65,004122550211f179,0041220111020000,0041220111020000,17397.20,PASS
16,random_fullrange_12,66,00421137f6220029,0042110122010000,0042110122010000,16059.80,PASS
16,random_fullrange_12,67,0043228318116a6f,0043220211010000,0043220211010000,17397.60,PASS
16,random_fullrange_12,68,004411787b227e15,0044110122020000,0044110122020000,16837.30,PASS
16,random_fullrange_12,69,004522915811103e,0045220211010000,0045220211010000,16209.10,PASS
16,random_fullrange_12,70,004611d7bb2245e3,0046110222010000,0046110222010000,16822.90,PASS
16,random_fullrange_12,71,004722338c11c6fb,0047220111020000,0047220111020000,16860.00,PASS
16,random_fullrange_12,72,004811c322228034,0048110222020000,0048110222020000,16950.60,PASS
16,random_fullrange_12,73,004922e55b119633,0049220211010000,0049220211010000,16868.10,PASS
16,random_fullrange_12,74,004a11152122c714,004a110122020000,004a110122020000,17136.40,PASS
16,random_fullrange_12,75,004b22b26b11696d,004b220211010000,004b220211010000,16838.90,PASS
16,random_fullrange_12,76,004c114290222f7a,004c110122010000,004c110122010000,16429.90,PASS
16,random_fullrange_12,77,004d22820711f7aa,004d220211020000,004d220211020000,16428.50,PASS
16,random_fullrange_12,78,004e117e5622377d,004e110122010000,004e110122010000,17062.70,PASS
16,random_fullrange_12,79,004f221232110d41,004f220111010000,004f220111010000,16763.30,PASS
16,random_fullrange_12,80,0050112bce221db5,0050110122010000,0050110122010000,17515.20,PASS
16,random_fullrange_12,81,005122074211b2b6,0051220111020000,0051220111020000,16495.20,PASS
16,random_fullrange_12,82,005211c686224b08,0052110222010000,0052110222010000,16560.70,PASS
16,random_fullrange_12,83,005322a843116a78,0053220211010000,0053220211010000,16562.10,PASS
16,random_fullrange_12,84,005411eeb422b2a6,0054110222020000,0054110222020000,16961.90,PASS
16,random_fullrange_12,85,005522867611031f,0055220211010000,0055220211010000,17065.80,PASS
16,random_fullrange_12,86,005611382022c524,0056110122020000,0056110122020000,16507.10,PASS
16,random_fullrange_12,87,0057221c03113b7f,0057220111010000,0057220111010000,17494.20,PASS
16,random_fullrange_12,88,005811f52822c80e,0058110222020000,0058110222020000,16092.90,PASS
16,random_fullrange_12,89,005922a0c711b060,0059220211020000,0059220211020000,16921.50,PASS
16,random_fullrange_12,90,005a11e4f22265c8,005a110222010000,005a110222010000,17296.50,PASS
16,random_fullrange_12,91,005b226477111ec9,005b220111010000,005b220111010000,16255.90,PASS
16,random_fullrange_12,92,005c11bc3622ddc2,005c110222020000,005c110222020000,16940.80,PASS
16,random_fullrange_12,93,005d22be21115382,005d220211010000,005d220211010000,17294.90,PASS
16,random_fullrange_12,94,005e11588d22cb38,005e110122020000,005e110122020000,16619.80,PASS
16,random_fullrange_12,95,005f22c1ba112b50,005f220211010000,005f220211010000,16428.90,PASS
16,random_fullrange_12,96,0060118aef22cc05,0060110222020000,0060110222020000,16934.60,PASS
16,random_fullrange_12,97,0061221bd3118547,0061220111020000,0061220111020000,17244.80,PASS
16,random_fullrange_12,98,006211c8e022b650,0062110222020000,0062110222020000,16708.60,PASS
16,random_fullrange_12,99,00632261bb112024,0063220111010000,0063220111010000,16443.80,PASS
17,random_fullrange_13,0,000022747511f7e9,0000220011000000,0000220011000000,18056.70,PASS
17,random_fullrange_13,1,0001113b8322731e,0001110022000000,0001110022000000,16501.90,PASS
17,random_fullrange_13,2,00022293a211eb62,0002220011000000,0002220011000000,17506.00,PASS
17,random_fullrange_13,3,0003113ebc22a21f,0003110022000000,0003110022000000,16825.60,PASS
17,random_fullrange_13,4,00042298501141da,0004220011000000,0004220011000000,16548.40,PASS
17,random_fullrange_13,5,000511ace6227fea,0005110022000000,0005110022000000,16443.90,PASS
17,random_fullrange_13,6,0006226aa211eb49,0006220011000000,0006220011000000,16668.90,PASS
17,random_fullrange_13,7,000711e293229d2c,0007110022000000,0007110022000000,16976.10,PASS
17,random_fullrange_13,8,00082261e5116061,0008220011000000,0008220011000000,17017.00,PASS
17,random_fullrange_13,9,000911a9e42261ae,0009110022000000,0009110022000000,16521.30,PASS
17,random_fullrange_13,10,000a2203771158de,000a220011000000,000a220011000000,17409.10,PASS
17,random_fullrange_13,11,000b113c20222e0a,000b110022000000,000b110022000000,16138.50,PASS
17,random_fullrange_13,12,000c22424911129b,000c220011000000,000c220011000000,16801.00,PASS
17,random_fullrange_13,13,000d1116e522a898,000d110022000000,000d110022000000,16784.70,PASS
17,random_fullrange_13,14,000e2261111160f4,000e220011000000,000e220011000000,17064.00,PASS
17,random_fullrange_13,15,000f116f402286ef,000f110022000000,000f110022000000,16692.80,PASS
17,random_fullrange_13,16,001022978611ab26,0010220011020000,0010220011020000,16914.80,PASS
17,random_fullrange_13,17,001111b8ae22d915,0011110222000000,0011110222000000,16954.30,PASS
17,random_fullrange_13,18,0012224d9911fec9,0012220111020000,0012220111020000,16875.50,PASS
17,random_fullrange_13,19,001311d14222d73f,0013110222020000,0013110222020000,16855.50,PASS
17,random_fullrange_13,20,00142288d6114365,0014220211010000,0014220211010000,16793.80,PASS
17,random_fullrange_13,21,001511051122adb8,0015110122020000,0015110122020000,17084.60,PASS
17,random_fullrange_13,22,001622ac4811803b,0016220211020000,0016220211020000,17056.90,PASS
17,random_fullrange_13,23,001711223a224690,0017110122010000,0017110122010000,16652.50,PASS
17,random_fullrange_13,24,001822dc9911a45d,0018220211020000,0018220211020000,17157.70,PASS
17,random_fullrange_13,25,001911f58d22d792,0019110222020000,0019110222020000,16645.60,PASS
17,random_fullrange_13,26,001a22c486111177,001a220211010000,001a220211010000,17002.30,PASS
17,random_fullrange_13,27,001b11516e2228d9,001b110122010000,001b110122010000,16322.30,PASS
17,random_fullrange_13,28,001c2226271145c9,001c220111010000,001c220111010000,16886.00,PASS
17,random_fullrange_13,29,001d11ae12229123,001d110222020000,001d110222020000,16986.70,PASS
17,random_fullrange_13,30,001e22fded11d943,001e220211020000,001e220211020000,16488.00,PASS
17,random_fullrange_13,31,001f11b66822ed99,001f110222020000,001f110222020000,16659.20,PASS
17,random_fullrange_13,32,00202240a211e0ea,0020220111020000,0020220111020000,16683.90,PASS
17,random_fullrange_13,33,002111405b22ac5f,0021110122020000,0021110122020000,17031.80,PASS
17,random_fullrange_13,34,002222700d110003,0022220111010000,0022220111010000,16806.00,PASS
17,random_fullrange_13,35,00231120d722a09a,0023110122020000,0023110122020000,16812.80,PASS
17,random_fullrange_13,36,00242231871144aa,0024220111010000,0024220111010000,17345.40,PASS
17,random_fullrange_13,37,002511898c22a184,0025110222020000,0025110222020000,16389.40,PASS
17,random_fullrange_13,38,002622965e114e48,0026220211010000,0026220211010000,16602.70,PASS
17,random_fullrange_13,39,002711620622c3cc,0027110122020000,0027110122020000,16756.00,PASS
17,random_fullrange_13,40,002822da0911761e,0028220211020000,0028220211020000,16798.80,PASS
17,random_fullrange_13,41,002911538b2266cd,0029110122010000,0029110122010000,16945.60,PASS
17,random_fullrange_13,42,002a2278f0117900,002a220111020000,002a220111020000,16774.30,PASS
17,random_fullrange_13,43,002b11bf542270cf,002b110222010000,002b110222010000,16778.60,PASS
17,random_fullrange_13,44,002c22bbbc118626,002c220211020000,002c220211020000,16930.20,PASS
17,random_fullrange_13,45,002d112b81226e06,002d110122010000,002d110122010000,16934.50,PASS
17,random_fullrange_13,46,002e223af011b6d2,002e220111020000,002e220111020000,16889.00,PASS
17,random_fullrange_13,47,002f113e8622e224,002f110122020000,002f110122020000,17015.60,PASS
17,random_fullrange_13,48,003022334011788c,0030220111020000,0030220111020000,16836.10,PASS
17,random_fullrange_13,49,003111ee7422e538,0031110222020000,0031110222020000,17458.50,PASS
17,random_fullrange_13,50,003222f47511eec7,0032220211020000,0032220211020000,16409.50,PASS
17,random_fullrange_13,51,0033111e1522ef08,0033110122020000,0033110122020000,17384.20,PASS
17,random_fullrange_13,52,003422d8ca11d194,0034220211020000,0034220211020000,16157.80,PASS
17,random_fullrange_13,53,003511fd9b22ab3a,0035110222020000,0035110222020000,16749.00,PASS
17,random_fullrange_13,54,00362294e41196fe,0036220111020000,0036220111020000,16965.90,PASS
17,random_fullrange_13,55,00371199ac2224ba,0037110222010000,0037110222010000,16709.30,PASS
17,random_fullrange_13,56,0038228152115670,0038220111010000,0038220111010000,16789.20,PASS
17,random_fullrange_13,57,003911a30f227616,0039110222010000,0039110222010000,16771.70,PASS
17,random_fullrange_13,58,003a225e6f11ee47,003a220111020000,003a220111020000,16943.20,PASS
17,random_fullrange_13,59,003b11e2db2219f8,003b110222010000,003b110222010000,16878.90,PASS
17,random_fullrange_13,60,003c22b42b11ab3d,003c220211020000,003c220211020000,16729.80,PASS
17,random_fullrange_13,61,003d11499822180a,003d110122010000,003d110122010000,16940.10,PASS
17,random_fullrange_13,62,003e2289f711a257,003e220111020000,003e220111020000,17374.20,PASS
17,random_fullrange_13,63,003f11445722528a,003f110122010000,003f110122010000,16691.90,PASS
17,random_fullrange_13,64,004022d354115239,0040220211010000,0040220211010000,16413.70,PASS
17,random_fullrange_13,65,004111fc562205ef,0041110222010000,0041110222010000,17070.60,PASS
17,random_fullrange_13,66,0042226e7f11351c,0042220111010000,0042220111010000,17415.30,PASS
17,random_fullrange_13,67,004311977122fc87,0043110122020000,0043110122020000,16373.00,PASS
17,random_fullrange_13,68,00442229f311c742,0044220111020000,0044220111020000,17121.70,PASS
17,random_fullrange_13,69,00451169b522bfcc,0045110122020000,0045110122020000,16818.90,PASS
17,random_fullrange_13,70,004622dadf11e8a3,0046220211020000,0046220211020000,16170.50,PASS
17,random_fullrange_13,71,004711340a2225da,0047110122010000,0047110122010000,17566.00,PASS
17,random_fullrange_13,72,00482210eb1104b4,0048220111010000,0048220111010000,16189.80,PASS
17,random_fullrange_13,73,004911d9722292ef,0049110222020000,0049110222020000,16707.20,PASS
17,random_fullrange_13,74,004a2279be1134fd,004a220211010000,004a220211010000,17168.90,PASS
17,random_fullrange_13,75,004b11341122c2a8,004b110122020000,004b110122020000,16610.60,PASS
17,random_fullrange_13,76,004c22e2251105f3,004c220211010000,004c220211010000,16782.60,PASS
17,random_fullrange_13,77,004d11b346222fe1,004d110222010000,004d110222010000,16764.90,PASS
17,random_fullrange_13,78,004e228e47110a20,004e220211010000,004e220211010000,16811.00,PASS
17,random_fullrange_13,79,004f11370b223087,004f110122010000,004f110122010000,16806.50,PASS
17,random_fullrange_13,80,00502240a8117fab,0050220111020000,0050220111020000,16831.10,PASS
17,random_fullrange_13,81,005111e733222765,0051110222010000,0051110222010000,16731.50,PASS
17,random_fullrange_13,82,005222958a112d90,0052220211010000,0052220211010000,16939.00,PASS
17,random_fullrange_13,83,005311aa27223a8c,0053110222010000,0053110222010000,16861.70,PASS
17,random_fullrange_13,84,005422c5c211a970,0054220211020000,0054220211020000,16905.20,PASS
17,random_fullrange_13,85,005511f48e22a77a,0055110222020000,0055110222020000,16830.30,PASS
17,random_fullrange_13,86,00562207b8117286,0056220111020000,0056220111020000,16835.20,PASS
17,random_fullrange_13,87,00571158fa22f63a,0057110122020000,0057110122020000,17581.90,PASS
17,random_fullrange_13,88,00582259a6116740,0058220111010000,0058220111010000,16976.50,PASS
17,random_fullrange_13,89,00591171d1221d03,0059110222010000,0059110222010000,16048.00,PASS
17,random_fullrange_13,90,005a22fe1c11aeb7,005a220211020000,005a220211020000,17087.90,PASS
17,random_fullrange_13,91,005b1116b322fcae,005b110122020000,005b110122020000,17318.40,PASS
17,random_fullrange_13,92,005c22c21a1104c1,005c220211010000,005c220211010000,16418.50,PASS
17,random_fullrange_13,93,005d11b105225dd2,005d110222010000,005d110222010000,16697.10,PASS
17,random_fullrange_13,94,005e222ad211b5c9,005e220111020000,005e220111020000,17307.00,PASS
17,random_fullrange_13,95,005f11a69b22602c,005f110222010000,005f110222010000,16978.80,PASS
17,random_fullrange_13,96,00602297651171d9,0060220211010000,0060220211010000,16221.50,PASS
17,random_fullrange_13,97,0061115ccc227bef,0061110122010000,0061110122010000,16859.80,PASS
17,random_fullrange_13,98,0062220b3e11b587,0062220111020000,0062220111020000,16782.90,PASS
17,random_fullrange_13,99,006311fe8222db5b,0063110222020000,0063110222020000,16852.20,PASS
18,random_fullrange_14,0,000011dafe228647,0000110022000000,0000110022000000,18302.30,PASS
18,random_fullrange_14,1,000122ad75117e22,0001220011000000,0001220011000000,16890.10,PASS
18,random_fullrange_14,2,0002110b7522e8bc,0002110022000000,0002110022000000,16802.30,PASS
18,random_fullrange_14,3,0003228507113186,0003220011000000,0003220011000000,16798.10,PASS
18,random_fullrange_14,4,0004117340227c44,0004110022000000,0004110022000000,16614.60,PASS
18,random_fullrange_14,5,000522447211ea31,0005220011000000,0005220011000000,17037.80,PASS
18,random_fullrange_14,6,0006111be32276cf,0006110022000000,0006110022000000,17142.10,PASS
18,random_fullrange_14,7,00072294df114121,0007220011000000,0007220011000000,16998.10,PASS
18,random_fullrange_14,8,0008115698228c54,0008110022000000,0008110022000000,16246.10,PASS
18,random_fullrange_14,9,00092217ab11f2d5,0009220011000000,0009220011000000,16768.50,PASS
18,random_fullrange_14,10,000a116e15226938,000a110022000000,000a110022000000,16859.00,PASS
18,random_fullrange_14,11,000b22da6c111063,000b220011000000,000b220011000000,16773.20,PASS
18,random_fullrange_14,12,000c11a41e225ad5,000c110022000000,000c110022000000,17103.70,PASS
18,random_fullrange_14,13,000d220ef3115ee1,000d220011000000,000d220011000000,17016.10,PASS
18,random_fullrange_14,14,000e111294228224,000e110022000000,000e110022000000,16496.20,PASS
18,random_fullrange_14,15,000f220d6a110f1c,000f220011000000,000f220011000000,16726.20,PASS
18,random_fullrange_14,16,001011c9732213b9,0010110222000000,0010110222000000,16979.00,PASS
18,random_fullrange_14,17,0011221fc1116c49,0011220011020000,0011220011020000,17667.70,PASS
18,random_fullrange_14,18,00121128f922e6ea,0012110122020000,0012110122020000,16972.70,PASS
18,random_fullrange_14,19,0013227c7511ceb3,0013220211020000,0013220211020000,16451.50,PASS
18,random_fullrange_14,20,00141151fa221ede,0014110122010000,0014110122010000,16602.30,PASS
18,random_fullrange_14,21,0015222c62113dc0,0015220111010000,0015220111010000,16938.50,PASS
18,random_fullrange_14,22,0016110c1922e950,0016110122020000,0016110122020000,16746.20,PASS
18,random_fullrange_14,23,001722ed9511f9a8,0017220211020000,0017220211020000,16973.60,PASS
18,random_fullrange_14,24,0018119edd22db22,0018110222020000,0018110222020000,17136.20,PASS
18,random_fullrange_14,25,00192219f4117a18,0019220111020000,0019220111020000,16802.00,PASS
18,random_fullrange_14,26,001a1199aa2231a1,001a110222010000,001a110222010000,16556.90,PASS
18,random_fullrange_14,27,001b224fd7112a2c,001b220111010000,001b220111010000,17127.80,PASS
18,random_fullrange_14,28,001c11213522c426,001c110122020000,001c110122020000,16597.90,PASS
18,random_fullrange_14,29,001d223aa111ba85,001d220111020000,001d220111020000,16635.80,PASS
18,random_fullrange_14,30,001e11325d22e952,001e110122020000,001e110122020000,16724.90,PASS
18,random_fullrange_14,31,001f222e9a11bab4,001f220111020000,001f220111020000,16923.20,PASS
18,random_fullrange_14,32,002011af542223a8,0020110222010000,0020110222010000,17115.80,PASS
18,random_fullrange_14,33,0021224516111662,0021220111010000,0021220111010000,16580.80,PASS
18,random_fullrange_14,34,002211d01422d5f0,0022110222020000,0022110222020000,16548.80,PASS
18,random_fullrange_14,35,002322378c116eaa,0023220111010000,0023220111010000,16828.30,PASS
18,random_fullrange_14,36,002411984722ce7a,0024110222020000,0024110222020000,16752.60,PASS
18,random_fullrange_14,37,00252205a7114585,0025220111010000,0025220111010000,16905.40,PASS
18,random_fullrange_14,38,0026119ec922d6b9,0026110222020000,0026110222020000,16877.10,PASS
18,random_fullrange_14,39,002722f634113c54,0027220211010000,0027220211010000,16899.50,PASS
18,random_fullrange_14,40,002811ae7f223d3e,0028110222010000,0028110222010000,16934.40,PASS
18,random_fullrange_14,41,0029229c32112126,0029220211010000,0029220211010000,16834.80,PASS
18,random_fullrange_14,42,002a11d1ce222268,002a110222010000,002a110222010000,16829.90,PASS
18,random_fullrange_14,43,002b22d57a11220f,002b220211010000,002b220211010000,16962.30,PASS
18,random_fullrange_14,44,002c117762220d33,002c110122010000,002c110122010000,16605.50,PASS
18,random_fullrange_14,45,002d22ee6911f374,002d220211020000,002d220211020000,16956.10,PASS
18,random_fullrange_14,46,002e1116b12204ee,002e110122010000,002e110122010000,16760.40,PASS
18,random_fullrange_14,47,002f2266ec1168ea,002f220111010000,002f220111010000,16955.20,PASS
18,random_fullrange_14,48,003011f9d722583a,0030110222010000,0030110222010000,16867.80,PASS
18,random_fullrange_14,49,003122dbd0114229,0031220211010000,0031220211010000,17015.20,PASS
18,random_fullrange_14,50,0032111861221fbd,0032110122010000,0032110122010000,16796.00,PASS
18,random_fullrange_14,51,0033223de811d57e,0033220111020000,0033220111020000,17030.60,PASS
18,random_fullrange_14,52,003411af2e22b402,0034110222020000,0034110222020000,17051.30,PASS
18,random_fullrange_14,53,003522ee9e116ca4,0035220211010000,0035220211010000,16581.70,PASS
18,random_fullrange_14,54,003611addb229fe4,0036110222020000,0036110222020000,16651.30,PASS
18,random_fullrange_14,55,003722204e11e461,0037220111020000,0037220111020000,16899.00,PASS
18,random_fullrange_14,56,0038116b8422cf60,0038110122020000,0038110122020000,16853.10,PASS
18,random_fullrange_14,57,003922290811e9ad,0039220111020000,0039220111020000,16824.30,PASS
18,random_fullrange_14,58,003a112c1d226a04,003a110122010000,003a110122010000,16774.20,PASS
18,random_fullrange_14,59,003b229a0c11ae14,003b220211020000,003b220211020000,16867.10,PASS
18,random_fullrange_14,60,003c1130b422f2e4,003c110122020000,003c110122020000,16947.10,PASS
18,random_fullrange_14,61,003d22bedc113151,003d220211010000,003d220211010000,16712.70,PASS
18,random_fullrange_14,62,003e11b6312215d5,003e110222010000,003e110222010000,16714.30,PASS
18,random_fullrange_14,63,003f22be6111541c,003f220211010000,003f220211010000,16770.40,PASS
18,random_fullrange_14,64,004011761b22d1be,0040110122020000,0040110122020000,16909.10,PASS
18,random_fullrange_14,65,004122a9431142e4,0041220211010000,0041220211010000,17564.50,PASS
18,random_fullrange_14,66,0042114e3322c916,0042110122020000,0042110122020000,16508.40,PASS
18,random_fullrange_14,67,0043222330113404,0043220111010000,0043220111010000,16694.70,PASS
18,random_fullrange_14,68,00441183ee228126,0044110222010000,0044110222010000,16966.30,PASS
18,random_fullrange_14,69,004522b041114cd0,0045220211010000,0045220211010000,16606.10,PASS
18,random_fullrange_14,70,00461183fe221cf1,0046110222010000,0046110222010000,17015.30,PASS
18,random_fullrange_14,71,004722b7f31163d2,0047220211010000,0047220211010000,16708.40,PASS
18,random_fullrange_14,72,00481139b222c843,0048110122020000,0048110122020000,16935.90,PASS
18,random_fullrange_14,73,004922586c11ea23,0049220111020000,0049220111020000,16777.30,PASS
18,random_fullrange_14,74,004a11e2b322de9f,004a110222020000,004a110222020000,16829.60,PASS
18,random_fullrange_14,75,004b220e0c11b4cc,004b220111020000,004b220111020000,16617.60,PASS
18,random_fullrange_14,76,004c115b8122a2b0,004c110122020000,004c110122020000,16994.10,PASS
18,random_fullrange_14,77,004d22f9ef117812,004d220211010000,004d220211010000,16833.30,PASS
18,random_fullrange_14,78,004e11a830222217,004e110222010000,004e110222010000,16757.90,PASS
18,random_fullrange_14,79,004f22fced1164b2,004f220211010000,004f220211010000,16717.20,PASS
18,random_fullrange_14,80,005011953122abd1,0050110222020000,0050110222020000,16806.00,PASS
18,random_fullrange_14,81,00512262f611f9a2,0051220111020000,0051220111020000,16939.50,PASS
18,random_fullrange_14,82,0052116b5122c21f,0052110122020000,0052110122020000,16869.90,PASS
18,random_fullrange_14,83,00532244a3115a79,0053220111010000,0053220111010000,17261.90,PASS
18,random_fullrange_14,84,00541140652243a2,0054110122010000,0054110122010000,16533.80,PASS
18,random_fullrange_14,85,00552211a6112016,0055220111010000,0055220111010000,17370.30,PASS
18,random_fullrange_14,86,0056111c76220a5c,0056110122010000,0056110122010000,16341.70,PASS
18,random_fullrange_14,87,005722de0811c995,0057220211020000,0057220211020000,16871.10,PASS
18,random_fullrange_14,88,005811195022eb53,0058110122020000,0058110122020000,17361.60,PASS
18,random_fullrange_14,89,005922a8ed11f7cd,0059220211020000,0059220211020000,16212.50,PASS
18,random_fullrange_14,90,005a117f00224ee1,005a110222010000,005a110222010000,16717.00,PASS
18,random_fullrange_14,91,005b22490d11502c,005b220111010000,005b220111010000,16942.20,PASS
18,random_fullrange_14,92,005c11f40322c96e,005c110222020000,005c110222020000,16663.60,PASS
18,random_fullrange_14,93,005d22a168110d10,005d220211010000,005d220211010000,15248.20,PASS
18,random_fullrange_14,94,005e113f4022292e,005e110122010000,005e110122010000,16782.80,PASS
18,random_fullrange_14,95,005f22696611075f,005f220111010000,005f220111010000,17398.90,PASS
18,random_fullrange_14,96,006011b81822f14d,0060110222020000,0060110222020000,16399.70,PASS
18,random_fullrange_14,97,0061222a49115437,0061220111010000,0061220111010000,16708.40,PASS
18,random_fullrange_14,98,006211343b22c0bf,0062110122020000,0062110122020000,17350.70,PASS
18,random_fullrange_14,99,006322077d11f52d,0063220111020000,0063220111020000,16339.00,PASS
19,random_fullrange_15,0,000022cf8b11d35f,0000220011000000,0000220011000000,17401.80,PASS
19,random_fullrange_15,1,000111e48422d512,0001110022000000,0001110022000000,16310.30,PASS
19,random_fullrange_15,2,000222fc6a11f461,0002220011000000,0002220011000000,16750.20,PASS
19,random_fullrange_15,3,000311f6ab22106b,0003110022000000,0003110022000000,17105.20,PASS
19,random_fullrange_15,4,000422308811003b,0004220011000000,0004220011000000,16764.30,PASS
19,random_fullrange_15,5,0005114c64225355,0005110022000000,0005110022000000,16923.10,PASS
19,random_fullrange_15,6,000622c8221137a5,0006220011000000,0006220011000000,16793.10,PASS
19,random_fullrange_15,7,000711b795221c9d,0007110022000000,0007110022000000,16947.00,PASS
19,random_fullrange_15,8,000822ffd2114b99,0008220011000000,0008220011000000,16660.10,PASS
19,random_fullrange_15,9,000911180b22a2d5,0009110022000000,0009110022000000,16986.10,PASS
19,random_fullrange_15,10,000a2242441112a7,000a220011000000,000a220011000000,16669.90,PASS
19,random_fullrange_15,11,000b11078d22992f,000b110022000000,000b110022000000,16998.90,PASS
19,random_fullrange_15,12,000c225e5a113296,000c220011000000,000c220011000000,17009.10,PASS
19,random_fullrange_15,13,000d119b54229b7e,000d110022000000,000d110022000000,16934.70,PASS
19,random_fullrange_15,14,000e2268e711f73c,000e220011000000,000e220011000000,16598.00,PASS
19,random_fullrange_15,15,000f11eda82265f5,000f110022000000,000f110022000000,17233.90,PASS
19,random_fullrange_15,16,001022bda61147f4,0010220211010000,0010220211010000,16587.40,PASS
19,random_fullrange_15,17,001111eb1522a9ad,0011110222020000,0011110222020000,16895.00,PASS
19,random_fullrange_15,18,00122255a911b6ae,0012220111020000,0012220111020000,17227.80,PASS
19,random_fullrange_15,19,00131127cb229151,0013110122020000,0013110122020000,16577.80,PASS
19,random_fullrange_15,20,00142202f01151b5,0014220111010000,0014220111010000,17261.30,PASS
19,random_fullrange_15,21,001511351122f4cb,0015110122020000,0015110122020000,16846.70,PASS
19,random_fullrange_15,22,0016222890111079,0016220111010000,0016220111010000,16311.30,PASS
19,random_fullrange_15,23,001711fc9722d82c,0017110222020000,0017110222020000,16763.90,PASS
19,random_fullrange_15,24,001822ad6f118fa1,0018220211020000,0018220211020000,16866.10,PASS
19,random_fullrange_15,25,001911ed6e228e63,0019110222020000,0019110222020000,16653.30,PASS
19,random_fullrange_15,26,001a22523b11f38f,001a220111020000,001a220111020000,16940.40,PASS
19,random_fullrange_15,27,001b11d479229950,001b110222020000,001b110222020000,16710.90,PASS
19,random_fullrange_15,28,001c223d8e118ec7,001c220111010000,001c220111010000,16908.20,PASS
19,random_fullrange_15,29,001d1126b5222503,001d110122010000,001d110122010000,16925.20,PASS
19,random_fullrange_15,30,001e22dcc4114b3c,001e220211010000,001e220211010000,16880.30,PASS
19,random_fullrange_15,31,001f1108c522aa7a,001f110122020000,001f110122020000,17115.70,PASS
19,random_fullrange_15,32,0020229fbe1117e3,0020220211010000,0020220211010000,17140.50,PASS
19,random_fullrange_15,33,00211158ae22396c,0021110122010000,0021110122010000,16572.80,PASS
19,random_fullrange_15,34,002222243411f744,0022220111020000,0022220111020000,17062.00,PASS
19,random_fullrange_15,35,002311390522a4d4,0023110122020000,0023110122020000,16530.20,PASS
19,random_fullrange_15,36,00242251de11531d,0024220111010000,0024220111010000,16530.30,PASS
19,random_fullrange_15,37,00251181d32269f9,0025110222010000,0025110222010000,16645.10,PASS
19,random_fullrange_15,38,002622abd4113a9b,0026220211010000,0026220211010000,16742.20,PASS
19,random_fullrange_15,39,0027115cc3223277,0027110122010000,0027110122010000,17394.80,PASS
19,random_fullrange_15,40,00282259f711968e,0028220111020000,0028220111020000,16950.60,PASS
19,random_fullrange_15,41,00291135fd221421,0029110122010000,0029110122010000,16331.50,PASS
19,random_fullrange_15,42,002a225dc61176fc,002a220111020000,002a220111020000,17361.00,PASS
19,random_fullrange_15,43,002b113593220a8a,002b110122010000,002b110122010000,16781.50,PASS
19,random_fullrange_15,44,002c220482119481,002c220111020000,002c220111020000,16365.40,PASS
19,random_fullrange_15,45,002d117118222f2f,002d110222010000,002d110222010000,16873.00,PASS
19,random_fullrange_15,46,002e220cc8116300,002e220111020000,002e220111020000,16642.20,PASS
19,random_fullrange_15,47,002f11cf6d2286c9,002f110222020000,002f110222020000,17059.50,PASS
19,random_fullrange_15,48,0030226e50117e8e,0030220211020000,0030220211020000,17085.60,PASS
19,random_fullrange_15,49,003111a24322e90f,0031110222020000,0031110222020000,16641.40,PASS
19,random_fullrange_15,50,0032222f8111f985,0032220111020000,0032220111020000,16981.70,PASS
19,random_fullrange_15,51,003311ad56220229,0033110222010000,0033110222010000,16729.50,PASS
19,random_fullrange_15,52,003422ce6c111255,0034220211010000,0034220211010000,16256.20,PASS
19,random_fullrange_15,53,0035114bb4223f36,0035110122010000,0035110122010000,16755.60,PASS
19,random_fullrange_15,54,003622d44811e8d8,0036220211020000,0036220211020000,17000.30,PASS
19,random_fullrange_15,55,0037119fc5225498,0037110222010000,0037110222010000,17290.90,PASS
19,random_fullrange_15,56,003822e84b111acd,0038220211010000,0038220211010000,16702.40,PASS
19,random_fullrange_15,57,003911774822c0f6,0039110122020000,0039110122020000,16216.20,PASS
19,random_fullrange_15,58,003a22a2c8112847,003a220211010000,003a220211010000,16981.00,PASS
19,random_fullrange_15,59,003b1183a6225038,003b110222010000,003b110222010000,16842.10,PASS
19,random_fullrange_15,60,003c22d3c2118cf6,003c220211020000,003c220211020000,17191.10,PASS
19,random_fullrange_15,61,003d1140f622fcbc,003d110122020000,003d110122020000,16421.60,PASS
19,random_fullrange_15,62,003e22742a11043f,003e220111010000,003e220111010000,16793.00,PASS
19,random_fullrange_15,63,003f11751d222edc,003f110222010000,003f110222010000,17431.80,PASS
19,random_fullrange_15,64,0040227d81114f00,0040220111010000,0040220111010000,16188.30,PASS
19,random_fullrange_15,65,004111b3e922ec36,0041110222020000,0041110222020000,16771.60,PASS
19,random_fullrange_15,66,004222ce4d11b830,0042220211020000,0042220211020000,17216.70,PASS
19,random_fullrange_15,67,004311b5f82273f5,0043110222010000,0043110222010000,16496.10,PASS
19,random_fullrange_15,68,004422bd1f11c8ff,0044220211020000,0044220211020000,17440.30,PASS
19,random_fullrange_15,69,004511e4d222f224,0045110222020000,0045110222020000,16105.90,PASS
19,random_fullrange_15,70,0046224c4c118302,0046220111020000,0046220111020000,17004.60,PASS
19,random_fullrange_15,71,0047119ab8226299,0047110222010000,0047110222010000,15853.40,PASS
19,random_fullrange_15,72,004822a8e8119639,0048220211020000,0048220211020000,16719.70,PASS
19,random_fullrange_15,73,004911536d223e19,0049110122010000,0049110122010000,16880.60,PASS
19,random_fullrange_15,74,004a22e0e71199c1,004a220211020000,004a220211020000,16935.30,PASS
19,random_fullrange_15,75,004b11ec7f22e798,004b110222020000,004b110222020000,16829.40,PASS
19,random_fullrange_15,76,004c225d76115ff2,004c220111010000,004c220111010000,16780.60,PASS
19,random_fullrange_15,77,004d111dab22d029,004d110122020000,004d110122020000,16928.20,PASS
19,random_fullrange_15,78,004e22f9ea11eade,004e220211020000,004e220211020000,16814.90,PASS
19,random_fullrange_15,79,004f117085225e78,004f110122010000,004f110122010000,16938.30,PASS
19,random_fullrange_15,80,005022bcff114173,0050220211010000,0050220211010000,17000.90,PASS
19,random_fullrange_15,81,0051110298229198,0051110122010000,0051110122010000,16687.20,PASS
19,random_fullrange_15,82,00522208fa1155ff,0052220111010000,0052220111010000,17556.10,PASS
19,random_fullrange_15,83,0053110c0c22d054,0053110122020000,0053110122020000,16111.40,PASS
19,random_fullrange_15,84,005422d8a111e486,0054220211020000,0054220211020000,16874.80,PASS
19,random_fullrange_15,85,00551108d8228478,0055110122010000,0055110122010000,17097.80,PASS
19,random_fullrange_15,86,005622e9b711cc2f,0056220211020000,0056220211020000,16562.20,PASS
19,random_fullrange_15,87,005711891c228b52,0057110222010000,0057110222010000,17477.40,PASS
19,random_fullrange_15,88,005822aec311a216,0058220211020000,0058220211020000,16306.50,PASS
19,random_fullrange_15,89,0059117cb92200a7,0059110222010000,0059110222010000,17352.40,PASS
19,random_fullrange_15,90,005a220fcd11fa8c,005a220111020000,005a220111020000,16264.10,PASS
19,random_fullrange_15,91,005b111b75224866,005b110122010000,005b110122010000,16704.10,PASS
19,random_fullrange_15,92,005c228d35119335,005c220211020000,005c220211020000,16690.70,PASS
19,random_fullrange_15,93,005d11f0a0222624,005d110222010000,005d110222010000,17251.20,PASS
19,random_fullrange_15,94,005e22802a110f17,005e220211010000,005e220211010000,16409.70,PASS
19,random_fullrange_15,95,005f11a547223d21,005f110222010000,005f110222010000,16896.20,PASS
19,random_fullrange_15,96,0060225db611695e,0060220111010000,0060220111010000,16746.00,PASS
19,random_fullrange_15,97,0061113159229d7f,0061110122020000,0061110122020000,16886.40,PASS
19,random_fullrange_15,98,0062227f65116aa5,0062220211010000,0062220211010000,16856.20,PASS
19,random_fullrange_15,99,006311eae5229cd7,0063110222020000,0063110222020000,16907.10,PASS
