session,name,index,request_hex,expected_hex,actual_hex,latency_us,status
0,constant_max_zero,0,000011ffff220000,0000110022000000,0000110022000000,14009.20,PASS
0,constant_max_zero,1,000122000011ffff,0001220011000000,0001220011000000,16612.40,PASS
0,constant_max_zero,2,000211ffff220000,0002110022000000,0002110022000000,16873.90,PASS
0,constant_max_zero,3,000322000011ffff,0003220011000000,0003220011000000,17030.00,PASS
0,constant_max_zero,4,000411ffff220000,0004110022000000,0004110022000000,16925.50,PASS
0,constant_max_zero,5,000522000011ffff,0005220011000000,0005220011000000,16495.20,PASS
0,constant_max_zero,6,000611ffff220000,0006110022000000,0006110022000000,16931.80,PASS
0,constant_max_zero,7,000722000011ffff,0007220011000000,0007220011000000,16732.30,PASS
0,constant_max_zero,8,000811ffff220000,0008110022000000,0008110022000000,15523.00,PASS
0,constant_max_zero,9,000922000011ffff,0009220011000000,0009220011000000,16660.20,PASS
0,constant_max_zero,10,000a11ffff220000,000a110022000000,000a110022000000,16939.40,PASS
0,constant_max_zero,11,000b22000011ffff,000b220011000000,000b220011000000,16812.40,PASS
0,constant_max_zero,12,000c11ffff220000,000c110022000000,000c110022000000,17040.90,PASS
0,constant_max_zero,13,000d22000011ffff,000d220011000000,000d220011000000,16852.00,PASS
0,constant_max_zero,14,000e11ffff220000,000e110022000000,000e110022000000,16477.40,PASS
0,constant_max_zero,15,000f22000011ffff,000f220011000000,000f220011000000,16877.40,PASS
0,constant_max_zero,16,001011ffff220000,0010110022000000,0010110022000000,16673.20,PASS
0,constant_max_zero,17,001122000011ffff,0011220011000000,0011220011000000,16826.80,PASS
0,constant_max_zero,18,001211ffff220000,0012110022000000,0012110022000000,16773.40,PASS
0,constant_max_zero,19,001322000011ffff,0013220011000000,0013220011000000,16887.00,PASS
0,constant_max_zero,20,001411ffff220000,0014110022000000,0014110022000000,16692.00,PASS
0,constant_max_zero,21,001522000011ffff,0015220011000000,0015220011000000,17170.70,PASS
0,constant_max_zero,22,001611ffff220000,0016110022000000,0016110022000000,16458.60,PASS
0,constant_max_zero,23,001722000011ffff,0017220011000000,0017220011000000,17030.40,PASS
0,constant_max_zero,24,001811ffff220000,0018110022000000,0018110022000000,16651.00,PASS
0,constant_max_zero,25,001922000011ffff,0019220011000000,0019220011000000,17018.20,PASS
0,constant_max_zero,26,001a11ffff220000,001a110022000000,001a110022000000,16576.20,PASS
0,constant_max_zero,27,001b22000011ffff,001b220011000000,001b220011000000,16719.90,PASS
0,constant_max_zero,28,001c11ffff220000,001c110022000000,001c110022000000,16854.10,PASS
0,constant_max_zero,29,001d22000011ffff,001d220011000000,001d220011000000,17040.60,PASS
0,constant_max_zero,30,001e11ffff220000,001e110022000000,001e110022000000,16776.40,PASS
0,constant_max_zero,31,001f22000011ffff,001f220011000000,001f220011000000,16923.50,PASS
0,constant_max_zero,32,002011ffff220000,0020110022000000,0020110022000000,16610.70,PASS
0,constant_max_zero,33,002122000011ffff,0021220011000000,0021220011000000,16949.00,PASS
0,constant_max_zero,34,002211ffff220000,0022110022000000,0022110022000000,16806.50,PASS
0,constant_max_zero,35,002322000011ffff,0023220011000000,0023220011000000,16871.60,PASS
0,constant_max_zero,36,002411ffff220000,0024110022000000,0024110022000000,16581.90,PASS
0,constant_max_zero,37,002522000011ffff,0025220011000000,0025220011000000,17533.60,PASS
0,constant_max_zero,38,002611ffff220000,0026110022000000,0026110022000000,16221.40,PASS
0,constant_max_zero,39,002722000011ffff,0027220011000000,0027220011000000,16815.90,PASS
0,constant_max_zero,40,002811ffff220000,0028110022000000,0028110022000000,16790.70,PASS
0,constant_max_zero,41,002922000011ffff,0029220011000000,0029220011000000,16524.90,PASS
0,constant_max_zero,42,002a11ffff220000,002a110022000000,002a110022000000,17116.50,PASS
0,constant_max_zero,43,002b22000011ffff,002b220011000000,002b220011000000,16727.60,PASS
0,constant_max_zero,44,002c11ffff220000,002c110022000000,002c110022000000,16653.80,PASS
0,constant_max_zero,45,002d22000011ffff,002d220011000000,002d220011000000,17187.90,PASS
0,constant_max_zero,46,002e11ffff220000,002e110022000000,002e110022000000,16623.70,PASS
0,constant_max_zero,47,002f22000011ffff,002f220011000000,002f220011000000,16806.40,PASS
0,constant_max_zero,48,003011ffff220000,0030110022000000,0030110022000000,16642.30,PASS
0,constant_max_zero,49,003122000011ffff,0031220011000000,0031220011000000,16841.70,PASS
0,constant_max_zero,50,003211ffff220000,0032110022000000,0032110022000000,16952.10,PASS
0,constant_max_zero,51,003322000011ffff,0033220011000000,0033220011000000,16751.10,PASS
0,constant_max_zero,52,003411ffff220000,0034110022000000,0034110022000000,17114.70,PASS
0,constant_max_zero,53,003522000011ffff,0035220011000000,0035220011000000,16953.60,PASS
0,constant_max_zero,54,003611ffff220000,0036110022000000,0036110022000000,17443.60,PASS
0,constant_max_zero,55,003722000011ffff,0037220011000000,0037220011000000,16182.30,PASS
0,constant_max_zero,56,003811ffff220000,0038110022000000,0038110022000000,16794.80,PASS
0,constant_max_zero,57,003922000011ffff,0039220011000000,0039220011000000,16838.70,PASS
0,constant_max_zero,58,003a11ffff220000,003a110022000000,003a110022000000,16820.10,PASS
0,constant_max_zero,59,003b22000011ffff,003b220011000000,003b220011000000,16781.40,PASS
0,constant_max_zero,60,003c11ffff220000,003c110022000000,003c110022000000,16999.80,PASS
0,constant_max_zero,61,003d22000011ffff,003d220011000000,003d220011000000,16891.20,PASS
0,constant_max_zero,62,003e11ffff220000,003e110022000000,003e110022000000,16954.30,PASS
0,constant_max_zero,63,003f22000011ffff,003f220011000000,003f220011000000,16997.10,PASS
0,constant_max_zero,64,004011ffff220000,0040110022000000,0040110022000000,16566.30,PASS
0,constant_max_zero,65,004122000011ffff,0041220011000000,0041220011000000,17040.70,PASS
0,constant_max_zero,66,004211ffff220000,0042110022000000,0042110022000000,16922.30,PASS
0,constant_max_zero,67,004322000011ffff,0043220011000000,0043220011000000,16781.30,PASS
0,constant_max_zero,68,004411ffff220000,0044110022000000,0044110022000000,16900.60,PASS
0,constant_max_zero,69,004522000011ffff,0045220011000000,0045220011000000,16763.80,PASS
0,constant_max_zero,70,004611ffff220000,0046110022000000,0046110022000000,17408.10,PASS
0,constant_max_zero,71,004722000011ffff,0047220011000000,0047220011000000,16125.10,PASS
0,constant_max_zero,72,004811ffff220000,0048110022000000,0048110022000000,16715.90,PASS
0,constant_max_zero,73,004922000011ffff,0049220011000000,0049220011000000,17057.40,PASS
0,constant_max_zero,74,004a11ffff220000,004a110022000000,004a110022000000,16951.20,PASS
0,constant_max_zero,75,004b22000011ffff,004b220011000000,004b220011000000,16468.10,PASS
0,constant_max_zero,76,004c11ffff220000,004c110022000000,004c110022000000,16901.10,PASS
0,constant_max_zero,77,004d22000011ffff,004d220011000000,004d220011000000,16975.60,PASS
0,constant_max_zero,78,004e11ffff220000,004e110022000000,004e110022000000,16638.20,PASS
0,constant_max_zero,79,004f22000011ffff,004f220011000000,004f220011000000,17015.50,PASS
0,constant_max_zero,80,005011ffff220000,0050110022000000,0050110022000000,16919.40,PASS
0,constant_max_zero,81,005122000011ffff,0051220011000000,0051220011000000,16991.70,PASS
0,constant_max_zero,82,005211ffff220000,0052110022000000,0052110022000000,16896.20,PASS
0,constant_max_zero,83,005322000011ffff,0053220011000000,0053220011000000,16742.90,PASS
0,constant_max_zero,84,005411ffff220000,0054110022000000,0054110022000000,16863.60,PASS
0,constant_max_zero,85,005522000011ffff,0055220011000000,0055220011000000,17084.50,PASS
0,constant_max_zero,86,005611ffff220000,0056110022000000,0056110022000000,16931.30,PASS
0,constant_max_zero,87,005722000011ffff,0057220011000000,0057220011000000,16739.90,PASS
0,constant_max_zero,88,005811ffff220000,0058110022000000,0058110022000000,16711.90,PASS
0,constant_max_zero,89,005922000011ffff,0059220011000000,0059220011000000,17045.80,PASS
0,constant_max_zero,90,005a11ffff220000,005a110022000000,005a110022000000,16810.00,PASS
0,constant_max_zero,91,005b22000011ffff,005b220011000000,005b220011000000,16876.90,PASS
0,constant_max_zero,92,005c11ffff220000,005c110022000000,005c110022000000,16931.90,PASS
0,constant_max_zero,93,005d22000011ffff,005d220011000000,005d220011000000,16849.20,PASS
0,constant_max_zero,94,005e11ffff220000,005e110022000000,005e110022000000,16798.40,PASS
0,constant_max_zero,95,005f22000011ffff,005f220011000000,005f220011000000,16962.20,PASS
0,constant_max_zero,96,006011ffff220000,0060110022000000,0060110022000000,16888.40,PASS
0,constant_max_zero,97,006122000011ffff,0061220011000000,0061220011000000,16873.10,PASS
0,constant_max_zero,98,006211ffff220000,0062110022000000,0062110022000000,16901.40,PASS
0,constant_max_zero,99,006322000011ffff,0063220011000000,0063220011000000,16991.10,PASS
1,constant_zero_max,0,000022ffff110000,0000220011000000,0000220011000000,14700.50,PASS
1,constant_zero_max,1,000111000022ffff,0001110022000000,0001110022000000,16879.20,PASS
1,constant_zero_max,2,000222ffff110000,0002220011000000,0002220011000000,16912.10,PASS
1,constant_zero_max,3,000311000022ffff,0003110022000000,0003110022000000,16863.20,PASS
1,constant_zero_max,4,000422ffff110000,0004220011000000,0004220011000000,17039.90,PASS
1,constant_zero_max,5,000511000022ffff,0005110022000000,0005110022000000,16743.00,PASS
1,constant_zero_max,6,000622ffff110000,0006220011000000,0006220011000000,16826.70,PASS
1,constant_zero_max,7,000711000022ffff,0007110022000000,0007110022000000,16997.20,PASS
1,constant_zero_max,8,000822ffff110000,0008220011000000,0008220011000000,16857.30,PASS
1,constant_zero_max,9,000911000022ffff,0009110022000000,0009110022000000,16860.10,PASS
1,constant_zero_max,10,000a22ffff110000,000a220011000000,000a220011000000,16951.60,PASS
1,constant_zero_max,11,000b11000022ffff,000b110022000000,000b110022000000,16970.10,PASS
1,constant_zero_max,12,000c22ffff110000,000c220011000000,000c220011000000,16831.50,PASS
1,constant_zero_max,13,000d11000022ffff,000d110022000000,000d110022000000,16879.80,PASS
1,constant_zero_max,14,000e22ffff110000,000e220011000000,000e220011000000,16841.40,PASS
1,constant_zero_max,15,000f11000022ffff,000f110022000000,000f110022000000,16890.90,PASS
1,constant_zero_max,16,001022ffff110000,0010220011000000,0010220011000000,16810.00,PASS
1,constant_zero_max,17,001111000022ffff,0011110022000000,0011110022000000,17050.50,PASS
1,constant_zero_max,18,001222ffff110000,0012220011000000,0012220011000000,16822.10,PASS
1,constant_zero_max,19,001311000022ffff,0013110022000000,0013110022000000,16882.80,PASS
1,constant_zero_max,20,001422ffff110000,0014220011000000,0014220011000000,16796.10,PASS
1,constant_zero_max,21,001511000022ffff,0015110022000000,0015110022000000,16790.00,PASS
1,constant_zero_max,22,001622ffff110000,0016220011000000,0016220011000000,16873.70,PASS
1,constant_zero_max,23,001711000022ffff,0017110022000000,0017110022000000,16914.90,PASS
1,constant_zero_max,24,001822ffff110000,0018220011000000,0018220011000000,16843.20,PASS
1,constant_zero_max,25,001911000022ffff,0019110022000000,0019110022000000,16937.90,PASS
1,constant_zero_max,26,001a22ffff110000,001a220011000000,001a220011000000,16853.20,PASS
1,constant_zero_max,27,001b11000022ffff,001b110022000000,001b110022000000,16934.40,PASS
1,constant_zero_max,28,001c22ffff110000,001c220011000000,001c220011000000,16730.70,PASS
1,constant_zero_max,29,001d11000022ffff,001d110022000000,001d110022000000,16881.70,PASS
1,constant_zero_max,30,001e22ffff110000,001e220011000000,001e220011000000,16939.00,PASS
1,constant_zero_max,31,001f11000022ffff,001f110022000000,001f110022000000,16930.80,PASS
1,constant_zero_max,32,002022ffff110000,0020220011000000,0020220011000000,16860.80,PASS
1,constant_zero_max,33,002111000022ffff,0021110022000000,0021110022000000,16694.20,PASS
1,constant_zero_max,34,002222ffff110000,0022220011000000,0022220011000000,16891.60,PASS
1,constant_zero_max,35,002311000022ffff,0023110022000000,0023110022000000,16753.90,PASS
1,constant_zero_max,36,002422ffff110000,0024220011000000,0024220011000000,17084.60,PASS
1,constant_zero_max,37,002511000022ffff,0025110022000000,0025110022000000,16840.10,PASS
1,constant_zero_max,38,002622ffff110000,0026220011000000,0026220011000000,16792.70,PASS
1,constant_zero_max,39,002711000022ffff,0027110022000000,0027110022000000,16922.40,PASS
1,constant_zero_max,40,002822ffff110000,0028220011000000,0028220011000000,16999.50,PASS
1,constant_zero_max,41,002911000022ffff,0029110022000000,0029110022000000,16610.60,PASS
1,constant_zero_max,42,002a22ffff110000,002a220011000000,002a220011000000,17019.80,PASS
1,constant_zero_max,43,002b11000022ffff,002b110022000000,002b110022000000,16835.80,PASS
1,constant_zero_max,44,002c22ffff110000,002c220011000000,002c220011000000,16895.30,PASS
1,constant_zero_max,45,002d11000022ffff,002d110022000000,002d110022000000,16969.60,PASS
1,constant_zero_max,46,002e22ffff110000,002e220011000000,002e220011000000,16780.60,PASS
1,constant_zero_max,47,002f11000022ffff,002f110022000000,002f110022000000,16917.50,PASS
1,constant_zero_max,48,003022ffff110000,0030220011000000,0030220011000000,16905.80,PASS
1,constant_zero_max,49,003111000022ffff,0031110022000000,0031110022000000,16854.70,PASS
1,constant_zero_max,50,003222ffff110000,0032220011000000,0032220011000000,17102.00,PASS
1,constant_zero_max,51,003311000022ffff,0033110022000000,0033110022000000,16909.60,PASS
1,constant_zero_max,52,003422ffff110000,0034220011000000,0034220011000000,16888.70,PASS
1,constant_zero_max,53,003511000022ffff,0035110022000000,0035110022000000,16801.70,PASS
1,constant_zero_max,54,003622ffff110000,0036220011000000,0036220011000000,16873.80,PASS
1,constant_zero_max,55,003711000022ffff,0037110022000000,0037110022000000,16844.80,PASS
1,constant_zero_max,56,003822ffff110000,0038220011000000,0038220011000000,16919.80,PASS
1,constant_zero_max,57,003911000022ffff,0039110022000000,0039110022000000,16819.10,PASS
1,constant_zero_max,58,003a22ffff110000,003a220011000000,003a220011000000,16937.70,PASS
1,constant_zero_max,59,003b11000022ffff,003b110022000000,003b110022000000,16823.50,PASS
1,constant_zero_max,60,003c22ffff110000,003c220011000000,003c220011000000,16912.70,PASS
1,constant_zero_max,61,003d11000022ffff,003d110022000000,003d110022000000,17020.20,PASS
1,constant_zero_max,62,003e22ffff110000,003e220011000000,003e220011000000,16964.90,PASS
1,constant_zero_max,63,003f11000022ffff,003f110022000000,003f110022000000,16948.90,PASS
1,constant_zero_max,64,004022ffff110000,0040220011000000,0040220011000000,16742.10,PASS
1,constant_zero_max,65,004111000022ffff,0041110022000000,0041110022000000,16807.40,PASS
1,constant_zero_max,66,004222ffff110000,0042220011000000,0042220011000000,17026.30,PASS
1,constant_zero_max,67,004311000022ffff,0043110022000000,0043110022000000,16824.80,PASS
1,constant_zero_max,68,004422ffff110000,0044220011000000,0044220011000000,16949.60,PASS
1,constant_zero_max,69,004511000022ffff,0045110022000000,0045110022000000,17050.00,PASS
1,constant_zero_max,70,004622ffff110000,0046220011000000,0046220011000000,16871.80,PASS
1,constant_zero_max,71,004711000022ffff,0047110022000000,0047110022000000,16903.10,PASS
1,constant_zero_max,72,004822ffff110000,0048220011000000,0048220011000000,16789.90,PASS
1,constant_zero_max,73,004911000022ffff,0049110022000000,0049110022000000,16777.00,PASS
1,constant_zero_max,74,004a22ffff110000,004a220011000000,004a220011000000,16866.10,PASS
1,constant_zero_max,75,004b11000022ffff,004b110022000000,004b110022000000,16923.70,PASS
1,constant_zero_max,76,004c22ffff110000,004c220011000000,004c220011000000,16847.50,PASS
1,constant_zero_max,77,004d11000022ffff,004d110022000000,004d110022000000,16917.60,PASS
1,constant_zero_max,78,004e22ffff110000,004e220011000000,004e220011000000,16858.20,PASS
1,constant_zero_max,79,004f11000022ffff,004f110022000000,004f110022000000,23629.10,PASS
1,constant_zero_max,80,005022ffff110000,0050220011000000,0050220011000000,10162.40,PASS
1,constant_zero_max,81,005111000022ffff,0051110022000000,0051110022000000,17030.30,PASS
1,constant_zero_max,82,005222ffff110000,0052220011000000,0052220011000000,16893.80,PASS
1,constant_zero_max,83,005311000022ffff,0053110022000000,0053110022000000,17033.40,PASS
1,constant_zero_max,84,005422ffff110000,0054220011000000,0054220011000000,16734.30,PASS
1,constant_zero_max,85,005511000022ffff,0055110022000000,0055110022000000,16877.60,PASS
1,constant_zero_max,86,005622ffff110000,0056220011000000,0056220011000000,16928.80,PASS
1,constant_zero_max,87,005711000022ffff,0057110022000000,0057110022000000,16881.00,PASS
1,constant_zero_max,88,005822ffff110000,0058220011000000,0058220011000000,16891.30,PASS
1,constant_zero_max,89,005911000022ffff,0059110022000000,0059110022000000,16823.40,PASS
1,constant_zero_max,90,005a22ffff110000,005a220011000000,005a220011000000,17067.20,PASS
1,constant_zero_max,91,005b11000022ffff,005b110022000000,005b110022000000,16840.40,PASS
1,constant_zero_max,92,005c22ffff110000,005c220011000000,005c220011000000,16879.50,PASS
1,constant_zero_max,93,005d11000022ffff,005d110022000000,005d110022000000,16823.90,PASS
1,constant_zero_max,94,005e22ffff110000,005e220011000000,005e220011000000,16950.70,PASS
1,constant_zero_max,95,005f11000022ffff,005f110022000000,005f110022000000,16976.80,PASS
1,constant_zero_max,96,006022ffff110000,0060220011000000,0060220011000000,16843.70,PASS
1,constant_zero_max,97,006111000022ffff,0061110022000000,0061110022000000,16866.40,PASS
1,constant_zero_max,98,006222ffff110000,0062220011000000,0062220011000000,16792.10,PASS
1,constant_zero_max,99,006311000022ffff,0063110022000000,0063110022000000,17041.70,PASS
2,alternating_extremes,0,000011000022ffff,0000110022000000,0000110022000000,11705.50,PASS
2,alternating_extremes,1,000122000011ffff,0001220011000000,0001220011000000,16896.70,PASS
2,alternating_extremes,2,000211000022ffff,0002110022000000,0002110022000000,16902.20,PASS
2,alternating_extremes,3,000322000011ffff,0003220011000000,0003220011000000,16805.70,PASS
2,alternating_extremes,4,000411000022ffff,0004110022000000,0004110022000000,16814.30,PASS
2,alternating_extremes,5,000522000011ffff,0005220011000000,0005220011000000,16897.50,PASS
2,alternating_extremes,6,000611000022ffff,0006110022000000,0006110022000000,17007.20,PASS
2,alternating_extremes,7,000722000011ffff,0007220011000000,0007220011000000,16751.00,PASS
2,alternating_extremes,8,000811000022ffff,0008110022000000,0008110022000000,17018.40,PASS
2,alternating_extremes,9,000922000011ffff,0009220011000000,0009220011000000,16860.90,PASS
2,alternating_extremes,10,000a11000022ffff,000a110022000000,000a110022000000,17032.40,PASS
2,alternating_extremes,11,000b22000011ffff,000b220011000000,000b220011000000,16937.10,PASS
2,alternating_extremes,12,000c11000022ffff,000c110022000000,000c110022000000,16864.20,PASS
2,alternating_extremes,13,000d22000011ffff,000d220011000000,000d220011000000,16812.00,PASS
2,alternating_extremes,14,000e11000022ffff,000e110022000000,000e110022000000,16824.90,PASS
2,alternating_extremes,15,000f22000011ffff,000f220011000000,000f220011000000,15488.50,PASS
2,alternating_extremes,16,001011000022ffff,0010110122020000,0010110122020000,16803.90,PASS
2,alternating_extremes,17,001122000011ffff,0011220111020000,0011220111020000,16864.60,PASS
2,alternating_extremes,18,001211000022ffff,0012110122020000,0012110122020000,16859.40,PASS
2,alternating_extremes,19,001322000011ffff,0013220111020000,0013220111020000,16932.00,PASS
2,alternating_extremes,20,001411000022ffff,0014110122020000,0014110122020000,16904.10,PASS
2,alternating_extremes,21,001522000011ffff,0015220111020000,0015220111020000,16964.40,PASS
2,alternating_extremes,22,001611000022ffff,0016110122020000,0016110122020000,16799.20,PASS
2,alternating_extremes,23,001722000011ffff,0017220111020000,0017220111020000,16913.40,PASS
2,alternating_extremes,24,001811000022ffff,0018110122020000,0018110122020000,16932.60,PASS
2,alternating_extremes,25,001922000011ffff,0019220111020000,0019220111020000,17060.60,PASS
2,alternating_extremes,26,001a11000022ffff,001a110122020000,001a110122020000,17065.90,PASS
2,alternating_extremes,27,001b22000011ffff,001b220111020000,001b220111020000,16489.80,PASS
2,alternating_extremes,28,001c11000022ffff,001c110122020000,001c110122020000,16862.50,PASS
2,alternating_extremes,29,001d22000011ffff,001d220111020000,001d220111020000,16860.50,PASS
2,alternating_extremes,30,001e11000022ffff,001e110122020000,001e110122020000,16931.50,PASS
2,alternating_extremes,31,001f22000011ffff,001f220111020000,001f220111020000,16865.20,PASS
2,alternating_extremes,32,002011000022ffff,0020110122020000,0020110122020000,16888.90,PASS
2,alternating_extremes,33,002122000011ffff,0021220111020000,0021220111020000,16863.00,PASS
2,alternating_extremes,34,002211000022ffff,0022110122020000,0022110122020000,16875.70,PASS
2,alternating_extremes,35,002322000011ffff,0023220111020000,0023220111020000,16921.10,PASS
2,alternating_extremes,36,002411000022ffff,0024110122020000,0024110122020000,16869.40,PASS
2,alternating_extremes,37,002522000011ffff,0025220111020000,0025220111020000,16884.40,PASS
2,alternating_extremes,38,002611000022ffff,0026110122020000,0026110122020000,17159.00,PASS
2,alternating_extremes,39,002722000011ffff,0027220111020000,0027220111020000,16637.10,PASS
2,alternating_extremes,40,002811000022ffff,0028110122020000,0028110122020000,16717.10,PASS
2,alternating_extremes,41,002922000011ffff,0029220111020000,0029220111020000,16898.80,PASS
2,alternating_extremes,42,002a11000022ffff,002a110122020000,002a110122020000,16886.50,PASS
2,alternating_extremes,43,002b22000011ffff,002b220111020000,002b220111020000,16927.10,PASS
2,alternating_extremes,44,002c11000022ffff,002c110122020000,002c110122020000,16887.00,PASS
2,alternating_extremes,45,002d22000011ffff,002d220111020000,002d220111020000,17049.80,PASS
2,alternating_extremes,46,002e11000022ffff,002e110122020000,002e110122020000,16785.60,PASS
2,alternating_extremes,47,002f22000011ffff,002f220111020000,002f220111020000,16801.80,PASS
2,alternating_extremes,48,003011000022ffff,0030110122020000,0030110122020000,16712.70,PASS
2,alternating_extremes,49,003122000011ffff,0031220111020000,0031220111020000,16972.30,PASS
2,alternating_extremes,50,003211000022ffff,0032110122020000,0032110122020000,16839.40,PASS
2,alternating_extremes,51,003322000011ffff,0033220111020000,0033220111020000,16889.70,PASS
2,alternating_extremes,52,003411000022ffff,0034110122020000,0034110122020000,16966.00,PASS
2,alternating_extremes,53,003522000011ffff,0035220111020000,0035220111020000,16724.30,PASS
2,alternating_extremes,54,003611000022ffff,0036110122020000,0036110122020000,17010.20,PASS
2,alternating_extremes,55,003722000011ffff,0037220111020000,0037220111020000,16781.00,PASS
2,alternating_extremes,56,003811000022ffff,0038110122020000,0038110122020000,16937.10,PASS
2,alternating_extremes,57,003922000011ffff,0039220111020000,0039220111020000,16863.00,PASS
2,alternating_extremes,58,003a11000022ffff,003a110122020000,003a110122020000,16902.20,PASS
2,alternating_extremes,59,003b22000011ffff,003b220111020000,003b220111020000,16847.90,PASS
2,alternating_extremes,60,003c11000022ffff,003c110122020000,003c110122020000,16931.40,PASS
2,alternating_extremes,61,003d22000011ffff,003d220111020000,003d220111020000,16871.80,PASS
2,alternating_extremes,62,003e11000022ffff,003e110122020000,003e110122020000,16723.90,PASS
2,alternating_extremes,63,003f22000011ffff,003f220111020000,003f220111020000,16745.30,PASS
2,alternating_extremes,64,004011000022ffff,0040110122020000,0040110122020000,16907.80,PASS
2,alternating_extremes,65,004122000011ffff,0041220111020000,0041220111020000,16888.40,PASS
2,alternating_extremes,66,004211000022ffff,0042110122020000,0042110122020000,16936.60,PASS
2,alternating_extremes,67,004322000011ffff,0043220111020000,0043220111020000,16844.90,PASS
2,alternating_extremes,68,004411000022ffff,0044110122020000,0044110122020000,17012.80,PASS
2,alternating_extremes,69,004522000011ffff,0045220111020000,0045220111020000,16764.80,PASS
2,alternating_extremes,70,004611000022ffff,0046110122020000,0046110122020000,16999.10,PASS
2,alternating_extremes,71,004722000011ffff,0047220111020000,0047220111020000,16797.50,PASS
2,alternating_extremes,72,004811000022ffff,0048110122020000,0048110122020000,16892.60,PASS
2,alternating_extremes,73,004922000011ffff,0049220111020000,0049220111020000,17018.90,PASS
2,alternating_extremes,74,004a11000022ffff,004a110122020000,004a110122020000,16885.40,PASS
2,alternating_extremes,75,004b22000011ffff,004b220111020000,004b220111020000,16969.80,PASS
2,alternating_extremes,76,004c11000022ffff,004c110122020000,004c110122020000,16803.30,PASS
2,alternating_extremes,77,004d22000011ffff,004d220111020000,004d220111020000,16989.00,PASS
2,alternating_extremes,78,004e11000022ffff,004e110122020000,004e110122020000,16831.90,PASS
2,alternating_extremes,79,004f22000011ffff,004f220111020000,004f220111020000,16832.80,PASS
2,alternating_extremes,80,005011000022ffff,0050110122020000,0050110122020000,17039.70,PASS
2,alternating_extremes,81,005122000011ffff,0051220111020000,0051220111020000,16880.70,PASS
2,alternating_extremes,82,005211000022ffff,0052110122020000,0052110122020000,16904.00,PASS
2,alternating_extremes,83,005322000011ffff,0053220111020000,0053220111020000,16911.30,PASS
2,alternating_extremes,84,005411000022ffff,0054110122020000,0054110122020000,16940.80,PASS
2,alternating_extremes,85,005522000011ffff,0055220111020000,0055220111020000,16861.60,PASS
2,alternating_extremes,86,005611000022ffff,0056110122020000,0056110122020000,16820.30,PASS
2,alternating_extremes,87,005722000011ffff,0057220111020000,0057220111020000,16835.70,PASS
2,alternating_extremes,88,005811000022ffff,0058110122020000,0058110122020000,16888.00,PASS
2,alternating_extremes,89,005922000011ffff,0059220111020000,0059220111020000,16837.70,PASS
2,alternating_extremes,90,005a11000022ffff,005a110122020000,005a110122020000,17018.80,PASS
2,alternating_extremes,91,005b22000011ffff,005b220111020000,005b220111020000,17003.10,PASS
2,alternating_extremes,92,005c11000022ffff,005c110122020000,005c110122020000,16812.40,PASS
2,alternating_extremes,93,005d22000011ffff,005d220111020000,005d220111020000,16917.30,PASS
2,alternating_extremes,94,005e11000022ffff,005e110122020000,005e110122020000,16955.00,PASS
2,alternating_extremes,95,005f22000011ffff,005f220111020000,005f220111020000,16779.10,PASS
2,alternating_extremes,96,006011000022ffff,0060110122020000,0060110122020000,16844.50,PASS
2,alternating_extremes,97,006122000011ffff,0061220111020000,0061220111020000,17090.60,PASS
2,alternating_extremes,98,006211000022ffff,0062110122020000,0062110122020000,16911.00,PASS
2,alternating_extremes,99,006322000011ffff,0063220111020000,0063220111020000,16751.30,PASS
3,rounding_and_held_actions,0,000022006411000f,0000220011000000,0000220011000000,16223.00,PASS
3,rounding_and_held_actions,1,000111000f220064,0001110022000000,0001110022000000,16782.50,PASS
3,rounding_and_held_actions,2,000222006411000f,0002220011000000,0002220011000000,16979.20,PASS
3,rounding_and_held_actions,3,000311000f220064,0003110022000000,0003110022000000,16825.70,PASS
3,rounding_and_held_actions,4,000422006411000f,0004220011000000,0004220011000000,16832.50,PASS
3,rounding_and_held_actions,5,000511000f220064,0005110022000000,0005110022000000,16778.20,PASS
3,rounding_and_held_actions,6,000622006411000f,0006220011000000,0006220011000000,16993.50,PASS
3,rounding_and_held_actions,7,000711000f220064,0007110022000000,0007110022000000,16855.20,PASS
3,rounding_and_held_actions,8,000822006411000f,0008220011000000,0008220011000000,16945.90,PASS
3,rounding_and_held_actions,9,000911000f220064,0009110022000000,0009110022000000,16888.30,PASS
3,rounding_and_held_actions,10,000a22006411000f,000a220011000000,000a220011000000,16907.80,PASS
3,rounding_and_held_actions,11,000b11000f220064,000b110022000000,000b110022000000,16855.50,PASS
3,rounding_and_held_actions,12,000c22006411000f,000c220011000000,000c220011000000,16831.00,PASS
3,rounding_and_held_actions,13,000d11000f220064,000d110022000000,000d110022000000,16968.50,PASS
3,rounding_and_held_actions,14,000e22006411000f,000e220011000000,000e220011000000,17646.80,PASS
3,rounding_and_held_actions,15,000f110010220064,000f110022000000,000f110022000000,16030.80,PASS
3,rounding_and_held_actions,16,001022006511000f,0010220211000000,0010220211000000,16811.90,PASS
3,rounding_and_held_actions,17,0011110010220065,0011110222020000,0011110222020000,18796.60,PASS
3,rounding_and_held_actions,18,001222006511000e,0012220211010000,0012220211010000,14922.60,PASS
3,rounding_and_held_actions,19,0013110000220065,0013110122020000,0013110122020000,17004.70,PASS
3,rounding_and_held_actions,20,001422006511ffff,0014220211020000,0014220211020000,16773.60,PASS
3,rounding_and_held_actions,21,001511000f220065,0015110122020000,0015110122020000,16926.70,PASS
3,rounding_and_held_actions,22,0016220065110010,0016220211010000,0016220211010000,16967.90,PASS
3,rounding_and_held_actions,23,001711000e220065,0017110122020000,0017110122020000,16654.80,PASS
3,rounding_and_held_actions,24,0018220065110000,0018220211010000,0018220211010000,17017.70,PASS
3,rounding_and_held_actions,25,001911ffff220065,0019110222020000,0019110222020000,16877.30,PASS
3,rounding_and_held_actions,26,001a22006511000f,001a220211010000,001a220211010000,16864.90,PASS
3,rounding_and_held_actions,27,001b110010220065,001b110122020000,001b110122020000,16868.50,PASS
3,rounding_and_held_actions,28,001c22006511000e,001c220211010000,001c220211010000,16944.30,PASS
3,rounding_and_held_actions,29,001d110000220065,001d110122020000,001d110122020000,16971.20,PASS
3,rounding_and_held_actions,30,001e22006511ffff,001e220211020000,001e220211020000,16747.30,PASS
3,rounding_and_held_actions,31,001f11000f220065,001f110122020000,001f110122020000,16906.40,PASS
3,rounding_and_held_actions,32,0020220065110010,0020220211010000,0020220211010000,16743.40,PASS
3,rounding_and_held_actions,33,002111000e220065,0021110122020000,0021110122020000,16784.10,PASS
3,rounding_and_held_actions,34,0022220065110000,0022220211010000,0022220211010000,16860.70,PASS
3,rounding_and_held_actions,35,002311ffff220065,0023110222020000,0023110222020000,16995.40,PASS
3,rounding_and_held_actions,36,002422006311000f,0024220111010000,0024220111010000,17032.10,PASS
3,rounding_and_held_actions,37,0025110010220063,0025110122010000,0025110122010000,16642.90,PASS
3,rounding_and_held_actions,38,002622006311000e,0026220111010000,0026220111010000,16817.80,PASS
3,rounding_and_held_actions,39,0027110000220063,0027110122010000,0027110122010000,16969.50,PASS
3,rounding_and_held_actions,40,002822006311ffff,0028220111020000,0028220111020000,16918.90,PASS
3,rounding_and_held_actions,41,002911000f220063,0029110122010000,0029110122010000,16859.70,PASS
3,rounding_and_held_actions,42,002a220063110010,002a220111010000,002a220111010000,17021.70,PASS
3,rounding_and_held_actions,43,002b11000e220063,002b110122010000,002b110122010000,16769.60,PASS
3,rounding_and_held_actions,44,002c220063110000,002c220111010000,002c220111010000,16885.30,PASS
3,rounding_and_held_actions,45,002d11ffff220063,002d110222010000,002d110222010000,16839.40,PASS
3,rounding_and_held_actions,46,002e22006311000f,002e220111010000,002e220111010000,16853.40,PASS
3,rounding_and_held_actions,47,002f110010220063,002f110122010000,002f110122010000,17116.50,PASS
3,rounding_and_held_actions,48,003022006311000e,0030220111010000,0030220111010000,16725.30,PASS
3,rounding_and_held_actions,49,0031110000220063,0031110122010000,0031110122010000,16930.30,PASS
3,rounding_and_held_actions,50,003222006311ffff,0032220111020000,0032220111020000,16883.70,PASS
3,rounding_and_held_actions,51,003311000f220063,0033110122010000,0033110122010000,16893.70,PASS
3,rounding_and_held_actions,52,0034220063110010,0034220111010000,0034220111010000,16910.00,PASS
3,rounding_and_held_actions,53,003511000e220063,0035110122010000,0035110122010000,16892.70,PASS
3,rounding_and_held_actions,54,0036220063110000,0036220111010000,0036220111010000,16908.70,PASS
3,rounding_and_held_actions,55,003711ffff220063,0037110222010000,0037110222010000,16867.20,PASS
3,rounding_and_held_actions,56,003822006411000f,0038220211010000,0038220211010000,16960.20,PASS
3,rounding_and_held_actions,57,0039110010220064,0039110122020000,0039110122020000,16860.10,PASS
3,rounding_and_held_actions,58,003a22006411000e,003a220211010000,003a220211010000,16930.10,PASS
3,rounding_and_held_actions,59,003b110000220064,003b110122020000,003b110122020000,16829.60,PASS
3,rounding_and_held_actions,60,003c22006411ffff,003c220211020000,003c220211020000,16878.40,PASS
3,rounding_and_held_actions,61,003d11000f220064,003d110122020000,003d110122020000,16956.70,PASS
3,rounding_and_held_actions,62,003e220064110010,003e220211010000,003e220211010000,16610.20,PASS
3,rounding_and_held_actions,63,003f11000e220064,003f110122020000,003f110122020000,16831.00,PASS
3,rounding_and_held_actions,64,0040220064110000,0040220211010000,0040220211010000,17050.10,PASS
3,rounding_and_held_actions,65,004111ffff220064,0041110222020000,0041110222020000,16822.90,PASS
3,rounding_and_held_actions,66,004222006411000f,0042220211010000,0042220211010000,16803.90,PASS
3,rounding_and_held_actions,67,0043110010220064,0043110122020000,0043110122020000,17070.80,PASS
3,rounding_and_held_actions,68,004422006411000e,0044220211010000,0044220211010000,16864.10,PASS
3,rounding_and_held_actions,69,0045110000220064,0045110122020000,0045110122020000,16895.20,PASS
3,rounding_and_held_actions,70,004622006411ffff,0046220211020000,0046220211020000,16658.90,PASS
3,rounding_and_held_actions,71,004711000f220064,0047110122020000,0047110122020000,16906.60,PASS
3,rounding_and_held_actions,72,0048220064110010,0048220211010000,0048220211010000,16900.70,PASS
3,rounding_and_held_actions,73,004911000e220064,0049110122020000,0049110122020000,16904.60,PASS
3,rounding_and_held_actions,74,004a220064110000,004a220211010000,004a220211010000,16886.00,PASS
3,rounding_and_held_actions,75,004b11ffff220064,004b110222020000,004b110222020000,17021.30,PASS
3,rounding_and_held_actions,76,004c22006411000f,004c220211010000,004c220211010000,16908.30,PASS
3,rounding_and_held_actions,77,004d110010220064,004d110122020000,004d110122020000,16797.30,PASS
3,rounding_and_held_actions,78,004e22006411000e,004e220211010000,004e220211010000,16813.80,PASS
3,rounding_and_held_actions,79,004f110000220064,004f110122020000,004f110122020000,17081.60,PASS
3,rounding_and_held_actions,80,005022006411ffff,0050220211020000,0050220211020000,16822.40,PASS
3,rounding_and_held_actions,81,005111000f220064,0051110122020000,0051110122020000,16947.20,PASS
3,rounding_and_held_actions,82,0052220064110010,0052220211010000,0052220211010000,16699.30,PASS
3,rounding_and_held_actions,83,005311000e220064,0053110122020000,0053110122020000,16963.90,PASS
3,rounding_and_held_actions,84,0054220064110000,0054220211010000,0054220211010000,16928.00,PASS
3,rounding_and_held_actions,85,005511ffff220064,0055110222020000,0055110222020000,16897.80,PASS
3,rounding_and_held_actions,86,005622006411000f,0056220211010000,0056220211010000,16881.40,PASS
3,rounding_and_held_actions,87,0057110010220064,0057110122020000,0057110122020000,16796.40,PASS
3,rounding_and_held_actions,88,005822006411000e,0058220211010000,0058220211010000,16948.90,PASS
3,rounding_and_held_actions,89,0059110000220064,0059110122020000,0059110122020000,16891.90,PASS
3,rounding_and_held_actions,90,005a22006411ffff,005a220211020000,005a220211020000,16996.60,PASS
3,rounding_and_held_actions,91,005b11000f220064,005b110122020000,005b110122020000,16892.10,PASS
3,rounding_and_held_actions,92,005c220064110010,005c220211010000,005c220211010000,16895.50,PASS
3,rounding_and_held_actions,93,005d11000e220064,005d110122020000,005d110122020000,16716.80,PASS
3,rounding_and_held_actions,94,005e220064110000,005e220211010000,005e220211010000,16855.30,PASS
3,rounding_and_held_actions,95,005f11ffff220064,005f110222020000,005f110222020000,17028.90,PASS
3,rounding_and_held_actions,96,0060220064110064,0060220211010000,0060220211010000,16756.00,PASS
3,rounding_and_held_actions,97,0061110064220064,0061110122020000,0061110122020000,16938.50,PASS
3,rounding_and_held_actions,98,0062220064110064,0062220211010000,0062220211010000,16823.60,PASS
3,rounding_and_held_actions,99,0063110064220064,0063110122020000,0063110122020000,16854.40,PASS
4,random_fullrange_0,0,000011651822ea06,0000110022000000,0000110022000000,7563.60,PASS
4,random_fullrange_0,1,00012233d411fad5,0001220011000000,0001220011000000,17020.00,PASS
4,random_fullrange_0,2,000211199d22844e,0002110022000000,0002110022000000,16791.10,PASS
4,random_fullrange_0,3,00032252241160bf,0003220011000000,0003220011000000,16826.20,PASS
4,random_fullrange_0,4,00041172ee22c3c0,0004110022000000,0004110022000000,16888.60,PASS
4,random_fullrange_0,5,0005223e1d115711,0005220011000000,0005220011000000,16860.50,PASS
4,random_fullrange_0,6,000611bdb922f018,0006110022000000,0006110022000000,16984.00,PASS
4,random_fullrange_0,7,000722d670118c2c,0007220011000000,0007220011000000,16743.10,PASS
4,random_fullrange_0,8,000811cc8622edd1,0008110022000000,0008110022000000,16912.50,PASS
4,random_fullrange_0,9,000922b0751132cd,0009220011000000,0009220011000000,16845.20,PASS
4,random_fullrange_0,10,000a11a5d82254c4,000a110022000000,000a110022000000,16971.00,PASS
4,random_fullrange_0,11,000b226a051186b6,000b220011000000,000b220011000000,16681.60,PASS
4,random_fullrange_0,12,000c11955822a670,000c110022000000,000c110022000000,16962.90,PASS
4,random_fullrange_0,13,000d22c6651181e8,000d220011000000,000d220011000000,16928.30,PASS
4,random_fullrange_0,14,000e11c87022953d,000e110022000000,000e110022000000,16940.70,PASS
4,random_fullrange_0,15,000f22c87311113f,000f220011000000,000f220011000000,16808.10,PASS
4,random_fullrange_0,16,00101109d82204ad,0010110022010000,0010110022010000,17040.30,PASS
4,random_fullrange_0,17,0011220acb113cfb,0011220111000000,0011220111000000,16726.50,PASS
4,random_fullrange_0,18,001211ee62220295,0012110222010000,0012110222010000,16981.70,PASS
4,random_fullrange_0,19,001322850811f9dc,0013220111020000,0013220111020000,16884.50,PASS
4,random_fullrange_0,20,001411116d2234ce,0014110122010000,0014110122010000,16902.50,PASS
4,random_fullrange_0,21,001522e50b11d2b2,0015220211020000,0015220211020000,16903.70,PASS
4,random_fullrange_0,22,0016113600223786,0016110122010000,0016110122010000,16870.10,PASS
4,random_fullrange_0,23,0017226bd311d9a7,0017220111020000,0017220111020000,16781.40,PASS
4,random_fullrange_0,24,00181102a12293d2,0018110122020000,0018110122020000,16935.80,PASS
4,random_fullrange_0,25,001922e2b41150d9,0019220211010000,0019220211010000,16843.20,PASS
4,random_fullrange_0,26,001a1180a8221a6e,001a110222010000,001a110222010000,17009.60,PASS
4,random_fullrange_0,27,001b22225911d5cc,001b220111020000,001b220111020000,16772.10,PASS
4,random_fullrange_0,28,001c11184622abd8,001c110122020000,001c110122020000,16923.10,PASS
4,random_fullrange_0,29,001d2211f3112286,001d220111010000,001d220111010000,16850.40,PASS
4,random_fullrange_0,30,001e11790f22cbf2,001e110222020000,001e110222020000,16997.90,PASS
4,random_fullrange_0,31,001f22ce18119bce,001f220211020000,001f220211020000,16874.00,PASS
4,random_fullrange_0,32,002011414822b779,0020110122020000,0020110122020000,16931.80,PASS
4,random_fullrange_0,33,0021220ed4113b68,0021220111010000,0021220111010000,16793.10,PASS
4,random_fullrange_0,34,0022118be2220b9b,0022110222010000,0022110222010000,16851.70,PASS
4,random_fullrange_0,35,00232278dc11472e,0023220211010000,0023220211010000,17045.30,PASS
4,random_fullrange_0,36,002411bd5a225a15,0024110222010000,0024110222010000,16802.80,PASS
4,random_fullrange_0,37,002522266e1179b0,0025220111020000,0025220111020000,17000.90,PASS
4,random_fullrange_0,38,002611223822900d,0026110122020000,0026110122020000,16742.30,PASS
4,random_fullrange_0,39,002722100111c255,0027220111020000,0027220111020000,16899.40,PASS
4,random_fullrange_0,40,002811b0ea223726,0028110222010000,0028110222010000,16920.50,PASS
4,random_fullrange_0,41,0029220c001130b5,0029220111010000,0029220111010000,17625.70,PASS
4,random_fullrange_0,42,002a112469222f54,002a110122010000,002a110122010000,16246.40,PASS
4,random_fullrange_0,43,002b228a6a11bde8,002b220211020000,002b220211020000,16930.50,PASS
4,random_fullrange_0,44,002c11e406220005,002c110222010000,002c110222010000,16672.50,PASS
4,random_fullrange_0,45,002d22b75b1174a4,002d220211010000,002d220211010000,16924.50,PASS
4,random_fullrange_0,46,002e11f51a2289e3,002e110222020000,002e110222020000,16882.80,PASS
4,random_fullrange_0,47,002f22e51011a971,002f220211020000,002f220211020000,16832.80,PASS
4,random_fullrange_0,48,003011d93c220a0c,0030110222010000,0030110222010000,16802.80,PASS
4,random_fullrange_0,49,003122627b110990,0031220211010000,0031220211010000,16814.80,PASS
4,random_fullrange_0,50,00321107a322494b,0032110122010000,0032110122010000,16879.00,PASS
4,random_fullrange_0,51,0033220ed611a165,0033220111020000,0033220111020000,17050.20,PASS
4,random_fullrange_0,52,003411c257226f63,0034110222020000,0034110222020000,16912.30,PASS
4,random_fullrange_0,53,003522160f1175f1,0035220111010000,0035220111010000,16670.90,PASS
4,random_fullrange_0,54,003611fa7322e986,0036110222020000,0036110222020000,17057.00,PASS
4,random_fullrange_0,55,003722723f11ec8e,0037220211020000,0037220211020000,16735.50,PASS
4,random_fullrange_0,56,003811ed8b22bbc7,0038110222020000,0038110222020000,16813.50,PASS
4,random_fullrange_0,57,0039227d921161ff,0039220211010000,0039220211010000,17082.40,PASS
4,random_fullrange_0,58,003a11374222768b,003a110122020000,003a110122020000,16716.00,PASS
4,random_fullrange_0,59,003b2271e411833e,003b220211010000,003b220211010000,16850.50,PASS
4,random_fullrange_0,60,003c117134223e21,003c110122010000,003c110122010000,16832.90,PASS
4,random_fullrange_0,61,003d2285c411f685,003d220211020000,003d220211020000,16970.80,PASS
4,random_fullrange_0,62,003e119930223d96,003e110222010000,003e110222010000,16895.50,PASS
4,random_fullrange_0,63,003f22ce1b117498,003f220211010000,003f220211010000,16789.50,PASS
4,random_fullrange_0,64,00401145e8229f26,0040110122020000,0040110122020000,16912.10,PASS
4,random_fullrange_0,65,004122021a11f80b,0041220111020000,0041220111020000,16885.80,PASS
4,random_fullrange_0,66,00421170f7225cc1,0042110122010000,0042110122010000,17215.60,PASS
4,random_fullrange_0,67,0043221e23114673,0043220111010000,0043220111010000,16607.20,PASS
4,random_fullrange_0,68,0044110e8f221491,0044110122010000,0044110122010000,16830.30,PASS
4,random_fullrange_0,69,00452285c3113744,0045220211010000,0045220211010000,16873.30,PASS
4,random_fullrange_0,70,004611e488226b8c,0046110222020000,0046110222020000,17014.40,PASS
4,random_fullrange_0,71,004722d04a114376,0047220211010000,0047220211010000,16722.50,PASS
4,random_fullrange_0,72,004811613f229928,0048110122020000,0048110122020000,17020.50,PASS
4,random_fullrange_0,73,004922f780113bb6,0049220211010000,0049220211010000,16992.90,PASS
4,random_fullrange_0,74,004a11ac16221d17,004a110222010000,004a110222010000,16748.20,PASS
4,random_fullrange_0,75,004b22d6f111bcc0,004b220211020000,004b220211020000,16933.30,PASS
4,random_fullrange_0,76,004c11bfb22244bb,004c110222010000,004c110222010000,16848.70,PASS
4,random_fullrange_0,77,004d22f3ba1113bb,004d220211010000,004d220211010000,16928.60,PASS
4,random_fullrange_0,78,004e116a1622933b,004e110122020000,004e110122020000,17005.80,PASS
4,random_fullrange_0,79,004f2292b511893d,004f220211020000,004f220211020000,16783.10,PASS
4,random_fullrange_0,80,00501181b9226c72,0050110222010000,0050110222010000,16897.40,PASS
4,random_fullrange_0,81,005122c294119c00,0051220211020000,0051220211020000,16880.30,PASS
4,random_fullrange_0,82,005211333822b6f7,0052110122020000,0052110122020000,17493.30,PASS
4,random_fullrange_0,83,0053222d8a113cc3,0053220111010000,0053220111010000,16586.80,PASS
4,random_fullrange_0,84,00541145ee2293bc,0054110122010000,0054110122010000,16569.90,PASS
4,random_fullrange_0,85,005522c982119229,0055220211020000,0055220211020000,17571.80,PASS
4,random_fullrange_0,86,0056119e5c225c38,0056110222010000,0056110222010000,16194.60,PASS
4,random_fullrange_0,87,0057225a52111357,0057220111010000,0057220111010000,16580.70,PASS
4,random_fullrange_0,88,0058117348220ff4,0058110222010000,0058110222010000,16896.80,PASS
4,random_fullrange_0,89,00592255f111f7f6,0059220111020000,0059220111020000,16831.60,PASS
4,random_fullrange_0,90,005a11c8fb22601e,005a110222010000,005a110222010000,16856.40,PASS
4,random_fullrange_0,91,005b222e0411e6a4,005b220111020000,005b220111020000,16750.50,PASS
4,random_fullrange_0,92,005c1173cb22f91c,005c110122020000,005c110122020000,16797.60,PASS
4,random_fullrange_0,93,005d228ad611dfa8,005d220211020000,005d220211020000,16883.20,PASS
4,random_fullrange_0,94,005e1160df222747,005e110122010000,005e110122010000,16920.30,PASS
4,random_fullrange_0,95,005f22c200114f1a,005f220211010000,005f220211010000,16799.70,PASS
4,random_fullrange_0,96,0060111886224b39,0060110122010000,0060110122010000,16738.20,PASS
4,random_fullrange_0,97,006122996b11253f,0061220211010000,0061220211010000,16870.70,PASS
4,random_fullrange_0,98,0062114b5722c1cf,0062110122020000,0062110122020000,17062.70,PASS
4,random_fullrange_0,99,006322754d116e71,0063220111010000,0063220111010000,17246.60,PASS
5,random_fullrange_1,0,000022bee211f4a0,0000220011000000,0000220011000000,2943.80,PASS
5,random_fullrange_1,1,00011104bf224d21,0001110022000000,0001110022000000,16363.00,PASS
5,random_fullrange_1,2,000222e4b111fffd,0002220011000000,0002220011000000,16980.50,PASS
5,random_fullrange_1,3,00031139a0229c8b,0003110022000000,0003110022000000,16930.20,PASS
5,random_fullrange_1,4,000422bdfe11019d,0004220011000000,0004220011000000,17160.30,PASS
5,random_fullrange_1,5,000511efd922c059,0005110022000000,0005110022000000,16560.70,PASS
5,random_fullrange_1,6,000622c88611770d,0006220011000000,0006220011000000,16479.10,PASS
5,random_fullrange_1,7,000711686622bcb7,0007110022000000,0007110022000000,16954.20,PASS
5,random_fullrange_1,8,0008227344115c5a,0008220011000000,0008220011000000,16748.80,PASS
5,random_fullrange_1,9,0009116cc722d073,0009110022000000,0009110022000000,16822.00,PASS
5,random_fullrange_1,10,000a22d8711156c4,000a220011000000,000a220011000000,16864.40,PASS
5,random_fullrange_1,11,000b11fe83228b85,000b110022000000,000b110022000000,16773.20,PASS
5,random_fullrange_1,12,000c22de2011ebd0,000c220011000000,000c220011000000,16897.60,PASS
5,random_fullrange_1,13,000d116996221128,000d110022000000,000d110022000000,16751.20,PASS
5,random_fullrange_1,14,000e22fc8e110215,000e220011000000,000e220011000000,16887.90,PASS
5,random_fullrange_1,15,000f113c22223296,000f110022000000,000f110022000000,16953.90,PASS
5,random_fullrange_1,16,001022fa3611792f,0010220211020000,0010220211020000,16627.50,PASS
5,random_fullrange_1,17,001111008422fe6c,0011110122020000,0011110122020000,17678.70,PASS
5,random_fullrange_1,18,001222753211e462,0012220111020000,0012220111020000,16198.50,PASS
5,random_fullrange_1,19,001311562f2232e0,0013110122010000,0013110122010000,16864.60,PASS
5,random_fullrange_1,20,001422c0621108b0,0014220211010000,0014220211010000,17140.20,PASS
5,random_fullrange_1,21,001511ae8a221977,0015110222010000,0015110222010000,16375.80,PASS
5,random_fullrange_1,22,001622d29f111660,0016220211010000,0016220211010000,17527.80,PASS
5,random_fullrange_1,23,00171134bd2293d5,0017110122010000,0017110122010000,16720.60,PASS
5,random_fullrange_1,24,001822466f11c105,0018220111020000,0018220111020000,16187.10,PASS
5,random_fullrange_1,25,001911792a221afd,0019110222010000,0019110222010000,16962.90,PASS
5,random_fullrange_1,26,001a22de4411a6f6,001a220211020000,001a220211020000,16666.00,PASS
5,random_fullrange_1,27,001b11f66522b4ed,001b110222020000,001b110222020000,17055.90,PASS
5,random_fullrange_1,28,001c229566119ba3,001c220211020000,001c220211020000,16791.40,PASS
5,random_fullrange_1,29,001d1135392284e8,001d110122010000,001d110122010000,16864.70,PASS
5,random_fullrange_1,30,001e229b69110c0e,001e220211010000,001e220211010000,16756.30,PASS
5,random_fullrange_1,31,001f110f09221b35,001f110122010000,001f110122010000,16793.10,PASS
5,random_fullrange_1,32,0020222ed611c43c,0020220111020000,0020220111020000,16869.30,PASS
5,random_fullrange_1,33,0021115730225902,0021110122010000,0021110122010000,16959.40,PASS
5,random_fullrange_1,34,002222e99011eb27,0022220211020000,0022220211020000,16989.80,PASS
5,random_fullrange_1,35,0023115e662202aa,0023110122010000,0023110122010000,16980.50,PASS
5,random_fullrange_1,36,002422fcb5113941,0024220211010000,0024220211010000,16630.90,PASS
5,random_fullrange_1,37,00251199762291c8,0025110222020000,0025110222020000,16887.60,PASS
5,random_fullrange_1,38,002622e07911c2af,0026220211020000,0026220211020000,16953.90,PASS
5,random_fullrange_1,39,0027117e612241e7,0027110122010000,0027110122010000,16848.20,PASS
5,random_fullrange_1,40,00282258e11140eb,0028220111010000,0028220111010000,16876.70,PASS
5,random_fullrange_1,41,002911dcd5228fc7,0029110222020000,0029110222020000,16877.20,PASS
5,random_fullrange_1,42,002a22e748110b7f,002a220211010000,002a220211010000,16947.00,PASS
5,random_fullrange_1,43,002b11d73922adb5,002b110222020000,002b110222020000,16812.70,PASS
5,random_fullrange_1,44,002c22078b11c5a4,002c220111020000,002c220111020000,17086.90,PASS
5,random_fullrange_1,45,002d11f3ea227d05,002d110222010000,002d110222010000,16751.10,PASS
5,random_fullrange_1,46,002e22a545116aa3,002e220211010000,002e220211010000,16930.60,PASS
5,random_fullrange_1,47,002f11068322e3af,002f110122020000,002f110122020000,16804.70,PASS
5,random_fullrange_1,48,003022fb0b1139db,0030220211010000,0030220211010000,16891.10,PASS
5,random_fullrange_1,49,003111a838224aaf,0031110222010000,0031110222010000,16937.80,PASS
5,random_fullrange_1,50,0032221f3e116cf9,0032220111010000,0032220111010000,16940.60,PASS
5,random_fullrange_1,51,0033117fd2220e36,0033110122010000,0033110122010000,16984.20,PASS
5,random_fullrange_1,52,003422883b1153a1,0034220211010000,0034220211010000,16803.40,PASS
5,random_fullrange_1,53,003511462322fbfb,0035110122020000,0035110122020000,16978.90,PASS
5,random_fullrange_1,54,003622c3d21109eb,0036220211010000,0036220211010000,16863.00,PASS
5,random_fullrange_1,55,003711be9e22cfd9,0037110222020000,0037110222020000,16941.90,PASS
5,random_fullrange_1,56,003822df4a111ae2,0038220211010000,0038220211010000,16741.00,PASS
5,random_fullrange_1,57,003911ea3d22d701,0039110222020000,0039110222020000,16993.60,PASS
5,random_fullrange_1,58,003a220dc1115750,003a220111010000,003a220111010000,16864.00,PASS
5,random_fullrange_1,59,003b113315222730,003b110122010000,003b110122010000,16843.60,PASS
5,random_fullrange_1,60,003c2253c711f029,003c220111020000,003c220111020000,17027.10,PASS
5,random_fullrange_1,61,003d110fa7226c19,003d110122010000,003d110122010000,16792.30,PASS
5,random_fullrange_1,62,003e2207741114fb,003e220111010000,003e220111010000,16848.90,PASS
5,random_fullrange_1,63,003f11263a22695e,003f110122010000,003f110122010000,16922.40,PASS
5,random_fullrange_1,64,00402280d7119a39,0040220211020000,0040220211020000,16893.10,PASS
5,random_fullrange_1,65,004111a5db221216,0041110222010000,0041110222010000,16825.80,PASS
5,random_fullrange_1,66,0042229a0b11e609,0042220211020000,0042220211020000,16854.60,PASS
5,random_fullrange_1,67,0043110fe422f8fa,0043110122020000,0043110122020000,16918.80,PASS
5,random_fullrange_1,68,0044222f30113dde,0044220111010000,0044220111010000,16963.10,PASS
5,random_fullrange_1,69,004511e14122b4c9,0045110222020000,0045110222020000,16846.60,PASS
5,random_fullrange_1,70,0046222fe811d423,0046220111020000,0046220111020000,16859.10,PASS
5,random_fullrange_1,71,004711b991227296,0047110222020000,0047110222020000,16837.50,PASS
5,random_fullrange_1,72,0048229921115a5c,0048220211010000,0048220211010000,16973.60,PASS
5,random_fullrange_1,73,004911917b229ebd,0049110222020000,0049110222020000,16813.10,PASS
5,random_fullrange_1,74,004a2290c911f8d8,004a220211020000,004a220211020000,16851.20,PASS
5,random_fullrange_1,75,004b11071722282c,004b110122010000,004b110122010000,16947.60,PASS
5,random_fullrange_1,76,004c220977117387,004c220111010000,004c220111010000,16692.80,PASS
5,random_fullrange_1,77,004d11befe227773,004d110222020000,004d110222020000,17089.80,PASS
5,random_fullrange_1,78,004e226fbf113310,004e220211010000,004e220211010000,16843.00,PASS
5,random_fullrange_1,79,004f11c63c22379d,004f110222010000,004f110222010000,16893.60,PASS
5,random_fullrange_1,80,005022296d110680,0050220111010000,0050220111010000,16823.60,PASS
5,random_fullrange_1,81,005111406e22a9b6,0051110122020000,0051110122020000,16827.70,PASS
5,random_fullrange_1,82,00522206fd11721c,0052220111010000,0052220111010000,16967.60,PASS
5,random_fullrange_1,83,00531116cf223fa2,0053110122010000,0053110122010000,16762.10,PASS
5,random_fullrange_1,84,00542235ea117497,0054220111010000,0054220111010000,17055.90,PASS
5,random_fullrange_1,85,005511f055223848,0055110222010000,0055110222010000,16919.10,PASS
5,random_fullrange_1,86,005622b9e7118731,0056220211020000,0056220211020000,16661.20,PASS
5,random_fullrange_1,87,005711ea2222424a,0057110222010000,0057110222010000,16831.90,PASS
5,random_fullrange_1,88,00582236741137c6,0058220111010000,0058220111010000,17043.30,PASS
5,random_fullrange_1,89,0059114fe022c37c,0059110122020000,0059110122020000,16917.10,PASS
5,random_fullrange_1,90,005a22c12911a8ef,005a220211020000,005a220211020000,16866.40,PASS
5,random_fullrange_1,91,005b11cf35223b7a,005b110222010000,005b110222010000,16838.20,PASS
5,random_fullrange_1,92,005c22699211af70,005c220211020000,005c220211020000,16900.80,PASS
5,random_fullrange_1,93,005d11f3952291a0,005d110222020000,005d110222020000,16802.60,PASS
5,random_fullrange_1,94,005e22cba811e539,005e220211020000,005e220211020000,16773.60,PASS
5,random_fullrange_1,95,005f1121eb2296c9,005f110122020000,005f110122020000,16853.60,PASS
5,random_fullrange_1,96,00602231931157a2,0060220111010000,0060220111010000,16885.20,PASS
5,random_fullrange_1,97,006111f5c6224d27,0061110222010000,0061110222010000,16972.60,PASS
5,random_fullrange_1,98,006222d38611fc6e,0062220211020000,0062220211020000,16684.00,PASS
5,random_fullrange_1,99,006311117b224220,0063110122010000,0063110122010000,17005.40,PASS
6,random_fullrange_2,0,000011a149229b9d,0000110022000000,0000110022000000,14087.10,PASS
6,random_fullrange_2,1,00012208e311c8ba,0001220011000000,0001220011000000,16948.20,PASS
6,random_fullrange_2,2,0002119140228f1e,0002110022000000,0002110022000000,16761.70,PASS
6,random_fullrange_2,3,000322593a11b8bb,0003220011000000,0003220011000000,16900.80,PASS
6,random_fullrange_2,4,000411b78022fba9,0004110022000000,0004110022000000,16964.80,PASS
6,random_fullrange_2,5,0005229d8711320e,0005220011000000,0005220011000000,16763.50,PASS
6,random_fullrange_2,6,0006114cfc22fed5,0006110022000000,0006110022000000,17001.60,PASS
6,random_fullrange_2,7,000722775211539f,0007220011000000,0007220011000000,17022.70,PASS
6,random_fullrange_2,8,000811765f2213df,0008110022000000,0008110022000000,16665.20,PASS
6,random_fullrange_2,9,000922259111be62,0009220011000000,0009220011000000,16985.10,PASS
6,random_fullrange_2,10,000a11d415225f35,000a110022000000,000a110022000000,16732.20,PASS
6,random_fullrange_2,11,000b22d325112c93,000b220011000000,000b220011000000,17049.90,PASS
6,random_fullrange_2,12,000c11abec220be6,000c110022000000,000c110022000000,16777.60,PASS
6,random_fullrange_2,13,000d222679118243,000d220011000000,000d220011000000,16876.50,PASS
6,random_fullrange_2,14,000e114a6a22c8db,000e110022000000,000e110022000000,16967.30,PASS
6,random_fullrange_2,15,000f22d7ae11232a,000f220011000000,000f220011000000,16791.60,PASS
6,random_fullrange_2,16,001011271c2294b0,0010110022000000,0010110022000000,16953.50,PASS
6,random_fullrange_2,17,001122c5b51145bf,0011220011000000,0011220011000000,16832.80,PASS
6,random_fullrange_2,18,001211cd7f22dff0,0012110222000000,0012110222000000,16919.40,PASS
6,random_fullrange_2,19,0013226dd01108e2,0013220111010000,0013220111010000,16865.40,PASS
6,random_fullrange_2,20,0014119ca5223f89,0014110222010000,0014110222010000,17127.00,PASS
6,random_fullrange_2,21,001522228d11e67b,0015220111020000,0015220111020000,16684.40,PASS
6,random_fullrange_2,22,00161181a1228693,0016110222020000,0016110222020000,16807.90,PASS
6,random_fullrange_2,23,00172215921111e4,0017220111010000,0017220111010000,16890.40,PASS
6,random_fullrange_2,24,001811fbd0221cef,0018110222010000,0018110222010000,16912.20,PASS
6,random_fullrange_2,25,0019222cff115e02,0019220111010000,0019220111010000,16831.10,PASS
6,random_fullrange_2,26,001a1172d82266af,001a110222010000,001a110222010000,17014.80,PASS
6,random_fullrange_2,27,001b22174f11e0bf,001b220111020000,001b220111020000,16787.90,PASS
6,random_fullrange_2,28,001c11950322ca2e,001c110222020000,001c110222020000,17039.10,PASS
6,random_fullrange_2,29,001d229218110519,001d220211010000,001d220211010000,16973.80,PASS
6,random_fullrange_2,30,001e11637322999f,001e110122020000,001e110122020000,16649.00,PASS
6,random_fullrange_2,31,001f22df4c11a6b7,001f220211020000,001f220211020000,17490.90,PASS
6,random_fullrange_2,32,002011945322dfe7,0020110222020000,0020110222020000,16126.90,PASS
6,random_fullrange_2,33,002122da6611e09e,0021220211020000,0021220211020000,16873.70,PASS
6,random_fullrange_2,34,002211a33f22d64f,0022110222020000,0022110222020000,17349.20,PASS
6,random_fullrange_2,35,002322ab3f1194ca,0023220211020000,0023220211020000,16165.10,PASS
6,random_fullrange_2,36,002411a775225f0d,0024110222010000,0024110222010000,16811.10,PASS
6,random_fullrange_2,37,0025227a881161b0,0025220111010000,0025220111010000,16881.60,PASS
6,random_fullrange_2,38,002611973922557c,0026110222010000,0026110222010000,16727.90,PASS
6,random_fullrange_2,39,0027220ab511b88a,0027220111020000,0027220111020000,16886.40,PASS
6,random_fullrange_2,40,0028118793226bad,0028110122010000,0028110122010000,16799.80,PASS
6,random_fullrange_2,41,0029221f69119687,0029220111020000,0029220111020000,16848.10,PASS
6,random_fullrange_2,42,002a11687b22a958,002a110122020000,002a110122020000,16935.70,PASS
6,random_fullrange_2,43,002b22df5a1145af,002b220211010000,002b220211010000,16732.90,PASS
6,random_fullrange_2,44,002c111c5a22353f,002c110122010000,002c110122010000,16844.90,PASS
6,random_fullrange_2,45,002d220e80113db7,002d220111010000,002d220111010000,16724.80,PASS
6,random_fullrange_2,46,002e1130942279b9,002e110122010000,002e110122010000,16966.20,PASS
6,random_fullrange_2,47,002f22875c113ccc,002f220211010000,002f220211010000,17389.80,PASS
6,random_fullrange_2,48,0030119c24226055,0030110222010000,0030110222010000,17111.20,PASS
6,random_fullrange_2,49,003122b3fb115469,0031220211010000,0031220211010000,16542.70,PASS
6,random_fullrange_2,50,003211ee23220c5c,0032110222010000,0032110222010000,16520.90,PASS
6,random_fullrange_2,51,003322e2d9116bf0,0033220211010000,0033220211010000,16775.20,PASS
6,random_fullrange_2,52,003411743d22bc56,0034110222020000,0034110222020000,16825.90,PASS
6,random_fullrange_2,53,003522ed8e112201,0035220211010000,0035220211010000,16921.50,PASS
6,random_fullrange_2,54,00361123da22f7bc,0036110122020000,0036110122020000,16809.60,PASS
6,random_fullrange_2,55,003722179711c8d4,0037220111020000,0037220111020000,17415.10,PASS
6,random_fullrange_2,56,003811407122b228,0038110122020000,0038110122020000,16167.70,PASS
6,random_fullrange_2,57,003922eb7511ff45,0039220211020000,0039220211020000,17401.70,PASS
6,random_fullrange_2,58,003a11711222e55a,003a110222020000,003a110222020000,16203.50,PASS
6,random_fullrange_2,59,003b226ca4114157,003b220111010000,003b220111010000,16968.40,PASS
6,random_fullrange_2,60,003c11cd05224d2b,003c110222010000,003c110222010000,16634.50,PASS
6,random_fullrange_2,61,003d22fc57112f07,003d220211010000,003d220211010000,16694.90,PASS
6,random_fullrange_2,62,003e11750c22c0dc,003e110122020000,003e110122020000,17106.10,PASS
6,random_fullrange_2,63,003f2268ca11f72c,003f220111020000,003f220111020000,16936.10,PASS
6,random_fullrange_2,64,004011098022523d,0040110122010000,0040110122010000,17205.60,PASS
6,random_fullrange_2,65,004122ab57117f43,0041220211020000,0041220211020000,16850.60,PASS
6,random_fullrange_2,66,00421190d52226d7,0042110222010000,0042110222010000,16172.50,PASS
6,random_fullrange_2,67,004322a65e119d66,0043220211020000,0043220211020000,16602.00,PASS
6,random_fullrange_2,68,004411764622d55c,0044110122020000,0044110122020000,17047.40,PASS
6,random_fullrange_2,69,00452215b3118124,0045220111020000,0045220111020000,16717.30,PASS
6,random_fullrange_2,70,004611d94722e1f2,0046110222020000,0046110222020000,17384.20,PASS
6,random_fullrange_2,71,00472234d3116747,0047220111010000,0047220111010000,16939.20,PASS
6,random_fullrange_2,72,0048119ec7223cfb,0048110222010000,0048110222010000,16386.30,PASS
6,random_fullrange_2,73,004922de6d11f61b,0049220211020000,0049220211020000,17264.10,PASS
6,random_fullrange_2,74,004a11d0b3222bf9,004a110222010000,004a110222010000,16346.90,PASS
6,random_fullrange_2,75,004b22875c116c66,004b220211010000,004b220211010000,17516.10,PASS
6,random_fullrange_2,76,004c11390f22c940,004c110122020000,004c110122020000,16630.40,PASS
6,random_fullrange_2,77,004d2286d5114e25,004d220211010000,004d220211010000,16120.70,PASS
6,random_fullrange_2,78,004e113ba32215f1,004e110122010000,004e110122010000,16831.00,PASS
6,random_fullrange_2,79,004f227c1b11bbdc,004f220211020000,004f220211020000,16754.20,PASS
6,random_fullrange_2,80,00501194d422baba,0050110222020000,0050110222020000,16879.10,PASS
6,random_fullrange_2,81,005122afc11100d3,0051220211010000,0051220211010000,16874.90,PASS
6,random_fullrange_2,82,0052110b1f226467,0052110122010000,0052110122010000,16970.70,PASS
6,random_fullrange_2,83,00532248e9114244,0053220111010000,0053220111010000,16878.60,PASS
6,random_fullrange_2,84,005411894e2224cc,0054110222010000,0054110222010000,16697.80,PASS
6,random_fullrange_2,85,00552207b7112d3d,0055220111010000,0055220111010000,17055.70,PASS
6,random_fullrange_2,86,00561100ec223130,0056110122010000,0056110122010000,16716.60,PASS
6,random_fullrange_2,87,005722d92411e552,0057220211020000,0057220211020000,16803.30,PASS
6,random_fullrange_2,88,005811c9e72262c2,0058110222010000,0058110222010000,17045.80,PASS
6,random_fullrange_2,89,0059224c3111b83e,0059220111020000,0059220111020000,16724.70,PASS
6,random_fullrange_2,90,005a11cfa4221628,005a110222010000,005a110222010000,16895.40,PASS
6,random_fullrange_2,91,005b2255e511f52e,005b220111020000,005b220111020000,16809.40,PASS
6,random_fullrange_2,92,005c11b847228287,005c110222020000,005c110222020000,17024.00,PASS
6,random_fullrange_2,93,005d22424c11a2a6,005d220111020000,005d220111020000,17004.30,PASS
6,random_fullrange_2,94,005e118d4222deaa,005e110222020000,005e110222020000,16761.80,PASS
6,random_fullrange_2,95,005f22ca52119516,005f220211020000,005f220211020000,17338.20,PASS
6,random_fullrange_2,96,0060116a7d22bc2d,0060110122020000,0060110122020000,17108.20,PASS
6,random_fullrange_2,97,006122314e11c302,0061220111020000,0061220111020000,16838.90,PASS
6,random_fullrange_2,98,006211dd9622a7dc,0062110222020000,0062110222020000,16392.90,PASS
6,random_fullrange_2,99,0063227f99117f11,0063220211010000,0063220211010000,16907.40,PASS
7,random_fullrange_3,0,0000226cfe114fb1,0000220011000000,0000220011000000,2648.80,PASS
7,random_fullrange_3,1,0001112d6c228c1d,0001110022000000,0001110022000000,16871.30,PASS
7,random_fullrange_3,2,000222f2c5113063,0002220011000000,0002220011000000,16973.00,PASS
7,random_fullrange_3,3,000311abcf22d9b8,0003110022000000,0003110022000000,16849.00,PASS
7,random_fullrange_3,4,0004228dc511ed05,0004220011000000,0004220011000000,16892.80,PASS
7,random_fullrange_3,5,000511e17922c6c8,0005110022000000,0005110022000000,16836.70,PASS
7,random_fullrange_3,6,000622edb211e5ed,0006220011000000,0006220011000000,16851.90,PASS
7,random_fullrange_3,7,00071175af223af1,0007110022000000,0007110022000000,16889.20,PASS
7,random_fullrange_3,8,000822fc78118496,0008220011000000,0008220011000000,16736.00,PASS
7,random_fullrange_3,9,0009116c6c228473,0009110022000000,0009110022000000,16946.20,PASS
7,random_fullrange_3,10,000a226198111d2f,000a220011000000,000a220011000000,17209.50,PASS
7,random_fullrange_3,11,000b110d5a2224b9,000b110022000000,000b110022000000,16507.60,PASS
7,random_fullrange_3,12,000c222136111a3d,000c220011000000,000c220011000000,16971.40,PASS
7,random_fullrange_3,13,000d111ac0220a1e,000d110022000000,000d110022000000,16723.80,PASS
7,random_fullrange_3,14,000e22c6a611a4f8,000e220011000000,000e220011000000,16975.10,PASS
7,random_fullrange_3,15,000f119df622644f,000f110022000000,000f110022000000,16691.00,PASS
7,random_fullrange_3,16,001022fdc7117bdb,0010220211000000,0010220211000000,17018.50,PASS
7,random_fullrange_3,17,001111e48e22b7c3,0011110022020000,0011110022020000,17035.00,PASS
7,random_fullrange_3,18,0012220b6411a629,0012220111000000,0012220111000000,16565.30,PASS
7,random_fullrange_3,19,00131150ab22a143,0013110122020000,0013110122020000,16603.90,PASS
7,random_fullrange_3,20,00142270ad118262,0014220111020000,0014220111020000,17053.70,PASS
7,random_fullrange_3,21,00151180d8226cc9,0015110222010000,0015110222010000,16823.60,PASS
7,random_fullrange_3,22,0016220a201131fc,0016220111010000,0016220111010000,17164.20,PASS
7,random_fullrange_3,23,001711490122a460,0017110122020000,0017110122020000,16183.90,PASS
7,random_fullrange_3,24,0018222744111c7e,0018220111010000,0018220111010000,16958.20,PASS
7,random_fullrange_3,25,0019117cc522a113,0019110222020000,0019110222020000,16761.00,PASS
7,random_fullrange_3,26,001a22c0bf11a111,001a220211020000,001a220211020000,16871.50,PASS
7,random_fullrange_3,27,001b1192472215a4,001b110222010000,001b110222010000,16638.90,PASS
7,random_fullrange_3,28,001c222f9e118859,001c220111020000,001c220111020000,16883.90,PASS
7,random_fullrange_3,29,001d11abd7223fa7,001d110222010000,001d110222010000,16966.60,PASS
7,random_fullrange_3,30,001e22fdbc11059e,001e220211010000,001e220211010000,16665.90,PASS
7,random_fullrange_3,31,001f119bc322db01,001f110222020000,001f110222020000,16804.20,PASS
7,random_fullrange_3,32,002022669011e6ba,0020220111020000,0020220111020000,17278.80,PASS
7,random_fullrange_3,33,002111ea7f222b27,0021110222010000,0021110222010000,16422.50,PASS
7,random_fullrange_3,34,0022223f09117d6d,0022220111020000,0022220111020000,16678.60,PASS
7,random_fullrange_3,35,002311bcdc2276cf,0023110222020000,0023110222020000,16798.60,PASS
7,random_fullrange_3,36,002422da3011a125,0024220211020000,0024220211020000,16711.80,PASS
7,random_fullrange_3,37,002511f8d822f4d5,0025110222020000,0025110222020000,16839.30,PASS
7,random_fullrange_3,38,00262205d311d928,0026220111020000,0026220111020000,16961.90,PASS
7,random_fullrange_3,39,002711b920225112,0027110222010000,0027110222010000,16811.60,PASS
7,random_fullrange_3,40,00282257ba1153f7,0028220111010000,0028220111010000,16804.60,PASS
7,random_fullrange_3,41,002911191022783b,0029110122020000,0029110122020000,16894.90,PASS
7,random_fullrange_3,42,002a222aa511161f,002a220111010000,002a220111010000,16706.10,PASS
7,random_fullrange_3,43,002b11b68f22dd3c,002b110222020000,002b110222020000,17648.00,PASS
7,random_fullrange_3,44,002c22cc291130f2,002c220211010000,002c220211010000,16242.80,PASS
7,random_fullrange_3,45,002d11667f228a34,002d110122020000,002d110122020000,16881.80,PASS
7,random_fullrange_3,46,002e228577110053,002e220211010000,002e220211010000,16644.10,PASS
7,random_fullrange_3,47,002f117383226b56,002f110122010000,002f110122010000,17088.50,PASS
7,random_fullrange_3,48,0030226ee411b71f,0030220111020000,0030220111020000,16856.30,PASS
7,random_fullrange_3,49,00311122b7228583,0031110122020000,0031110122020000,16767.90,PASS
7,random_fullrange_3,50,0032229d7611b0e4,0032220211020000,0032220211020000,16954.80,PASS
7,random_fullrange_3,51,003311f25322df03,0033110222020000,0033110222020000,16668.60,PASS
7,random_fullrange_3,52,0034229a6f116d4d,0034220211010000,0034220211010000,16948.10,PASS
7,random_fullrange_3,53,003511a05622dee8,0035110222020000,0035110222020000,16734.40,PASS
7,random_fullrange_3,54,003622190711bb28,0036220111020000,0036220111020000,16693.20,PASS
7,random_fullrange_3,55,003711a50c22be7d,0037110222020000,0037110222020000,17125.40,PASS
7,random_fullrange_3,56,0038227c2811e811,0038220111020000,0038220111020000,16643.50,PASS
7,random_fullrange_3,57,0039114c9f22877d,0039110122010000,0039110122010000,16594.80,PASS
7,random_fullrange_3,58,003a22af66118ee2,003a220211020000,003a220211020000,17454.50,PASS
7,random_fullrange_3,59,003b119c1f221ed4,003b110222010000,003b110222010000,16440.60,PASS
7,random_fullrange_3,60,003c225c1811bda9,003c220111020000,003c220111020000,16459.10,PASS
7,random_fullrange_3,61,003d117dc1221def,003d110122010000,003d110122010000,16769.30,PASS
7,random_fullrange_3,62,003e227e881180ba,003e220111010000,003e220111010000,16830.20,PASS
7,random_fullrange_3,63,003f111eef22e83a,003f110122020000,003f110122020000,16799.70,PASS
7,random_fullrange_3,64,004022eba811e19f,0040220211020000,0040220211020000,16920.30,PASS
7,random_fullrange_3,65,00411184fc22fa13,0041110122020000,0041110122020000,16877.00,PASS
7,random_fullrange_3,66,004222f822117248,0042220211010000,0042220211010000,16739.50,PASS
7,random_fullrange_3,67,004311007c223222,0043110122010000,0043110122010000,16854.30,PASS
7,random_fullrange_3,68,0044221070115c92,0044220111010000,0044220111010000,16883.80,PASS
7,random_fullrange_3,69,0045118e032232e3,0045110222010000,0045110222010000,16842.80,PASS
7,random_fullrange_3,70,004622a7fb119ae5,0046220211020000,0046220211020000,16709.70,PASS
7,random_fullrange_3,71,004711a96822e561,0047110222020000,0047110222020000,17080.10,PASS
7,random_fullrange_3,72,0048228e9a11ac16,0048220211020000,0048220211020000,16719.10,PASS
7,random_fullrange_3,73,004911d34d22366a,0049110222010000,0049110222010000,17017.80,PASS
7,random_fullrange_3,74,004a220133113af7,004a220111010000,004a220111010000,16704.00,PASS
7,random_fullrange_3,75,004b11a1bf22cabf,004b110222020000,004b110222020000,16761.10,PASS
7,random_fullrange_3,76,004c2235a31110aa,004c220111010000,004c220111010000,16794.40,PASS
7,random_fullrange_3,77,004d11286122b2e9,004d110122020000,004d110122020000,17141.30,PASS
7,random_fullrange_3,78,004e224fd1113b24,004e220111010000,004e220111010000,16735.90,PASS
7,random_fullrange_3,79,004f117b67228943,004f110222020000,004f110222020000,17555.20,PASS
7,random_fullrange_3,80,005022a01311f287,0050220211020000,0050220211020000,16316.80,PASS
7,random_fullrange_3,81,005111bc4022e4bd,0051110222020000,0051110222020000,16864.70,PASS
7,random_fullrange_3,82,005222e5d31122fe,0052220211010000,0052220211010000,17001.30,PASS
7,random_fullrange_3,83,005311f7c4225b70,0053110222010000,0053110222010000,17231.40,PASS
7,random_fullrange_3,84,0054222e9e11686a,0054220111010000,0054220111010000,16585.50,PASS
7,random_fullrange_3,85,005511c55d22e4b1,0055110222020000,0055110222020000,16220.00,PASS
7,random_fullrange_3,86,00562224f9115356,0056220111010000,0056220111010000,16776.90,PASS
7,random_fullrange_3,87,0057118966229062,0057110222020000,0057110222020000,17055.70,PASS
7,random_fullrange_3,88,005822870611de3f,0058220211020000,0058220211020000,16676.00,PASS
7,random_fullrange_3,89,005911907522166c,0059110222010000,0059110222010000,16831.00,PASS
7,random_fullrange_3,90,005a225e9b11a6fc,005a220111020000,005a220111020000,17322.70,PASS
7,random_fullrange_3,91,005b11ac7822ed44,005b110222020000,005b110222020000,16586.20,PASS
7,random_fullrange_3,92,005c227eb8112d73,005c220111010000,005c220111010000,16822.50,PASS
7,random_fullrange_3,93,005d1166632259af,005d110122010000,005d110122010000,17119.00,PASS
7,random_fullrange_3,94,005e22553f115ee9,005e220111010000,005e220111010000,16754.20,PASS
7,random_fullrange_3,95,005f11e6e52261e2,005f110222010000,005f110222010000,17378.30,PASS
7,random_fullrange_3,96,006022cce5111f74,0060220211010000,0060220211010000,16374.70,PASS
7,random_fullrange_3,97,0061111c76224679,0061110122010000,0061110122010000,16608.40,PASS
7,random_fullrange_3,98,006222369d11b466,0062220111020000,0062220111020000,16813.40,PASS
7,random_fullrange_3,99,006311ebf6224886,0063110222010000,0063110222010000,16799.90,PASS
8,random_fullrange_4,0,000011efdd2218f5,0000110022000000,0000110022000000,16723.80,PASS
8,random_fullrange_4,1,0001220d1f1134f8,0001220011000000,0001220011000000,16942.50,PASS
8,random_fullrange_4,2,00021144b4228425,0002110022000000,0002110022000000,16842.30,PASS
8,random_fullrange_4,3,000322a34d114b18,0003220011000000,0003220011000000,17087.90,PASS
8,random_fullrange_4,4,0004118992222181,0004110022000000,0004110022000000,16649.40,PASS
8,random_fullrange_4,5,0005226a62118aa8,0005220011000000,0005220011000000,17077.30,PASS
8,random_fullrange_4,6,000611018022bc4b,0006110022000000,0006110022000000,17480.70,PASS
8,random_fullrange_4,7,000722879e1188b0,0007220011000000,0007220011000000,16195.70,PASS
8,random_fullrange_4,8,000811acb1228d44,0008110022000000,0008110022000000,16659.10,PASS
8,random_fullrange_4,9,000922f6051136ba,0009220011000000,0009220011000000,16775.60,PASS
8,random_fullrange_4,10,000a116d6922b75e,000a110022000000,000a110022000000,16885.00,PASS
8,random_fullrange_4,11,000b22f85711ac8d,000b220011000000,000b220011000000,16981.40,PASS
8,random_fullrange_4,12,000c119dd6221c33,000c110022000000,000c110022000000,16614.10,PASS
8,random_fullrange_4,13,000d2214dc11ad2f,000d220011000000,000d220011000000,17121.70,PASS
8,random_fullrange_4,14,000e11ccec220c48,000e110022000000,000e110022000000,16389.30,PASS
8,random_fullrange_4,15,000f22929011a1e2,000f220011000000,000f220011000000,17080.70,PASS
8,random_fullrange_4,16,001011aa7d22fe9f,0010110022000000,0010110022000000,17247.90,PASS
8,random_fullrange_4,17,001122c56711307c,0011220011010000,0011220011010000,16600.80,PASS
8,random_fullrange_4,18,001211c03f22d5ce,0012110222000000,0012110222000000,16385.70,PASS
8,random_fullrange_4,19,0013228725114440,0013220111010000,0013220111010000,16952.80,PASS
8,random_fullrange_4,20,001411896d2290e4,0014110222010000,0014110222010000,17337.10,PASS
8,random_fullrange_4,21,0015228202111bd2,0015220111010000,0015220111010000,15962.20,PASS
8,random_fullrange_4,22,001611b26022ac16,0016110222020000,0016110222020000,17613.60,PASS
8,random_fullrange_4,23,001722c988110456,0017220211010000,0017220211010000,16716.30,PASS
8,random_fullrange_4,24,00181174da22c682,0018110122020000,0018110122020000,16275.50,PASS
8,random_fullrange_4,25,0019222d841159d7,0019220111010000,0019220111010000,16834.00,PASS
8,random_fullrange_4,26,001a11d7fd22964d,001a110222020000,001a110222020000,16946.20,PASS
8,random_fullrange_4,27,001b22e25b1141ae,001b220211010000,001b220211010000,16823.10,PASS
8,random_fullrange_4,28,001c119ab92234c1,001c110222010000,001c110222010000,17316.80,PASS
8,random_fullrange_4,29,001d2232991192e1,001d220111020000,001d220111020000,16534.70,PASS
8,random_fullrange_4,30,001e11d0cb224227,001e110222010000,001e110222010000,16502.90,PASS
8,random_fullrange_4,31,001f22e1b911c7d8,001f220211020000,001f220211020000,17042.90,PASS
8,random_fullrange_4,32,00201118b822ee07,0020110122020000,0020110122020000,16362.20,PASS
8,random_fullrange_4,33,00212294d011ed6e,0021220111020000,0021220111020000,16846.70,PASS
8,random_fullrange_4,34,002211055f22c3f0,0022110122020000,0022110122020000,16939.30,PASS
8,random_fullrange_4,35,00232255fb11269d,0023220111010000,0023220111010000,16685.90,PASS
8,random_fullrange_4,36,002411f57122dfe2,0024110222020000,0024110222020000,16851.20,PASS
8,random_fullrange_4,37,00252214d81150c5,0025220111010000,0025220111010000,16902.60,PASS
8,random_fullrange_4,38,0026111f85222f83,0026110122010000,0026110122010000,17033.40,PASS
8,random_fullrange_4,39,002722e9df1147dc,0027220211010000,0027220211010000,16760.20,PASS
8,random_fullrange_4,40,00281125ea22c818,0028110122020000,0028110122020000,16888.60,PASS
8,random_fullrange_4,41,0029221016111332,0029220111010000,0029220111010000,16873.30,PASS
8,random_fullrange_4,42,002a111a21229b14,002a110122020000,002a110122020000,16829.90,PASS
8,random_fullrange_4,43,002b222fe3112fc9,002b220111010000,002b220111010000,17137.20,PASS
8,random_fullrange_4,44,002c11ef6e221af4,002c110222010000,002c110222010000,17179.70,PASS
8,random_fullrange_4,45,002d2238ff1141be,002d220111010000,002d220111010000,16323.30,PASS
8,random_fullrange_4,46,002e11071a22f456,002e110122020000,002e110122020000,16841.10,PASS
8,random_fullrange_4,47,002f224119117c0d,002f220111020000,002f220111020000,16822.70,PASS
8,random_fullrange_4,48,0030112a12224eb5,0030110122010000,0030110122010000,16713.80,PASS
8,random_fullrange_4,49,00312206f11147aa,0031220111010000,0031220111010000,16637.10,PASS
8,random_fullrange_4,50,0032117cea22a6f4,0032110222020000,0032110222020000,17010.00,PASS
8,random_fullrange_4,51,0033229291112813,0033220211010000,0033220211010000,17010.80,PASS
8,random_fullrange_4,52,003411eaf822ab6f,0034110222020000,0034110222020000,16724.70,PASS
8,random_fullrange_4,53,0035224aba11dea3,0035220111020000,0035220111020000,16736.20,PASS
8,random_fullrange_4,54,003611593f221b94,0036110122010000,0036110122010000,16955.10,PASS
8,random_fullrange_4,55,003722722d1155d5,0037220211010000,0037220211010000,16846.30,PASS
8,random_fullrange_4,56,0038113903229a47,0038110122020000,0038110122020000,16923.00,PASS
8,random_fullrange_4,57,003922ab03115dab,0039220211010000,0039220211010000,16801.70,PASS
8,random_fullrange_4,58,003a113cbb22d06b,003a110122020000,003a110122020000,16609.80,PASS
8,random_fullrange_4,59,003b22bfb7115da2,003b220211010000,003b220211010000,16897.10,PASS
8,random_fullrange_4,60,003c11fb98228196,003c110222020000,003c110222020000,17021.20,PASS
8,random_fullrange_4,61,003d2218c2113ed9,003d220111010000,003d220111010000,16781.30,PASS
8,random_fullrange_4,62,003e1102272277e3,003e110122020000,003e110122020000,16886.00,PASS
8,random_fullrange_4,63,003f22e4c611c2cf,003f220211020000,003f220211020000,16851.30,PASS
8,random_fullrange_4,64,004011c6b92231bd,0040110222010000,0040110222010000,16977.80,PASS
8,random_fullrange_4,65,0041225ad41143b2,0041220111010000,0041220111010000,16891.60,PASS
8,random_fullrange_4,66,004211944e220e2a,0042110222010000,0042110222010000,16908.50,PASS
8,random_fullrange_4,67,004322817111da84,0043220211020000,0043220211020000,16753.50,PASS
8,random_fullrange_4,68,00441120a12233aa,0044110122010000,0044110122010000,17024.00,PASS
8,random_fullrange_4,69,00452240a9115bbf,0045220111010000,0045220111010000,16851.40,PASS
8,random_fullrange_4,70,0046117c72222254,0046110222010000,0046110222010000,16881.60,PASS
8,random_fullrange_4,71,004722266111aaa8,0047220111020000,0047220111020000,16682.50,PASS
8,random_fullrange_4,72,00481152aa22c806,0048110122020000,0048110122020000,17117.50,PASS
8,random_fullrange_4,73,004922244011593e,0049220111010000,0049220111010000,16915.70,PASS
8,random_fullrange_4,74,004a11c7e0222338,004a110222010000,004a110222010000,16893.70,PASS
8,random_fullrange_4,75,004b226872114b2d,004b220211010000,004b220211010000,16830.20,PASS
8,random_fullrange_4,76,004c11abf8226625,004c110222020000,004c110222020000,16829.40,PASS
8,random_fullrange_4,77,004d228202118ac0,004d220211020000,004d220211020000,16833.50,PASS
8,random_fullrange_4,78,004e111b6022abea,004e110122020000,004e110122020000,16931.20,PASS
8,random_fullrange_4,79,004f22d6d811d68b,004f220211020000,004f220211020000,16939.60,PASS
8,random_fullrange_4,80,0050113da5220741,0050110122010000,0050110122010000,16949.30,PASS
8,random_fullrange_4,81,0051222eda119949,0051220111020000,0051220111020000,16650.60,PASS
8,random_fullrange_4,82,005211eebb222517,0052110222010000,0052110222010000,16883.40,PASS
8,random_fullrange_4,83,0053226dbd1132a5,0053220211010000,0053220211010000,17040.60,PASS
8,random_fullrange_4,84,0054114fc822b618,0054110122020000,0054110122020000,16882.40,PASS
8,random_fullrange_4,85,005522e86311d2ce,0055220211020000,0055220211020000,16908.90,PASS
8,random_fullrange_4,86,0056114196220194,0056110122010000,0056110122010000,16844.80,PASS
8,random_fullrange_4,87,005722140111a413,0057220111020000,0057220111020000,16992.40,PASS
8,random_fullrange_4,88,0058111290220879,0058110122010000,0058110122010000,16762.90,PASS
8,random_fullrange_4,89,0059229c6411e067,0059220211020000,0059220211020000,16806.90,PASS
8,random_fullrange_4,90,005a119d2622da01,005a110222020000,005a110222020000,17053.70,PASS
8,random_fullrange_4,91,005b22cd7d11dc07,005b220211020000,005b220211020000,16951.80,PASS
8,random_fullrange_4,92,005c110598221ca5,005c110122010000,005c110122010000,16798.20,PASS
8,random_fullrange_4,93,005d2227bf11538a,005d220111010000,005d220111010000,16906.60,PASS
8,random_fullrange_4,94,005e117084229324,005e110122020000,005e110122020000,16953.10,PASS
8,random_fullrange_4,95,005f22bab1111329,005f220211010000,005f220211010000,16902.40,PASS
8,random_fullrange_4,96,0060114cb3227482,0060110122020000,0060110122020000,16846.20,PASS
8,random_fullrange_4,97,006122fd2911b48c,0061220211020000,0061220211020000,16912.30,PASS
8,random_fullrange_4,98,006211c6432286fa,0062110222020000,0062110222020000,16762.70,PASS
8,random_fullrange_4,99,0063225c20113b7f,0063220111010000,0063220111010000,17129.40,PASS
9,random_fullrange_5,0,000022af9911f29a,0000220011000000,0000220011000000,11260.60,PASS
9,random_fullrange_5,1,000111b55222a63e,0001110022000000,0001110022000000,16875.20,PASS
9,random_fullrange_5,2,00022250ad11fd67,0002220011000000,0002220011000000,16874.40,PASS
9,random_fullrange_5,3,0003119a5622ef1c,0003110022000000,0003110022000000,16962.60,PASS
9,random_fullrange_5,4,0004222f0b11c68b,0004220011000000,0004220011000000,16837.00,PASS
9,random_fullrange_5,5,000511659e2254bb,0005110022000000,0005110022000000,16986.90,PASS
9,random_fullrange_5,6,0006225d9f114721,0006220011000000,0006220011000000,16858.80,PASS
9,random_fullrange_5,7,0007116e5e224bd5,0007110022000000,0007110022000000,16859.30,PASS
9,random_fullrange_5,8,000822d83d11d12d,0008220011000000,0008220011000000,16918.10,PASS
9,random_fullrange_5,9,00091176cc224e2c,0009110022000000,0009110022000000,16762.00,PASS
9,random_fullrange_5,10,000a22095711df86,000a220011000000,000a220011000000,17082.50,PASS
9,random_fullrange_5,11,000b114564225cbe,000b110022000000,000b110022000000,16841.90,PASS
9,random_fullrange_5,12,000c22f15d11f8a2,000c220011000000,000c220011000000,16877.20,PASS
9,random_fullrange_5,13,000d11a75522aadb,000d110022000000,000d110022000000,16948.00,PASS
9,random_fullrange_5,14,000e224bc11176a3,000e220011000000,000e220011000000,16796.70,PASS
9,random_fullrange_5,15,000f1143b822d1e1,000f110022000000,000f110022000000,16882.70,PASS
9,random_fullrange_5,16,001022804811a26f,0010220011020000,0010220011020000,16859.00,PASS
9,random_fullrange_5,17,00111181e42230e4,0011110122010000,0011110122010000,16872.50,PASS
9,random_fullrange_5,18,001222b67b11fdc2,0012220211020000,0012220211020000,16986.90,PASS
9,random_fullrange_5,19,001311a92922a9e2,0013110222020000,0013110222020000,16882.70,PASS
9,random_fullrange_5,20,001422546d11aff5,0014220111020000,0014220111020000,16828.60,PASS
9,random_fullrange_5,21,0015110a5b22fd2f,0015110122020000,0015110122020000,16783.20,PASS
9,random_fullrange_5,22,0016220601113f37,0016220111010000,0016220111010000,16969.00,PASS
9,random_fullrange_5,23,0017113f1322b062,0017110122020000,0017110122020000,16777.20,PASS
9,random_fullrange_5,24,0018224c29119129,0018220111020000,0018220111020000,16940.80,PASS
9,random_fullrange_5,25,00191111952284b6,0019110122020000,0019110122020000,16891.30,PASS
9,random_fullrange_5,26,001a225ae0112ef1,001a220111010000,001a220111010000,16890.00,PASS
9,random_fullrange_5,27,001b11b13a22d712,001b110222020000,001b110222020000,16922.70,PASS
9,random_fullrange_5,28,001c228ec111546f,001c220211010000,001c220211010000,16920.90,PASS
9,random_fullrange_5,29,001d11aff422b6cf,001d110222020000,001d110222020000,16871.40,PASS
9,random_fullrange_5,30,001e22433011fe09,001e220111020000,001e220111020000,16956.70,PASS
9,random_fullrange_5,31,001f11bf97228a57,001f110222020000,001f110222020000,16846.30,PASS
9,random_fullrange_5,32,0020220c7511733f,0020220111010000,0020220111010000,16922.00,PASS
9,random_fullrange_5,33,002111a22d2263fd,0021110222010000,0021110222010000,16717.50,PASS
9,random_fullrange_5,34,002222d3a0113b77,0022220211010000,0022220211010000,17040.80,PASS
9,random_fullrange_5,35,002311a075228dd4,0023110222020000,0023110222020000,16793.40,PASS
9,random_fullrange_5,36,002422e4f911c5aa,0024220211020000,0024220211020000,16975.10,PASS
9,random_fullrange_5,37,0025119cd62290dc,0025110222020000,0025110222020000,16709.10,PASS
9,random_fullrange_5,38,002622e23711e6aa,0026220211020000,0026220211020000,16838.90,PASS
9,random_fullrange_5,39,0027116480220e74,0027110122010000,0027110122010000,16727.80,PASS
9,random_fullrange_5,40,0028229a4811bf02,0028220211020000,0028220211020000,16886.50,PASS
9,random_fullrange_5,41,002911ad8c2244d1,0029110222010000,0029110222010000,16873.20,PASS
9,random_fullrange_5,42,002a22c303115a81,002a220211010000,002a220211010000,16978.30,PASS
9,random_fullrange_5,43,002b11cb5e228eb9,002b110222020000,002b110222020000,16823.30,PASS
9,random_fullrange_5,44,002c222cd011a3bf,002c220111010000,002c220111010000,16718.30,PASS
9,random_fullrange_5,45,002d119d12226c4a,002d110122010000,002d110122010000,16912.30,PASS
9,random_fullrange_5,46,002e220a41118c3a,002e220111010000,002e220111010000,17003.30,PASS
9,random_fullrange_5,47,002f1186ef22b4ff,002f110122020000,002f110122020000,16669.90,PASS
9,random_fullrange_5,48,0030227d1d115187,0030220111010000,0030220111010000,16695.80,PASS
9,random_fullrange_5,49,0031114afa228cd0,0031110122020000,0031110122020000,17423.80,PASS
9,random_fullrange_5,50,003222242c1147f6,0032220111010000,0032220111010000,16478.40,PASS
9,random_fullrange_5,51,003311dff4220354,0033110222010000,0033110222010000,16678.60,PASS
9,random_fullrange_5,52,00342220441194cc,0034220111020000,0034220111020000,16702.80,PASS
9,random_fullrange_5,53,003511eadc222c28,0035110222010000,0035110222010000,16900.20,PASS
9,random_fullrange_5,54,003622e139119759,0036220211020000,0036220211020000,17356.90,PASS
9,random_fullrange_5,55,00371121ea223034,0037110122010000,0037110122010000,16519.00,PASS
9,random_fullrange_5,56,003822f954119cb0,0038220211020000,0038220211020000,15725.70,PASS
9,random_fullrange_5,57,00391191b52227b6,0039110222010000,0039110222010000,16846.00,PASS
9,random_fullrange_5,58,003a22a5cd11894d,003a220211010000,003a220211010000,16748.30,PASS
9,random_fullrange_5,59,003b119feb22bdc3,003b110222020000,003b110222020000,16905.30,PASS
9,random_fullrange_5,60,003c225fb711995d,003c220111020000,003c220111020000,16977.80,PASS
9,random_fullrange_5,61,003d113c5e2202e4,003d110122010000,003d110122010000,16812.00,PASS
9,random_fullrange_5,62,003e225306114e18,003e220111010000,003e220111010000,17267.60,PASS
9,random_fullrange_5,63,003f11e94a22b3e9,003f110222020000,003f110222020000,16499.90,PASS
9,random_fullrange_5,64,004022850a112095,0040220211010000,0040220211010000,16888.10,PASS
9,random_fullrange_5,65,004111be5a222d19,0041110222010000,0041110222010000,17046.90,PASS
9,random_fullrange_5,66,004222d9ec11cf80,0042220211020000,0042220211020000,16826.00,PASS
9,random_fullrange_5,67,004311d82a229009,0043110222020000,0043110222020000,16839.50,PASS
9,random_fullrange_5,68,00442260ca11da1e,0044220111020000,0044220111020000,16887.20,PASS
9,random_fullrange_5,69,00451157f42213c5,0045110122010000,0045110122010000,16944.80,PASS
9,random_fullrange_5,70,004622e3a911790f,0046220211010000,0046220211010000,16837.70,PASS
9,random_fullrange_5,71,0047119e0622465b,0047110222010000,0047110222010000,17647.50,PASS
9,random_fullrange_5,72,004822d5c3114747,0048220211010000,0048220211010000,16329.50,PASS
9,random_fullrange_5,73,0049118970228776,0049110122020000,0049110122020000,16829.40,PASS
9,random_fullrange_5,74,004a229e3c113522,004a220211010000,004a220211010000,16946.50,PASS
9,random_fullrange_5,75,004b11af5e22361f,004b110222010000,004b110222010000,16882.10,PASS
9,random_fullrange_5,76,004c22f53d11231f,004c220211010000,004c220211010000,16961.10,PASS
9,random_fullrange_5,77,004d11c71922b1ee,004d110222020000,004d110222020000,17021.30,PASS
9,random_fullrange_5,78,004e22066711639b,004e220111010000,004e220111010000,16695.50,PASS
9,random_fullrange_5,79,004f11e5432218f1,004f110222010000,004f110222010000,16727.40,PASS
9,random_fullrange_5,80,005022410811797b,0050220111010000,0050220111010000,16882.80,PASS
9,random_fullrange_5,81,0051116be2222966,0051110122010000,0051110122010000,16756.00,PASS
9,random_fullrange_5,82,005222716b118697,0052220211010000,0052220211010000,16869.00,PASS
9,random_fullrange_5,83,0053112f4d22a99a,0053110122020000,0053110122020000,16684.20,PASS
9,random_fullrange_5,84,0054228f1d1154fd,0054220211010000,0054220211010000,16749.20,PASS
9,random_fullrange_5,85,005511dd082264db,0055110222010000,0055110222010000,16919.20,PASS
9,random_fullrange_5,86,00562239d411274c,0056220111010000,0056220111010000,16959.10,PASS
9,random_fullrange_5,87,005711ee7d22a6bb,0057110222020000,0057110222020000,17252.30,PASS
9,random_fullrange_5,88,00582292191109fd,0058220211010000,0058220211010000,16671.90,PASS
9,random_fullrange_5,89,00591175ef225f95,0059110122010000,0059110122010000,16461.90,PASS
9,random_fullrange_5,90,005a22eb60117ff5,005a220211020000,005a220211020000,17060.90,PASS
9,random_fullrange_5,91,005b11019c22e737,005b110122020000,005b110122020000,16807.00,PASS
9,random_fullrange_5,92,005c2246c5113be9,005c220111010000,005c220111010000,16734.60,PASS
9,random_fullrange_5,93,005d11d00b22e215,005d110222020000,005d110222020000,16917.70,PASS
9,random_fullrange_5,94,005e22fc16116dee,005e220211010000,005e220211010000,16884.10,PASS
9,random_fullrange_5,95,005f11b36d22e400,005f110222020000,005f110222020000,16836.70,PASS
9,random_fullrange_5,96,00602295f7114bdf,0060220111010000,0060220111010000,16953.60,PASS
9,random_fullrange_5,97,0061113d06229669,0061110122010000,0061110122010000,17212.80,PASS
9,random_fullrange_5,98,006222c73a11a768,0062220211020000,0062220211020000,16140.20,PASS
9,random_fullrange_5,99,00631156f92252cd,0063110122010000,0063110122010000,16848.90,PASS
10,random_fullrange_6,0,00001118aa225c6c,0000110022000000,0000110022000000,17756.20,PASS
10,random_fullrange_6,1,0001226567111d84,0001220011000000,0001220011000000,17280.80,PASS
10,random_fullrange_6,2,000211803a22a548,0002110022000000,0002110022000000,16533.50,PASS
10,random_fullrange_6,3,0003228d5a11dcf9,0003220011000000,0003220011000000,17445.60,PASS
10,random_fullrange_6,4,000411d3042238b7,0004110022000000,0004110022000000,16242.80,PASS
10,random_fullrange_6,5,0005227c85111e28,0005220011000000,0005220011000000,17064.80,PASS
10,random_fullrange_6,6,000611a7b322eb92,0006110022000000,0006110022000000,16385.40,PASS
10,random_fullrange_6,7,0007226134115c13,0007220011000000,0007220011000000,14793.50,PASS
10,random_fullrange_6,8,000811deb622cbab,0008110022000000,0008110022000000,16846.40,PASS
10,random_fullrange_6,9,000922b2aa11bea7,0009220011000000,0009220011000000,16746.60,PASS
10,random_fullrange_6,10,000a118a0b2232e8,000a110022000000,000a110022000000,16848.10,PASS
10,random_fullrange_6,11,000b22fbe611ce9f,000b220011000000,000b220011000000,17309.80,PASS
10,random_fullrange_6,12,000c11651322f0ad,000c110022000000,000c110022000000,16848.40,PASS
10,random_fullrange_6,13,000d22326a115f39,000d220011000000,000d220011000000,16357.90,PASS
10,random_fullrange_6,14,000e11e12e227f38,000e110022000000,000e110022000000,16659.50,PASS
10,random_fullrange_6,15,000f2217cb11e09a,000f220011000000,000f220011000000,17408.10,PASS
10,random_fullrange_6,16,0010116078226480,0010110122000000,0010110122000000,16923.50,PASS
10,random_fullrange_6,17,0011227ad8117bf3,0011220011010000,0011220011010000,16103.90,PASS
10,random_fullrange_6,18,001211601c224314,0012110122000000,0012110122000000,16952.60,PASS
10,random_fullrange_6,19,001322a9131177e9,0013220211010000,0013220211010000,17373.80,PASS
10,random_fullrange_6,20,001411d14c22283b,0014110222010000,0014110222010000,16223.30,PASS
10,random_fullrange_6,21,00152223a211cbe2,0015220111020000,0015220111020000,17007.40,PASS
10,random_fullrange_6,22,001611ab862208f7,0016110222010000,0016110222010000,16655.50,PASS
10,random_fullrange_6,23,00172260ee11de03,0017220111020000,0017220111020000,16883.70,PASS
10,random_fullrange_6,24,0018111e90223287,0018110122010000,0018110122010000,17342.00,PASS
10,random_fullrange_6,25,0019223713112500,0019220111010000,0019220111010000,16193.70,PASS
10,random_fullrange_6,26,001a11ecdf2206b5,001a110222010000,001a110222010000,16738.20,PASS
10,random_fullrange_6,27,001b225fa1112851,001b220211010000,001b220211010000,16809.80,PASS
10,random_fullrange_6,28,001c11bd572275b0,001c110222020000,001c110222020000,16837.60,PASS
10,random_fullrange_6,29,001d225b0511e366,001d220211020000,001d220211020000,16833.00,PASS
10,random_fullrange_6,30,001e1194c522a20a,001e110222020000,001e110222020000,17003.80,PASS
10,random_fullrange_6,31,001f22c5ea115a03,001f220211010000,001f220211010000,16740.80,PASS
10,random_fullrange_6,32,002011bf0622ce5f,0020110222020000,0020110222020000,17029.30,PASS
10,random_fullrange_6,33,002122c46b11feff,0021220211020000,0021220211020000,16851.10,PASS
10,random_fullrange_6,34,002211c9e2229374,0022110222020000,0022110222020000,16969.80,PASS
10,random_fullrange_6,35,00232218b111d579,0023220111020000,0023220111020000,16788.30,PASS
10,random_fullrange_6,36,002411c29d220c01,0024110222010000,0024110222010000,16899.50,PASS
10,random_fullrange_6,37,00252252c9119c1a,0025220111010000,0025220111010000,16799.70,PASS
10,random_fullrange_6,38,0026115ac3220bc5,0026110122010000,0026110122010000,17358.80,PASS
10,random_fullrange_6,39,002722776611e8f8,0027220211020000,0027220211020000,16024.30,PASS
10,random_fullrange_6,40,002811cafb228302,0028110222020000,0028110222020000,16823.10,PASS
10,random_fullrange_6,41,002922d889114353,0029220211010000,0029220211010000,16921.80,PASS
10,random_fullrange_6,42,002a11dbd722dc92,002a110222020000,002a110222020000,16742.30,PASS
10,random_fullrange_6,43,002b221b8f1135b4,002b220111010000,002b220111010000,16885.60,PASS
10,random_fullrange_6,44,002c11ffcb22b017,002c110222020000,002c110222020000,16992.20,PASS
10,random_fullrange_6,45,002d227b09110b9c,002d220111010000,002d220111010000,16949.20,PASS
10,random_fullrange_6,46,002e11d43e224524,002e110222010000,002e110222010000,16718.40,PASS
10,random_fullrange_6,47,002f229dd211ce86,002f220211020000,002f220211020000,17356.60,PASS
10,random_fullrange_6,48,003011c342229d06,0030110222020000,0030110222020000,16815.50,PASS
10,random_fullrange_6,49,0031221b6911d55a,0031220111020000,0031220111020000,17057.50,PASS
10,random_fullrange_6,50,003211955022e840,0032110122020000,0032110122020000,16874.10,PASS
10,random_fullrange_6,51,003322f57a11c210,0033220211020000,0033220211020000,16496.50,PASS
10,random_fullrange_6,52,003411dc3f227ee2,0034110222010000,0034110222010000,16636.70,PASS
10,random_fullrange_6,53,003522bffe11d1c6,0035220211020000,0035220211020000,16796.80,PASS
10,random_fullrange_6,54,00361159be22726b,0036110122010000,0036110122010000,16676.00,PASS
10,random_fullrange_6,55,0037222b1211487b,0037220111010000,0037220111010000,17114.00,PASS
10,random_fullrange_6,56,00381199e6224b06,0038110122010000,0038110122010000,16852.80,PASS
10,random_fullrange_6,57,0039223bb7111caa,0039220111010000,0039220111010000,16784.00,PASS
10,random_fullrange_6,58,003a11204722494a,003a110122010000,003a110122010000,16479.80,PASS
10,random_fullrange_6,59,003b22c3ae114784,003b220211010000,003b220211010000,17405.40,PASS
10,random_fullrange_6,60,003c1157db22f51d,003c110122020000,003c110122020000,16870.20,PASS
10,random_fullrange_6,61,003d22b1a1112d40,003d220211010000,003d220211010000,16173.60,PASS
10,random_fullrange_6,62,003e112fbe22c7bc,003e110122020000,003e110122020000,16987.90,PASS
10,random_fullrange_6,63,003f22ce8c11ae00,003f220211020000,003f220211020000,17069.90,PASS
10,random_fullrange_6,64,004011c82f2268de,0040110222010000,0040110222010000,16342.90,PASS
10,random_fullrange_6,65,004122448111b67a,0041220111020000,0041220111020000,17564.80,PASS
10,random_fullrange_6,66,004211de1b225427,0042110222010000,0042110222010000,16417.50,PASS
10,random_fullrange_6,67,00432208d6116dff,0043220111010000,0043220111010000,17126.70,PASS
10,random_fullrange_6,68,004411acc622c412,0044110222020000,0044110222020000,16429.30,PASS
10,random_fullrange_6,69,004522af5f1115e0,0045220211010000,0045220211010000,17287.50,PASS
10,random_fullrange_6,70,004611d54f22235c,0046110222010000,0046110222010000,16154.40,PASS
10,random_fullrange_6,71,0047221c1d112c35,0047220111010000,0047220111010000,17467.30,PASS
10,random_fullrange_6,72,004811cb0622e2c7,0048110222020000,0048110222020000,16313.20,PASS
10,random_fullrange_6,73,0049227f4211d44c,0049220111020000,0049220111020000,17260.70,PASS
10,random_fullrange_6,74,004a11b40c225da4,004a110222010000,004a110222010000,16176.20,PASS
10,random_fullrange_6,75,004b2236f011a1d8,004b220111020000,004b220111020000,17372.40,PASS
10,random_fullrange_6,76,004c1101a42294c0,004c110122020000,004c110122020000,16387.90,PASS
10,random_fullrange_6,77,004d224eab11e0bc,004d220111020000,004d220111020000,16998.60,PASS
10,random_fullrange_6,78,004e11121a223691,004e110122010000,004e110122010000,16675.90,PASS
10,random_fullrange_6,79,004f22a78811c0b1,004f220211020000,004f220211020000,16847.90,PASS
10,random_fullrange_6,80,005011b1a822baab,0050110222020000,0050110222020000,16966.80,PASS
10,random_fullrange_6,81,005122e269111432,0051220211010000,0051220211010000,16633.60,PASS
10,random_fullrange_6,82,005211807922c983,0052110122020000,0052110122020000,16777.90,PASS
10,random_fullrange_6,83,005322be63112658,0053220211010000,0053220211010000,16782.90,PASS
10,random_fullrange_6,84,005411efc522fd74,0054110222020000,0054110222020000,16774.10,PASS
10,random_fullrange_6,85,00552294d411c295,0055220211020000,0055220211020000,16886.10,PASS
10,random_fullrange_6,86,005611d5d422bb44,0056110222020000,0056110222020000,16797.00,PASS
10,random_fullrange_6,87,005722f07a1114ef,0057220211010000,0057220211010000,15656.90,PASS
10,random_fullrange_6,88,005811436922bf5b,0058110122020000,0058110122020000,16557.10,PASS
10,random_fullrange_6,89,00592247f711228c,0059220111010000,0059220111010000,16993.50,PASS
10,random_fullrange_6,90,005a1137fd22b442,005a110122020000,005a110122020000,16696.60,PASS
10,random_fullrange_6,91,005b22ba001180f5,005b220211020000,005b220211020000,16823.30,PASS
10,random_fullrange_6,92,005c111d77228d16,005c110122010000,005c110122010000,16835.50,PASS
10,random_fullrange_6,93,005d22ced21114ee,005d220211010000,005d220211010000,16853.70,PASS
10,random_fullrange_6,94,005e11e695221dca,005e110222010000,005e110222010000,16830.20,PASS
10,random_fullrange_6,95,005f220636113992,005f220111010000,005f220111010000,16870.00,PASS
10,random_fullrange_6,96,0060110185227fbf,0060110122010000,0060110122010000,16880.80,PASS
10,random_fullrange_6,97,0061229703115b73,0061220111010000,0061220111010000,16783.30,PASS
10,random_fullrange_6,98,006211dc12228fec,0062110222010000,0062110222010000,17098.40,PASS
10,random_fullrange_6,99,006322df2a11274f,0063220211010000,0063220211010000,17419.90,PASS
11,random_fullrange_7,0,0000228e8c115a6d,0000220011000000,0000220011000000,7345.10,PASS
11,random_fullrange_7,1,0001118bc122d43f,0001110022000000,0001110022000000,16743.50,PASS
11,random_fullrange_7,2,000222dfe211ea97,0002220011000000,0002220011000000,16924.20,PASS
11,random_fullrange_7,3,0003114f9922ccc3,0003110022000000,0003110022000000,16898.80,PASS
11,random_fullrange_7,4,000422026311e4fd,0004220011000000,0004220011000000,16552.60,PASS
11,random_fullrange_7,5,0005119c2b220e31,0005110022000000,0005110022000000,16999.60,PASS
11,random_fullrange_7,6,000622307211eca2,0006220011000000,0006220011000000,16757.60,PASS
11,random_fullrange_7,7,000711e4cc22eaa5,0007110022000000,0007110022000000,17138.20,PASS
11,random_fullrange_7,8,00082229a911ba44,0008220011000000,0008220011000000,16818.60,PASS
11,random_fullrange_7,9,000911cf99229713,0009110022000000,0009110022000000,16903.40,PASS
11,random_fullrange_7,10,000a224d6f1184f9,000a220011000000,000a220011000000,16876.90,PASS
11,random_fullrange_7,11,000b11dcbc224be1,000b110022000000,000b110022000000,16827.60,PASS
11,random_fullrange_7,12,000c22c28c1151cf,000c220011000000,000c220011000000,16671.50,PASS
11,random_fullrange_7,13,000d118e5c229ad6,000d110022000000,000d110022000000,16825.20,PASS
11,random_fullrange_7,14,000e22fe6411ffb2,000e220011000000,000e220011000000,16731.60,PASS
11,random_fullrange_7,15,000f112e16221f26,000f110022000000,000f110022000000,16933.30,PASS
11,random_fullrange_7,16,001022a93811473b,0010220211000000,0010220211000000,17008.10,PASS
11,random_fullrange_7,17,0011113a372247a6,0011110022010000,0011110022010000,16874.70,PASS
11,random_fullrange_7,18,00122227bf115d16,0012220111000000,0012220111000000,16647.50,PASS
11,random_fullrange_7,19,001311e73f221241,0013110222010000,0013110222010000,17517.20,PASS
11,random_fullrange_7,20,00142244ed119e1a,0014220111020000,0014220111020000,16232.60,PASS
11,random_fullrange_7,21,0015119d09225ff6,0015110222010000,0015110222010000,16674.70,PASS
11,random_fullrange_7,22,001622f0c711d354,0016220211020000,0016220211020000,16958.10,PASS
11,random_fullrange_7,23,00171124ef22169c,0017110122010000,0017110122010000,16867.20,PASS
11,random_fullrange_7,24,00182222f2119e4b,0018220111020000,0018220111020000,17176.20,PASS
11,random_fullrange_7,25,001911cb6d22eaa1,0019110222020000,0019110222020000,16398.30,PASS
11,random_fullrange_7,26,001a22298b115584,001a220111010000,001a220111010000,17393.50,PASS
11,random_fullrange_7,27,001b11aaf222e5f1,001b110222020000,001b110222020000,16192.20,PASS
11,random_fullrange_7,28,001c22d46811cc22,001c220211020000,001c220211020000,17526.10,PASS
11,random_fullrange_7,29,001d115f99220fdd,001d110122010000,001d110122010000,16638.80,PASS
11,random_fullrange_7,30,001e22b5b811b228,001e220211020000,001e220211020000,16188.80,PASS
11,random_fullrange_7,31,001f1179a92207f9,001f110122010000,001f110122010000,16811.20,PASS
11,random_fullrange_7,32,002022129d119667,0020220111020000,0020220111020000,16979.50,PASS
11,random_fullrange_7,33,0021114e7e22b553,0021110122020000,0021110122020000,16905.40,PASS
11,random_fullrange_7,34,00222279ef11b1f7,0022220211020000,0022220211020000,16790.30,PASS
11,random_fullrange_7,35,00231118cc228ff3,0023110122020000,0023110122020000,16746.40,PASS
11,random_fullrange_7,36,00242231d61179df,0024220111010000,0024220111010000,17245.30,PASS
11,random_fullrange_7,37,00251158ef22bb13,0025110122020000,0025110122020000,16700.90,PASS
11,random_fullrange_7,38,0026222643117c5e,0026220111010000,0026220111010000,17075.50,PASS
11,random_fullrange_7,39,002711777b227222,0027110122020000,0027110122020000,16240.10,PASS
11,random_fullrange_7,40,0028228ad611490f,0028220211010000,0028220211010000,16848.90,PASS
11,random_fullrange_7,41,002911134e220058,0029110122010000,0029110122010000,16656.70,PASS
11,random_fullrange_7,42,002a229ec9110c44,002a220211010000,002a220211010000,17372.00,PASS
11,random_fullrange_7,43,002b11e276229e39,002b110222020000,002b110222020000,16427.50,PASS
11,random_fullrange_7,44,002c226458115614,002c220111010000,002c220111010000,17159.90,PASS
11,random_fullrange_7,45,002d11527522d33d,002d110122020000,002d110122020000,17031.40,PASS
11,random_fullrange_7,46,002e225da41174fa,002e220111020000,002e220111020000,16144.80,PASS
11,random_fullrange_7,47,002f1182f722133d,002f110222010000,002f110222010000,17023.40,PASS
11,random_fullrange_7,48,003022d867118ebc,0030220211020000,0030220211020000,16698.50,PASS
11,random_fullrange_7,49,00311114bc22847e,0031110122020000,0031110122020000,16768.90,PASS
11,random_fullrange_7,50,0032226508118853,0032220111020000,0032220111020000,16772.00,PASS
11,random_fullrange_7,51,0033111407225aa4,0033110122010000,0033110122010000,16898.10,PASS
11,random_fullrange_7,52,0034223e1511a973,0034220111020000,0034220111020000,16783.70,PASS
11,random_fullrange_7,53,003511466022820a,0035110122020000,0035110122020000,17163.60,PASS
11,random_fullrange_7,54,003622a34f117643,0036220211020000,0036220211020000,16494.60,PASS
11,random_fullrange_7,55,003711569522dc8b,0037110122020000,0037110122020000,16711.50,PASS
11,random_fullrange_7,56,003822d37e117ea3,0038220211020000,0038220211020000,16672.70,PASS
11,random_fullrange_7,57,003911be5d2228c8,0039110222010000,0039110222010000,16931.30,PASS
11,random_fullrange_7,58,003a2250fb1166c0,003a220111010000,003a220111010000,16843.30,PASS
11,random_fullrange_7,59,003b11028b224a75,003b110122010000,003b110122010000,16839.40,PASS
11,random_fullrange_7,60,003c22bf1a11cef9,003c220211020000,003c220211020000,16975.50,PASS
11,random_fullrange_7,61,003d11d77a22e6d4,003d110222020000,003d110222020000,16972.00,PASS
11,random_fullrange_7,62,003e220e97115e4a,003e220111010000,003e220111010000,16922.80,PASS
11,random_fullrange_7,63,003f116cd9227396,003f110122010000,003f110122010000,16656.20,PASS
11,random_fullrange_7,64,0040221c1b11db0d,0040220111020000,0040220111020000,16975.70,PASS
11,random_fullrange_7,65,004111f91122367a,0041110222010000,0041110222010000,16842.90,PASS
11,random_fullrange_7,66,004222de5811dec1,0042220211020000,0042220211020000,16821.70,PASS
11,random_fullrange_7,67,004311e8e922dbf7,0043110222020000,0043110222020000,17041.30,PASS
11,random_fullrange_7,68,004422e02211acdc,0044220211020000,0044220211020000,16850.50,PASS
11,random_fullrange_7,69,004511167c22626b,0045110122010000,0045110122010000,16668.20,PASS
11,random_fullrange_7,70,004622049a111123,0046220111010000,0046220111010000,17111.40,PASS
11,random_fullrange_7,71,00471104e022547f,0047110122010000,0047110122010000,17440.50,PASS
11,random_fullrange_7,72,0048221e50115b8e,0048220111010000,0048220111010000,16493.60,PASS
11,random_fullrange_7,73,004911388922bcad,0049110122020000,0049110122020000,16652.20,PASS
11,random_fullrange_7,74,004a22502b112e65,004a220111010000,004a220111010000,16813.00,PASS
11,random_fullrange_7,75,004b11db1022bd6f,004b110222020000,004b110222020000,16674.50,PASS
11,random_fullrange_7,76,004c2290b41191c2,004c220211020000,004c220211020000,16799.30,PASS
11,random_fullrange_7,77,004d11924222a03c,004d110222020000,004d110222020000,16770.50,PASS
11,random_fullrange_7,78,004e221f18110503,004e220111010000,004e220111010000,16851.90,PASS
11,random_fullrange_7,79,004f1139b2229946,004f110122020000,004f110122020000,17526.50,PASS
11,random_fullrange_7,80,005022e0e71169e1,0050220211010000,0050220211010000,16187.20,PASS
11,random_fullrange_7,81,0051117fb122ed5f,0051110222020000,0051110222020000,16777.60,PASS
11,random_fullrange_7,82,00522233e811db8e,0052220111020000,0052220111020000,16866.40,PASS
11,random_fullrange_7,83,005311113722f224,0053110122020000,0053110122020000,16649.20,PASS
11,random_fullrange_7,84,0054229cdb11de0d,0054220211020000,0054220211020000,16956.10,PASS
11,random_fullrange_7,85,005511d51c227fb3,0055110222010000,0055110222010000,17464.70,PASS
11,random_fullrange_7,86,0056227ea811d5d0,0056220111020000,0056220111020000,16209.50,PASS
11,random_fullrange_7,87,005711f30f22d501,0057110222020000,0057110222020000,16700.90,PASS
11,random_fullrange_7,88,005822434a11ca5a,0058220111020000,0058220111020000,16911.90,PASS
11,random_fullrange_7,89,005911a9fc22b5f5,0059110222020000,0059110222020000,16707.70,PASS
11,random_fullrange_7,90,005a22429911c5b6,005a220111020000,005a220111020000,17037.40,PASS
11,random_fullrange_7,91,005b110f73225767,005b110122010000,005b110122010000,16485.90,PASS
11,random_fullrange_7,92,005c22ea7f11cd68,005c220211020000,005c220211020000,16816.70,PASS
11,random_fullrange_7,93,005d118eef228adc,005d110122010000,005d110122010000,17156.80,PASS
11,random_fullrange_7,94,005e22d8a4119fbe,005e220211020000,005e220211020000,16545.90,PASS
11,random_fullrange_7,95,005f11f66822d010,005f110222020000,005f110222020000,17439.40,PASS
11,random_fullrange_7,96,00602213bd110f43,0060220111010000,0060220111010000,16148.90,PASS
11,random_fullrange_7,97,0061117465224d59,0061110122010000,0061110122010000,16869.00,PASS
11,random_fullrange_7,98,006222da8f11c05a,0062220211020000,0062220211020000,17183.90,PASS
11,random_fullrange_7,99,006311f29522ccbe,0063110222020000,0063110222020000,16559.90,PASS
12,random_fullrange_8,0,0000116ebc223d53,0000110022000000,0000110022000000,19112.30,PASS
12,random_fullrange_8,1,000122c35711aedf,0001220011000000,0001220011000000,16351.70,PASS
12,random_fullrange_8,2,000211beb022f01f,0002110022000000,0002110022000000,16831.30,PASS
12,random_fullrange_8,3,000322deeb11c54e,0003220011000000,0003220011000000,16639.30,PASS
12,random_fullrange_8,4,0004114e1722e152,0004110022000000,0004110022000000,16898.20,PASS
12,random_fullrange_8,5,000522b2a611b00f,0005220011000000,0005220011000000,16802.10,PASS
12,random_fullrange_8,6,0006119da0229f55,0006110022000000,0006110022000000,16940.70,PASS
12,random_fullrange_8,7,000722ffe5118444,0007220011000000,0007220011000000,16745.30,PASS
12,random_fullrange_8,8,0008113a1a22405b,0008110022000000,0008110022000000,16720.80,PASS
12,random_fullrange_8,9,00092256f411a7ca,0009220011000000,0009220011000000,16976.50,PASS
12,random_fullrange_8,10,000a116dc922e6ea,000a110022000000,000a110022000000,16833.00,PASS
12,random_fullrange_8,11,000b22681c11d1ba,000b220011000000,000b220011000000,16693.20,PASS
12,random_fullrange_8,12,000c1161f922dc71,000c110022000000,000c110022000000,17188.60,PASS
12,random_fullrange_8,13,000d221e2a112aef,000d220011000000,000d220011000000,16936.60,PASS
12,random_fullrange_8,14,000e116ea5223e24,000e110022000000,000e110022000000,16465.00,PASS
12,random_fullrange_8,15,000f221528111e2d,000f220011000000,000f220011000000,17472.30,PASS
12,random_fullrange_8,16,001011e83a227b95,0010110222000000,0010110222000000,16546.60,PASS
12,random_fullrange_8,17,001122d84111da52,0011220211020000,0011220211020000,16899.30,PASS
12,random_fullrange_8,18,001211d73a22647c,0012110222010000,0012110222010000,16183.00,PASS
12,random_fullrange_8,19,001322ab19118fcc,0013220211020000,0013220211020000,16823.80,PASS
12,random_fullrange_8,20,001411b9892298d3,0014110222020000,0014110222020000,16786.90,PASS
12,random_fullrange_8,21,0015220276113317,0015220111010000,0015220111010000,16828.20,PASS
12,random_fullrange_8,22,00161131e722eb1a,0016110122020000,0016110122020000,16740.70,PASS
12,random_fullrange_8,23,0017224c581112ec,0017220111010000,0017220111010000,16826.30,PASS
12,random_fullrange_8,24,001811413822d963,0018110122020000,0018110122020000,16858.30,PASS
12,random_fullrange_8,25,001922f03a111235,0019220211010000,0019220211010000,16944.70,PASS
12,random_fullrange_8,26,001a118074225b9e,001a110222010000,001a110222010000,16947.30,PASS
12,random_fullrange_8,27,001b22700811170e,001b220111010000,001b220111010000,17592.20,PASS
12,random_fullrange_8,28,001c11c7bf229cae,001c110222020000,001c110222020000,16448.80,PASS
12,random_fullrange_8,29,001d22f09611ff56,001d220211020000,001d220211020000,16664.60,PASS
12,random_fullrange_8,30,001e117af322a7c9,001e110222020000,001e110222020000,16671.00,PASS
12,random_fullrange_8,31,001f2291de1199b2,001f220111020000,001f220111020000,17034.80,PASS
12,random_fullrange_8,32,002011fcc5222e30,0020110222010000,0020110222010000,16774.50,PASS
12,random_fullrange_8,33,002122d29711b336,0021220211020000,0021220211020000,16711.20,PASS
12,random_fullrange_8,34,0022113fed22c84f,0022110122020000,0022110122020000,16805.10,PASS
12,random_fullrange_8,35,00232241e6119b96,0023220111020000,0023220111020000,16901.40,PASS
12,random_fullrange_8,36,002411431222ec4a,0024110122020000,0024110122020000,16853.40,PASS
12,random_fullrange_8,37,00252271bc114d2f,0025220111010000,0025220111010000,16770.00,PASS
12,random_fullrange_8,38,002611c96d22be77,0026110222020000,0026110222020000,17495.30,PASS
12,random_fullrange_8,39,002722040611092e,0027220111010000,0027220111010000,16819.80,PASS
12,random_fullrange_8,40,002811f298225cdb,0028110222010000,0028110222010000,16159.10,PASS
12,random_fullrange_8,41,002922835a11db3c,0029220111020000,0029220111020000,17484.90,PASS
12,random_fullrange_8,42,002a11d71e22f3d7,002a110222020000,002a110222020000,16169.30,PASS
12,random_fullrange_8,43,002b22cc2c1156a2,002b220211010000,002b220211010000,16896.30,PASS
12,random_fullrange_8,44,002c114cd02244e5,002c110122010000,002c110122010000,16573.40,PASS
12,random_fullrange_8,45,002d22f160111eb4,002d220211010000,002d220211010000,17136.00,PASS
12,random_fullrange_8,46,002e11caec227915,002e110222010000,002e110222010000,16561.20,PASS
12,random_fullrange_8,47,002f2274c51158f4,002f220111010000,002f220111010000,16699.20,PASS
12,random_fullrange_8,48,003011a60222b590,0030110222020000,0030110222020000,17499.40,PASS
12,random_fullrange_8,49,003122fcea1151c7,0031220211010000,0031220211010000,16206.60,PASS
12,random_fullrange_8,50,003211f380223c84,0032110222010000,0032110222010000,17358.20,PASS
12,random_fullrange_8,51,003322c703113ae4,0033220211010000,0033220211010000,15976.10,PASS
12,random_fullrange_8,52,003411e6cb22c6bd,0034110222020000,0034110222020000,17114.90,PASS
12,random_fullrange_8,53,0035220d6011251e,0035220111010000,0035220111010000,16691.90,PASS
12,random_fullrange_8,54,00361114db227a0c,0036110122010000,0036110122010000,16645.40,PASS
12,random_fullrange_8,55,003722ca2711d4f8,0037220211020000,0037220211020000,17035.60,PASS
12,random_fullrange_8,56,00381196012231ac,0038110222010000,0038110222010000,16839.20,PASS
12,random_fullrange_8,57,00392290c6114ae3,0039220111010000,0039220111010000,16873.60,PASS
12,random_fullrange_8,58,003a11fb27225aca,003a110222010000,003a110222010000,17087.70,PASS
12,random_fullrange_8,59,003b220077119d11,003b220111020000,003b220111020000,16467.10,PASS
12,random_fullrange_8,60,003c11740a22c627,003c110122020000,003c110122020000,16912.90,PASS
12,random_fullrange_8,61,003d226da711bb3d,003d220111020000,003d220111020000,17026.10,PASS
12,random_fullrange_8,62,003e1114d72262da,003e110122010000,003e110122010000,16581.70,PASS
12,random_fullrange_8,63,003f22124b115ca6,003f220111010000,003f220111010000,16655.20,PASS
12,random_fullrange_8,64,0040112f7f225ac0,0040110122010000,0040110122010000,17252.70,PASS
12,random_fullrange_8,65,004122ed8f111b0b,0041220211010000,0041220211010000,16442.50,PASS
12,random_fullrange_8,66,0042110f7c220ffb,0042110122010000,0042110122010000,16850.80,PASS
12,random_fullrange_8,67,004322912411da69,0043220211020000,0043220211020000,16728.00,PASS
12,random_fullrange_8,68,0044115ea4228692,0044110122020000,0044110122020000,16920.50,PASS
12,random_fullrange_8,69,0045226aa011a965,0045220111020000,0045220111020000,16747.30,PASS
12,random_fullrange_8,70,0046116eea22fc14,0046110122020000,0046110122020000,17009.60,PASS
12,random_fullrange_8,71,0047228f9c1175e7,0047220211020000,0047220211020000,16603.50,PASS
12,random_fullrange_8,72,004811731f223a10,0048110222010000,0048110222010000,16879.40,PASS
12,random_fullrange_8,73,0049228935113877,0049220211010000,0049220211010000,17349.70,PASS
12,random_fullrange_8,74,004a11161522cea6,004a110122020000,004a110122020000,16813.90,PASS
12,random_fullrange_8,75,004b22fe941116ee,004b220211010000,004b220211010000,16601.70,PASS
12,random_fullrange_8,76,004c11fdd32296d6,004c110222020000,004c110222020000,16346.80,PASS
12,random_fullrange_8,77,004d2209ed11dadd,004d220111020000,004d220111020000,17227.70,PASS
12,random_fullrange_8,78,004e1119b72208e3,004e110122010000,004e110122010000,16640.40,PASS
12,random_fullrange_8,79,004f22a9f21151dd,004f220211010000,004f220211010000,16520.50,PASS
12,random_fullrange_8,80,005011a6512263e9,0050110222010000,0050110222010000,16885.90,PASS
12,random_fullrange_8,81,00512238b511cce7,0051220111020000,0051220111020000,16857.60,PASS
12,random_fullrange_8,82,0052119c4f221e0a,0052110222010000,0052110222010000,16851.50,PASS
12,random_fullrange_8,83,005322579a11bdc1,0053220111020000,0053220111020000,16821.00,PASS
12,random_fullrange_8,84,0054112e822231d1,0054110122010000,0054110122010000,16768.00,PASS
12,random_fullrange_8,85,0055226b23117d4b,0055220111020000,0055220111020000,16667.10,PASS
12,random_fullrange_8,86,005611082d22c912,0056110122020000,0056110122020000,17058.20,PASS
12,random_fullrange_8,87,0057223ff111fb09,0057220111020000,0057220111020000,16683.90,PASS
12,random_fullrange_8,88,005811390a22b128,0058110122020000,0058110122020000,16967.20,PASS
12,random_fullrange_8,89,0059227330115d15,0059220211010000,0059220211010000,16812.40,PASS
12,random_fullrange_8,90,005a117f6322ef09,005a110222020000,005a110222020000,16952.90,PASS
12,random_fullrange_8,91,005b22708911f5a4,005b220211020000,005b220211020000,16773.30,PASS
12,random_fullrange_8,92,005c11667f222f30,005c110122010000,005c110122010000,16962.40,PASS
12,random_fullrange_8,93,005d222fc6114daf,005d220111010000,005d220111010000,16929.70,PASS
12,random_fullrange_8,94,005e113b0522f5ec,005e110122020000,005e110122020000,16850.60,PASS
12,random_fullrange_8,95,005f222eba117add,005f220111010000,005f220111010000,17088.30,PASS
12,random_fullrange_8,96,00601115e0228b80,0060110122020000,0060110122020000,16732.30,PASS
12,random_fullrange_8,97,006122aa3b118808,0061220211020000,0061220211020000,17538.30,PASS
12,random_fullrange_8,98,006211025b22ff36,0062110122020000,0062110122020000,16336.10,PASS
12,random_fullrange_8,99,00632226b611a563,0063220111020000,0063220111020000,16613.80,PASS
13,random_fullrange_9,0,000022085b117944,0000220011000000,0000220011000000,13011.60,PASS
13,random_fullrange_9,1,00011148642238c0,0001110022000000,0001110022000000,16957.00,PASS
13,random_fullrange_9,2,00022217f4111197,0002220011000000,0002220011000000,16676.90,PASS
13,random_fullrange_9,3,00031178b9226214,0003110022000000,0003110022000000,16912.60,PASS
13,random_fullrange_9,4,0004220ed11162b1,0004220011000000,0004220011000000,16967.70,PASS
13,random_fullrange_9,5,00051183ca224556,0005110022000000,0005110022000000,16839.00,PASS
13,random_fullrange_9,6,000622af00116f7e,0006220011000000,0006220011000000,16977.00,PASS
13,random_fullrange_9,7,000711e70c229c99,0007110022000000,0007110022000000,16912.30,PASS
13,random_fullrange_9,8,00082284f3116e66,0008220011000000,0008220011000000,16855.80,PASS
13,random_fullrange_9,9,000911368022fe8c,0009110022000000,0009110022000000,16980.40,PASS
13,random_fullrange_9,10,000a22100411b4c1,000a220011000000,000a220011000000,16880.70,PASS
13,random_fullrange_9,11,000b11c65622072b,000b110022000000,000b110022000000,16883.40,PASS
13,random_fullrange_9,12,000c2205201160b3,000c220011000000,000c220011000000,16970.80,PASS
13,random_fullrange_9,13,000d11bcd52208a3,000d110022000000,000d110022000000,16852.30,PASS
13,random_fullrange_9,14,000e22cdc711e107,000e220011000000,000e220011000000,16966.50,PASS
13,random_fullrange_9,15,000f1178d722de26,000f110022000000,000f110022000000,16844.30,PASS
13,random_fullrange_9,16,001022462d110196,0010220111000000,0010220111000000,17030.40,PASS
13,random_fullrange_9,17,0011116323220a58,0011110022010000,0011110022010000,16786.10,PASS
13,random_fullrange_9,18,001222fefd11d1a3,0012220211020000,0012220211020000,16991.20,PASS
13,random_fullrange_9,19,001311740722b09c,0013110122020000,0013110122020000,16703.30,PASS
13,random_fullrange_9,20,0014224d21116ee3,0014220111010000,0014220111010000,16729.20,PASS
13,random_fullrange_9,21,00151167a82268e0,0015110122010000,0015110122010000,16908.30,PASS
13,random_fullrange_9,22,00162290c511779c,0016220211010000,0016220211010000,16874.90,PASS
13,random_fullrange_9,23,0017115fc2222c5b,0017110122010000,0017110122010000,16645.20,PASS
13,random_fullrange_9,24,001822c26e112005,0018220211010000,0018220211010000,16912.90,PASS
13,random_fullrange_9,25,0019112e3e22f24c,0019110122020000,0019110122020000,16766.80,PASS
13,random_fullrange_9,26,001a22bc7a118c6a,001a220211020000,001a220211020000,16866.40,PASS
13,random_fullrange_9,27,001b11684022f1b0,001b110122020000,001b110122020000,17093.60,PASS
13,random_fullrange_9,28,001c22f93a117e32,001c220211020000,001c220211020000,16930.90,PASS
13,random_fullrange_9,29,001d1187e022efc6,001d110222020000,001d110222020000,16907.40,PASS
13,random_fullrange_9,30,001e2283561181da,001e220111020000,001e220111020000,16626.80,PASS
13,random_fullrange_9,31,001f11cf492214fe,001f110222010000,001f110222010000,17359.60,PASS
13,random_fullrange_9,32,002022b3531140eb,0020220211010000,0020220211010000,16191.20,PASS
13,random_fullrange_9,33,0021112dec224090,0021110122010000,0021110122010000,16956.80,PASS
13,random_fullrange_9,34,002222d21811adec,0022220211020000,0022220211020000,16728.50,PASS
13,random_fullrange_9,35,002311888622f8ec,0023110222020000,0023110222020000,16789.50,PASS
13,random_fullrange_9,36,002422e4bf11a92d,0024220211020000,0024220211020000,17092.70,PASS
13,random_fullrange_9,37,0025119b5522432d,0025110222010000,0025110222010000,16917.00,PASS
13,random_fullrange_9,38,002622648b116358,0026220111010000,0026220111010000,17229.20,PASS
13,random_fullrange_9,39,0027114ad62260ef,0027110122010000,0027110122010000,16277.40,PASS
13,random_fullrange_9,40,002822037e11ac8d,0028220111020000,0028220111020000,16585.60,PASS
13,random_fullrange_9,41,002911c999225e6c,0029110222010000,0029110222010000,16912.50,PASS
13,random_fullrange_9,42,002a22764c117418,002a220111010000,002a220111010000,17523.40,PASS
13,random_fullrange_9,43,002b11b2b822e637,002b110222020000,002b110222020000,16207.80,PASS
13,random_fullrange_9,44,002c22ac3811953f,002c220211020000,002c220211020000,16800.40,PASS
13,random_fullrange_9,45,002d1166ec220061,002d110122010000,002d110122010000,16709.90,PASS
13,random_fullrange_9,46,002e225bf4116bcf,002e220111010000,002e220111010000,16775.10,PASS
13,random_fullrange_9,47,002f1104ba220e1b,002f110122010000,002f110122010000,16771.80,PASS
13,random_fullrange_9,48,0030226ec711ef6f,0030220111020000,0030220111020000,16821.20,PASS
13,random_fullrange_9,49,00311104402256ea,0031110122010000,0031110122010000,16869.20,PASS
13,random_fullrange_9,50,003222e19911dc89,0032220211020000,0032220211020000,16923.70,PASS
13,random_fullrange_9,51,0033116e6c2285f9,0033110122020000,0033110122020000,17062.80,PASS
13,random_fullrange_9,52,003422e9cc111dfb,0034220211010000,0034220211010000,16641.60,PASS
13,random_fullrange_9,53,00351182c4228f61,0035110222020000,0035110222020000,16901.30,PASS
13,random_fullrange_9,54,003622130c11106b,0036220111010000,0036220111010000,17070.00,PASS
13,random_fullrange_9,55,003711ee632224e2,0037110222010000,0037110222010000,16764.00,PASS
13,random_fullrange_9,56,003822dec81119d3,0038220211010000,0038220211010000,16990.40,PASS
13,random_fullrange_9,57,00391168332280bf,0039110122020000,0039110122020000,16688.30,PASS
13,random_fullrange_9,58,003a224ae211bc42,003a220111020000,003a220111020000,16990.80,PASS
13,random_fullrange_9,59,003b11d57b223889,003b110222010000,003b110222010000,16946.70,PASS
13,random_fullrange_9,60,003c22dbab11dff9,003c220211020000,003c220211020000,16744.70,PASS
13,random_fullrange_9,61,003d1131d42237cf,003d110122010000,003d110122010000,17026.00,PASS
13,random_fullrange_9,62,003e22c5d711e70d,003e220211020000,003e220211020000,16807.10,PASS
13,random_fullrange_9,63,003f117bb52268ed,003f110122010000,003f110122010000,16868.60,PASS
13,random_fullrange_9,64,004022289311cdb6,0040220111020000,0040220111020000,16837.40,PASS
13,random_fullrange_9,65,004111991a220c69,0041110222010000,0041110222010000,16791.00,PASS
13,random_fullrange_9,66,0042222764117723,0042220111010000,0042220111010000,17353.20,PASS
13,random_fullrange_9,67,0043110cb422f8d0,0043110122020000,0043110122020000,16860.00,PASS
13,random_fullrange_9,68,004422974611b16d,0044220211020000,0044220211020000,16916.10,PASS
13,random_fullrange_9,69,004511623a2232ac,0045110122010000,0045110122010000,16132.40,PASS
13,random_fullrange_9,70,004622435d1179a2,0046220111010000,0046220111010000,17378.10,PASS
13,random_fullrange_9,71,004711ada0229941,0047110222020000,0047110222020000,16237.20,PASS
13,random_fullrange_9,72,004822cd8311f341,0048220211020000,0048220211020000,17417.20,PASS
13,random_fullrange_9,73,004911a62d226ad3,0049110222010000,0049110222010000,16140.40,PASS
13,random_fullrange_9,74,004a225daa116edc,004a220111010000,004a220111010000,17063.80,PASS
13,random_fullrange_9,75,004b112d2b223a96,004b110122010000,004b110122010000,17372.60,PASS
13,random_fullrange_9,76,004c2275f6118cbc,004c220211020000,004c220211020000,16367.80,PASS
13,random_fullrange_9,77,004d11b38a221035,004d110222010000,004d110222010000,16380.30,PASS
13,random_fullrange_9,78,004e22931011f9bf,004e220211020000,004e220211020000,17006.00,PASS
13,random_fullrange_9,79,004f11405322779f,004f110122020000,004f110122020000,16795.80,PASS
13,random_fullrange_9,80,005022e390117066,0050220211010000,0050220211010000,17366.40,PASS
13,random_fullrange_9,81,0051116a02220b50,0051110122010000,0051110122010000,16800.40,PASS
13,random_fullrange_9,82,0052223cc7118bf2,0052220111020000,0052220111020000,16535.00,PASS
13,random_fullrange_9,83,005311219c22e07e,0053110122020000,0053110122020000,16647.80,PASS
13,random_fullrange_9,84,005422442211ea6c,0054220111020000,0054220111020000,17391.70,PASS
13,random_fullrange_9,85,005511df362240cc,0055110222010000,0055110222010000,16507.00,PASS
13,random_fullrange_9,86,005622439f1159b8,0056220111010000,0056220111010000,16775.70,PASS
13,random_fullrange_9,87,005711c308228d31,0057110222020000,0057110222020000,16874.70,PASS
13,random_fullrange_9,88,005822bf17112e2d,0058220211010000,0058220211010000,16500.50,PASS
13,random_fullrange_9,89,005911aa15226739,0059110222010000,0059110222010000,17361.90,PASS
13,random_fullrange_9,90,005a22654c1121b4,005a220111010000,005a220111010000,16283.40,PASS
13,random_fullrange_9,91,005b11c6322237ec,005b110222010000,005b110222010000,17337.40,PASS
13,random_fullrange_9,92,005c22bc8011f518,005c220211020000,005c220211020000,16230.30,PASS
13,random_fullrange_9,93,005d113b1d229e42,005d110122020000,005d110122020000,16638.40,PASS
13,random_fullrange_9,94,005e22cd88115281,005e220211010000,005e220211010000,16896.10,PASS
13,random_fullrange_9,95,005f11b45422d8c4,005f110222020000,005f110222020000,16777.40,PASS
13,random_fullrange_9,96,006022122f116d3f,0060220111010000,0060220111010000,16983.40,PASS
13,random_fullrange_9,97,0061111b1022f4e2,0061110122020000,0061110122020000,16785.20,PASS
13,random_fullrange_9,98,006222c26411768b,0062220211010000,0062220211010000,16527.70,PASS
13,random_fullrange_9,99,0063112522226efd,0063110122010000,0063110122010000,16883.20,PASS
14,random_fullrange_10,0,0000118d0722fd0c,0000110022000000,0000110022000000,12242.10,PASS
14,random_fullrange_10,1,000122da71113cbd,0001220011000000,0001220011000000,16710.10,PASS
14,random_fullrange_10,2,000211745322d113,0002110022000000,0002110022000000,16830.00,PASS
14,random_fullrange_10,3,000322eba411da7a,0003220011000000,0003220011000000,16728.60,PASS
14,random_fullrange_10,4,000411bdaa22ad56,0004110022000000,0004110022000000,16920.40,PASS
14,random_fullrange_10,5,00052287ae119a89,0005220011000000,0005220011000000,16886.90,PASS
14,random_fullrange_10,6,000611088022590c,0006110022000000,0006110022000000,16733.60,PASS
14,random_fullrange_10,7,000722fe14114907,0007220011000000,0007220011000000,16783.30,PASS
14,random_fullrange_10,8,000811a09222ef32,0008110022000000,0008110022000000,16852.80,PASS
14,random_fullrange_10,9,000922f2a6118033,0009220011000000,0009220011000000,16885.60,PASS
14,random_fullrange_10,10,000a11688322c621,000a110022000000,000a110022000000,16886.60,PASS
14,random_fullrange_10,11,000b22ab7a11555d,000b220011000000,000b220011000000,16691.30,PASS
14,random_fullrange_10,12,000c11a86022f1ef,000c110022000000,000c110022000000,17057.80,PASS
14,random_fullrange_10,13,000d221ae51194a1,000d220011000000,000d220011000000,16851.80,PASS
14,random_fullrange_10,14,000e11961122359e,000e110022000000,000e110022000000,16898.40,PASS
14,random_fullrange_10,15,000f224b1d1129b9,000f220011000000,000f220011000000,16796.30,PASS
14,random_fullrange_10,16,001011f8a7225d20,0010110222000000,0010110222000000,16769.80,PASS
14,random_fullrange_10,17,0011225e4c113372,0011220011010000,0011220011010000,16843.30,PASS
14,random_fullrange_10,18,0012116e9622e600,0012110122020000,0012110122020000,16796.50,PASS
14,random_fullrange_10,19,001322e37e118dc6,0013220211020000,0013220211020000,16938.70,PASS
14,random_fullrange_10,20,00141151c422d973,0014110122020000,0014110122020000,16832.90,PASS
14,random_fullrange_10,21,0015226f6111df53,0015220111020000,0015220111020000,16947.80,PASS
14,random_fullrange_10,22,001611c83a2231ef,0016110222010000,0016110222010000,17107.50,PASS
14,random_fullrange_10,23,001722709d119296,0017220111020000,0017220111020000,16911.10,PASS
14,random_fullrange_10,24,00181184e3225b97,0018110122010000,0018110122010000,16611.00,PASS
14,random_fullrange_10,25,001922c2ff11fd5c,0019220211020000,0019220211020000,17134.20,PASS
14,random_fullrange_10,26,001a11eeb0225613,001a110222010000,001a110222010000,16553.90,PASS
14,random_fullrange_10,27,001b227172112568,001b220111010000,001b220111010000,16751.00,PASS
14,random_fullrange_10,28,001c111631226df9,001c110122010000,001c110122010000,16726.80,PASS
14,random_fullrange_10,29,001d227d6d113ef9,001d220211010000,001d220211010000,16902.00,PASS
14,random_fullrange_10,30,001e117dd4227de1,001e110122010000,001e110122010000,16801.70,PASS
14,random_fullrange_10,31,001f228ab01184b8,001f220211010000,001f220211010000,17095.70,PASS
14,random_fullrange_10,32,002011add122e8d6,0020110222020000,0020110222020000,16561.00,PASS
14,random_fullrange_10,33,002122379c1159c5,0021220111010000,0021220111010000,17181.30,PASS
14,random_fullrange_10,34,002211f42022ed92,0022110222020000,0022110222020000,16468.30,PASS
14,random_fullrange_10,35,002322fda311963f,0023220211020000,0023220211020000,16920.80,PASS
14,random_fullrange_10,36,00241174bb224a4d,0024110122010000,0024110122010000,16767.40,PASS
14,random_fullrange_10,37,0025221fbd11ae3b,0025220111020000,0025220111020000,16956.20,PASS
14,random_fullrange_10,38,00261105a5229bd3,0026110122020000,0026110122020000,16624.50,PASS
14,random_fullrange_10,39,00272225c0118f98,0027220111020000,0027220111020000,16740.80,PASS
14,random_fullrange_10,40,002811848f228980,0028110222020000,0028110222020000,16868.80,PASS
14,random_fullrange_10,41,002922478c1173fb,0029220111010000,0029220111010000,17306.00,PASS
14,random_fullrange_10,42,002a11380522f65b,002a110122020000,002a110122020000,16268.40,PASS
14,random_fullrange_10,43,002b221d2611254d,002b220111010000,002b220111010000,17100.80,PASS
14,random_fullrange_10,44,002c11e17b224bf5,002c110222010000,002c110222010000,16721.40,PASS
14,random_fullrange_10,45,002d22e06e119bf3,002d220211020000,002d220211020000,16889.00,PASS
14,random_fullrange_10,46,002e11d2552249b6,002e110222010000,002e110222010000,17682.90,PASS
14,random_fullrange_10,47,002f22ec181147f4,002f220211010000,002f220211010000,16592.60,PASS
14,random_fullrange_10,48,003011a50e228a94,0030110222020000,0030110222020000,16944.40,PASS
14,random_fullrange_10,49,0031226921113b68,0031220111010000,0031220111010000,16871.60,PASS
14,random_fullrange_10,50,0032115f1e220a44,0032110122010000,0032110122010000,16354.70,PASS
14,random_fullrange_10,51,00332203dd110731,0033220111010000,0033220111010000,16616.40,PASS
14,random_fullrange_10,52,0034116f7122c01b,0034110222020000,0034110222020000,16657.20,PASS
14,random_fullrange_10,53,00352216c4112c2e,0035220111010000,0035220111010000,16817.80,PASS
14,random_fullrange_10,54,003611a20b227d64,0036110222020000,0036110222020000,16894.40,PASS
14,random_fullrange_10,55,003722252811a44a,0037220111020000,0037220111020000,16841.60,PASS
14,random_fullrange_10,56,003811df3722813f,0038110222020000,0038110222020000,16765.80,PASS
14,random_fullrange_10,57,003922f03f11c823,0039220211020000,0039220211020000,16712.00,PASS
14,random_fullrange_10,58,003a119ea22226c1,003a110222010000,003a110222010000,16965.60,PASS
14,random_fullrange_10,59,003b22382c11e231,003b220111020000,003b220111020000,17483.80,PASS
14,random_fullrange_10,60,003c1147942215ee,003c110122010000,003c110122010000,16086.40,PASS
14,random_fullrange_10,61,003d226f3011d2f6,003d220211020000,003d220211020000,16864.20,PASS
14,random_fullrange_10,62,003e1178fc22305c,003e110122010000,003e110122010000,17139.70,PASS
14,random_fullrange_10,63,003f22c02b11e953,003f220211020000,003f220211020000,16427.00,PASS
14,random_fullrange_10,64,004011eb6022b573,0040110222020000,0040110222020000,16907.40,PASS
14,random_fullrange_10,65,00412268ea11163b,0041220211010000,0041220211010000,17368.50,PASS
14,random_fullrange_10,66,00421120f7223287,0042110122010000,0042110122010000,16493.80,PASS
14,random_fullrange_10,67,004322e11c114dac,0043220211010000,0043220211010000,16573.50,PASS
14,random_fullrange_10,68,004411ad3d22f514,0044110222020000,0044110222020000,16877.30,PASS
14,random_fullrange_10,69,0045227c34118d8b,0045220211010000,0045220211010000,16812.60,PASS
14,random_fullrange_10,70,0046116c2022a167,0046110122020000,0046110122020000,16932.40,PASS
14,random_fullrange_10,71,00472218fc113be0,0047220111010000,0047220111010000,16992.50,PASS
14,random_fullrange_10,72,0048111f02222061,0048110122010000,0048110122010000,16628.50,PASS
14,random_fullrange_10,73,004922fa91115b13,0049220211010000,0049220211010000,17697.20,PASS
14,random_fullrange_10,74,004a1190082269b8,004a110222010000,004a110222010000,16344.00,PASS
14,random_fullrange_10,75,004b227d92118973,004b220211020000,004b220211020000,16878.80,PASS
14,random_fullrange_10,76,004c1139ff22d7b1,004c110122020000,004c110122020000,16958.50,PASS
14,random_fullrange_10,77,004d221f5d11a413,004d220111020000,004d220111020000,16395.20,PASS
14,random_fullrange_10,78,004e11993c220ad7,004e110222010000,004e110222010000,16779.60,PASS
14,random_fullrange_10,79,004f2258d3111b47,004f220111010000,004f220111010000,16902.60,PASS
14,random_fullrange_10,80,00501167472294af,0050110222020000,0050110222020000,16836.40,PASS
14,random_fullrange_10,81,0051222f5e11d079,0051220111020000,0051220111020000,16946.60,PASS
14,random_fullrange_10,82,005211489f220812,0052110122010000,0052110122010000,16835.00,PASS
14,random_fullrange_10,83,005322689f11a6d2,0053220111020000,0053220111020000,16977.40,PASS
14,random_fullrange_10,84,005411c42922d7ea,0054110222020000,0054110222020000,16735.90,PASS
14,random_fullrange_10,85,0055221908112af6,0055220111010000,0055220111010000,16900.80,PASS
14,random_fullrange_10,86,00561164d7227a0c,0056110122020000,0056110122020000,16842.30,PASS
14,random_fullrange_10,87,0057228fd211a27c,0057220211020000,0057220211020000,16496.00,PASS
14,random_fullrange_10,88,005811f9a2224334,0058110222010000,0058110222010000,17037.70,PASS
14,random_fullrange_10,89,005922e70511e98d,0059220211020000,0059220211020000,16675.50,PASS
14,random_fullrange_10,90,005a11582822edc4,005a110122020000,005a110122020000,17570.60,PASS
14,random_fullrange_10,91,005b221a1f1196fc,005b220111020000,005b220111020000,16612.10,PASS
14,random_fullrange_10,92,005c114d9e22c1d4,005c110122020000,005c110122020000,17208.10,PASS
14,random_fullrange_10,93,005d22607d11fb53,005d220111020000,005d220111020000,16314.30,PASS
14,random_fullrange_10,94,005e1157c3225915,005e110122010000,005e110122010000,17209.80,PASS
14,random_fullrange_10,95,005f22cb94111916,005f220211010000,005f220211010000,16819.80,PASS
14,random_fullrange_10,96,00601131fa22a7b3,0060110122020000,0060110122020000,16180.10,PASS
14,random_fullrange_10,97,006122fb5b1191aa,0061220211020000,0061220211020000,17158.20,PASS
14,random_fullrange_10,98,006211d5cf22d1a8,0062110222020000,0062110222020000,16534.20,PASS
14,random_fullrange_10,99,0063222a3b11e5ba,0063220111020000,0063220111020000,17211.30,PASS
15,random_fullrange_11,0,000022634f11fa77,0000220011000000,0000220011000000,18678.50,PASS
15,random_fullrange_11,1,0001117e5722a778,0001110022000000,0001110022000000,17067.00,PASS
15,random_fullrange_11,2,00022280fd110058,0002220011000000,0002220011000000,16661.50,PASS
15,random_fullrange_11,3,0003119c8e22b647,0003110022000000,0003110022000000,17408.00,PASS
15,random_fullrange_11,4,0004222fc71159fb,0004220011000000,0004220011000000,16368.00,PASS
15,random_fullrange_11,5,000511ca54220718,0005110022000000,0005110022000000,16883.80,PASS
15,random_fullrange_11,6,000622b22211377b,0006220011000000,0006220011000000,16739.20,PASS
15,random_fullrange_11,7,000711b044229e0c,0007110022000000,0007110022000000,16914.60,PASS
15,random_fullrange_11,8,00082207b9112f8a,0008220011000000,0008220011000000,17153.40,PASS
15,random_fullrange_11,9,0009119216225c16,0009110022000000,0009110022000000,16670.20,PASS
15,random_fullrange_11,10,000a226ca611c55b,000a220011000000,000a220011000000,16343.30,PASS
15,random_fullrange_11,11,000b1162cc221448,000b110022000000,000b110022000000,16902.80,PASS
15,random_fullrange_11,12,000c22eced119daa,000c220011000000,000c220011000000,17394.00,PASS
15,random_fullrange_11,13,000d110c8922eb28,000d110022000000,000d110022000000,16391.60,PASS
15,random_fullrange_11,14,000e228d2711a8de,000e220011000000,000e220011000000,16818.80,PASS
15,random_fullrange_11,15,000f11b1ff2223b5,000f110022000000,000f110022000000,17219.20,PASS
15,random_fullrange_11,16,001022ae8711a0f0,0010220211000000,0010220211000000,16220.10,PASS
15,random_fullrange_11,17,0011114444229c6a,0011110122020000,0011110122020000,16933.90,PASS
15,random_fullrange_11,18,001222b0871157bb,0012220211010000,0012220211010000,16598.70,PASS
15,random_fullrange_11,19,00131140e922eefc,0013110122020000,0013110122020000,16960.90,PASS
15,random_fullrange_11,20,0014229d1611eb20,0014220211020000,0014220211020000,16834.80,PASS
15,random_fullrange_11,21,001511958d22012f,0015110222010000,0015110222010000,17076.90,PASS
15,random_fullrange_11,22,0016225a1411abe0,0016220111020000,0016220111020000,16773.00,PASS
15,random_fullrange_11,23,001711edd4224151,0017110222010000,0017110222010000,16639.00,PASS
15,random_fullrange_11,24,001822d9c7112f36,0018220211010000,0018220211010000,16639.20,PASS
15,random_fullrange_11,25,001911006322c50a,0019110122020000,0019110122020000,16857.50,PASS
15,random_fullrange_11,26,001a22db3611e34c,001a220211020000,001a220211020000,16994.40,PASS
15,random_fullrange_11,27,001b1169a422802f,001b110122010000,001b110122010000,16718.80,PASS
15,random_fullrange_11,28,001c22a3731139e4,001c220211010000,001c220211010000,16888.30,PASS
15,random_fullrange_11,29,001d1115f6221959,001d110122010000,001d110122010000,16817.50,PASS
15,random_fullrange_11,30,001e22b9c711a965,001e220211020000,001e220211020000,17097.10,PASS
15,random_fullrange_11,31,001f114eef22a81a,001f110122020000,001f110122020000,16807.30,PASS
15,random_fullrange_11,32,002022e28c112b70,0020220211010000,0020220211010000,16730.30,PASS
15,random_fullrange_11,33,0021111d87224de8,0021110122010000,0021110122010000,17002.70,PASS
15,random_fullrange_11,34,0022220cd711a543,0022220111020000,0022220111020000,16934.90,PASS
15,random_fullrange_11,35,002311bb282275e6,0023110222010000,0023110222010000,16813.00,PASS
15,random_fullrange_11,36,002422d2ca114e32,0024220211010000,0024220211010000,17389.70,PASS
15,random_fullrange_11,37,002511c242228e5f,0025110222020000,0025110222020000,16425.00,PASS
15,random_fullrange_11,38,0026220c5111ef16,0026220111020000,0026220111020000,16622.00,PASS
15,random_fullrange_11,39,002711a4d122161a,0027110222010000,0027110222010000,17412.20,PASS
15,random_fullrange_11,40,002822710d116174,0028220111010000,0028220111010000,16739.00,PASS
15,random_fullrange_11,41,002911ad192218f6,0029110222010000,0029110222010000,16580.40,PASS
15,random_fullrange_11,42,002a22a8bd1124d1,002a220211010000,002a220211010000,16384.00,PASS
15,random_fullrange_11,43,002b111f85224efa,002b110122010000,002b110122010000,17574.30,PASS
15,random_fullrange_11,44,002c22765a11a332,002c220211020000,002c220211020000,16208.30,PASS
15,random_fullrange_11,45,002d11ab5b223aa0,002d110222010000,002d110222010000,16691.30,PASS
15,random_fullrange_11,46,002e222f4f113aa9,002e220111010000,002e220111010000,16931.30,PASS
15,random_fullrange_11,47,002f11e198227a88,002f110222020000,002f110222020000,16930.40,PASS
15,random_fullrange_11,48,003022aabf11915f,0030220211020000,0030220211020000,16807.40,PASS
15,random_fullrange_11,49,00311168f9227149,0031110122020000,0031110122020000,16697.60,PASS
15,random_fullrange_11,50,003222111f11083b,0032220111010000,0032220111010000,16847.30,PASS
15,random_fullrange_11,51,003311576c22473e,0033110122010000,0033110122010000,16889.70,PASS
15,random_fullrange_11,52,003422a4501173e2,0034220211010000,0034220211010000,16812.10,PASS
15,random_fullrange_11,53,0035119abc22005c,0035110222010000,0035110222010000,17008.90,PASS
15,random_fullrange_11,54,0036226a2011dd90,0036220211020000,0036220211020000,16814.70,PASS
15,random_fullrange_11,55,00371131a822f909,0037110122020000,0037110122020000,17051.10,PASS
15,random_fullrange_11,56,003822360311b363,0038220111020000,0038220111020000,17089.80,PASS
15,random_fullrange_11,57,003911a82f222942,0039110222010000,0039110222010000,16589.10,PASS
15,random_fullrange_11,58,003a223904118488,003a220111020000,003a220111020000,17151.80,PASS
15,random_fullrange_11,59,003b11d3c3229aac,003b110222020000,003b110222020000,16230.20,PASS
15,random_fullrange_11,60,003c22e9a8113b94,003c220211010000,003c220211010000,16845.00,PASS
15,random_fullrange_11,61,003d11739f22f4dc,003d110122020000,003d110122020000,16940.10,PASS
15,random_fullrange_11,62,003e227e33118919,003e220211020000,003e220211020000,17041.00,PASS
15,random_fullrange_11,63,003f11a57522de73,003f110222020000,003f110222020000,17423.50,PASS
15,random_fullrange_11,64,004022882c111989,0040220211010000,0040220211010000,16467.00,PASS
15,random_fullrange_11,65,004111822f22dbc6,0041110222020000,0041110222020000,16825.40,PASS
15,random_fullrange_11,66,0042222abb1142cb,0042220111010000,0042220111010000,16756.20,PASS
15,random_fullrange_11,67,0043112a822245fe,0043110122010000,0043110122010000,16648.30,PASS
15,random_fullrange_11,68,004422000f1158a0,0044220111010000,0044220111010000,17552.40,PASS
15,random_fullrange_11,69,004511f60822ecf1,0045110222020000,0045110222020000,16280.00,PASS
15,random_fullrange_11,70,004622b005116f18,0046220211010000,0046220211010000,17416.60,PASS
15,random_fullrange_11,71,004711398222d8c4,0047110122020000,0047110122020000,16274.60,PASS
15,random_fullrange_11,72,004822b2b011eab9,0048220211020000,0048220211020000,16728.10,PASS
15,random_fullrange_11,73,004911b95c22fd6b,0049110222020000,0049110222020000,17041.00,PASS
15,random_fullrange_11,74,004a2287d7118d4c,004a220111020000,004a220111020000,16762.00,PASS
15,random_fullrange_11,75,004b118c97227be9,004b110222010000,004b110222010000,16610.60,PASS
15,random_fullrange_11,76,004c228c2011c081,004c220111020000,004c220111020000,16703.60,PASS
15,random_fullrange_11,77,004d116e1b225026,004d110122010000,004d110122010000,16991.30,PASS
15,random_fullrange_11,78,004e22fa8d117448,004e220211010000,004e220211010000,16804.30,PASS
15,random_fullrange_11,79,004f11a7a522996e,004f110222020000,004f110222020000,16955.70,PASS
15,random_fullrange_11,80,00502235cd1188fa,0050220111020000,0050220111020000,16740.70,PASS
15,random_fullrange_11,81,005111559522774e,0051110122010000,0051110122010000,17093.40,PASS
15,random_fullrange_11,82,00522235f0117cec,0052220111010000,0052220111010000,16124.30,PASS
15,random_fullrange_11,83,00531172fd22a5b3,0053110122020000,0053110122020000,16838.90,PASS
15,random_fullrange_11,84,00542293e011d7b8,0054220111020000,0054220111020000,17449.50,PASS
15,random_fullrange_11,85,0055117f70228a7a,0055110122010000,0055110122010000,16211.80,PASS
15,random_fullrange_11,86,0056225c44111a12,0056220111010000,0056220111010000,16948.60,PASS
15,random_fullrange_11,87,00571190d22202ff,0057110222010000,0057110222010000,17108.20,PASS
15,random_fullrange_11,88,0058223ff2119d14,0058220111020000,0058220111020000,16331.30,PASS
15,random_fullrange_11,89,00591173a52262e1,0059110122010000,0059110122010000,16834.30,PASS
15,random_fullrange_11,90,005a22ea48110169,005a220211010000,005a220211010000,16795.20,PASS
15,random_fullrange_11,91,005b1171f42298d6,005b110122020000,005b110122020000,16822.90,PASS
15,random_fullrange_11,92,005c22360c11c75c,005c220111020000,005c220111020000,16844.20,PASS
15,random_fullrange_11,93,005d1156ca227a7a,005d110122020000,005d110122020000,16833.40,PASS
15,random_fullrange_11,94,005e222ee7117d3d,005e220111020000,005e220111020000,16931.10,PASS
15,random_fullrange_11,95,005f11c083226aea,005f110222020000,005f110222020000,16854.30,PASS
15,random_fullrange_11,96,006022865b1146b3,0060220211010000,0060220211010000,17180.50,PASS
15,random_fullrange_11,97,00611183a8227775,0061110222020000,0061110222020000,16601.00,PASS
15,random_fullrange_11,98,0062227c3c11f818,0062220211020000,0062220211020000,16996.80,PASS
15,random_fullrange_11,99,006311eec622ef8d,0063110222020000,0063110222020000,16540.00,PASS
16,random_fullrange_12,0,00001110f6225bbf,0000110022000000,0000110022000000,2592.50,PASS
16,random_fullrange_12,1,0001229f5c11b43b,0001220011000000,0001220011000000,17218.60,PASS
16,random_fullrange_12,2,00021100d122e592,0002110022000000,0002110022000000,16670.10,PASS
16,random_fullrange_12,3,000322e18d11b515,0003220011000000,0003220011000000,16920.30,PASS
16,random_fullrange_12,4,000411f37122c8fd,0004110022000000,0004110022000000,17355.50,PASS
16,random_fullrange_12,5,000522108f111312,0005220011000000,0005220011000000,16223.60,PASS
16,random_fullrange_12,6,000611a1ee22f5a6,0006110022000000,0006110022000000,16770.00,PASS
16,random_fullrange_12,7,000722907111afd7,0007220011000000,0007220011000000,16962.70,PASS
16,random_fullrange_12,8,000811076c22a94e,0008110022000000,0008110022000000,16889.30,PASS
16,random_fullrange_12,9,0009222e32111b60,0009220011000000,0009220011000000,16877.80,PASS
16,random_fullrange_12,10,000a11e21e22f9b0,000a110022000000,000a110022000000,16329.00,PASS
16,random_fullrange_12,11,000b226c571133d7,000b220011000000,000b220011000000,17044.60,PASS
16,random_fullrange_12,12,000c115e38226ac1,000c110022000000,000c110022000000,16791.50,PASS
16,random_fullrange_12,13,000d22f53511a6da,000d220011000000,000d220011000000,16618.60,PASS
16,random_fullrange_12,14,000e11f70e22d25a,000e110022000000,000e110022000000,16943.40,PASS
16,random_fullrange_12,15,000f225ba311537b,000f220011000000,000f220011000000,17059.50,PASS
16,random_fullrange_12,16,00101100a9226aac,0010110022000000,0010110022000000,16796.60,PASS
16,random_fullrange_12,17,0011222ab011acdc,0011220011020000,0011220011020000,16927.50,PASS
16,random_fullrange_12,18,0012111bcd2286af,0012110122000000,0012110122000000,16838.90,PASS
16,random_fullrange_12,19,00132241e011e505,0013220011020000,0013220011020000,16980.00,PASS
16,random_fullrange_12,20,001411107622b34d,0014110122020000,0014110122020000,16996.70,PASS
16,random_fullrange_12,21,001522c12d11a1ca,0015220211020000,0015220211020000,17322.00,PASS
16,random_fullrange_12,22,001611ef8222dee4,0016110222020000,0016110222020000,16146.20,PASS
16,random_fullrange_12,23,0017228c021122cf,0017220111010000,0017220111010000,17051.50,PASS
16,random_fullrange_12,24,0018114b6e222bcc,0018110122010000,0018110122010000,16488.10,PASS
16,random_fullrange_12,25,0019220476111f28,0019220111010000,0019220111010000,16785.00,PASS
16,random_fullrange_12,26,001a117ad022a8c6,001a110222020000,001a110222020000,17027.70,PASS
16,random_fullrange_12,27,001b22429311fdd8,001b220111020000,001b220111020000,16809.70,PASS
16,random_fullrange_12,28,001c118855229019,001c110222020000,001c110222020000,16699.50,PASS
16,random_fullrange_12,29,001d2203181108fe,001d220111010000,001d220111010000,16793.20,PASS
16,random_fullrange_12,30,001e11557e2206fd,001e110122010000,001e110122010000,16730.20,PASS
16,random_fullrange_12,31,001f22ea4d1155c8,001f220211010000,001f220211010000,17054.20,PASS
16,random_fullrange_12,32,002011bf3a227452,0020110222020000,0020110222020000,16868.50,PASS
16,random_fullrange_12,33,0021228c50116624,0021220211010000,0021220211010000,16729.70,PASS
16,random_fullrange_12,34,0022112e3622cd0e,0022110122020000,0022110122020000,16898.60,PASS
16,random_fullrange_12,35,0023220214115835,0023220111010000,0023220111010000,16769.30,PASS
16,random_fullrange_12,36,0024114e2d22b0d5,0024110122020000,0024110122020000,17247.50,PASS
16,random_fullrange_12,37,002522e8af11db9d,0025220211020000,0025220211020000,16302.70,PASS
16,random_fullrange_12,38,002611748a22a09c,0026110222020000,0026110222020000,16884.90,PASS
16,random_fullrange_12,39,002722808c11380e,0027220211010000,0027220211010000,16880.50,PASS
16,random_fullrange_12,40,0028116a2022f7ef,0028110122020000,0028110122020000,16785.80,PASS
16,random_fullrange_12,41,00292261f411ed57,0029220111020000,0029220111020000,16870.20,PASS
16,random_fullrange_12,42,002a11794f228ca5,002a110222020000,002a110222020000,16720.60,PASS
16,random_fullrange_12,43,002b22ce9c11be27,002b220211020000,002b220211020000,17480.30,PASS
16,random_fullrange_12,44,002c11683b229bbc,002c110122020000,002c110122020000,16383.50,PASS
16,random_fullrange_12,45,002d228fa1111d6e,002d220111010000,002d220111010000,16704.90,PASS
16,random_fullrange_12,46,002e1117e522cd7a,002e110122020000,002e110122020000,16537.40,PASS
16,random_fullrange_12,47,002f222025116851,002f220111010000,002f220111010000,16876.20,PASS
16,random_fullrange_12,48,003011804a227ed5,0030110222010000,0030110222010000,16979.30,PASS
16,random_fullrange_12,49,0031221a1c11dca0,0031220111020000,0031220111020000,16576.30,PASS
16,random_fullrange_12,50,003211c36f2217ad,0032110222010000,0032110222010000,17050.10,PASS
16,random_fullrange_12,51,0033227c59118998,0033220111020000,0033220111020000,16793.10,PASS
16,random_fullrange_12,52,00341170f822ddc3,0034110122020000,0034110122020000,16944.10,PASS
16,random_fullrange_12,53,0035226c7111f8a0,0035220111020000,0035220111020000,16808.30,PASS
16,random_fullrange_12,54,00361149952264f2,0036110122010000,0036110122010000,16878.00,PASS
16,random_fullrange_12,55,00372272fa111b0a,0037220111010000,0037220111010000,16855.40,PASS
16,random_fullrange_12,56,0038118e6222c3e9,0038110222020000,0038110222020000,16923.40,PASS
16,random_fullrange_12,57,003922c73c11dc1b,0039220211020000,0039220211020000,17441.80,PASS
16,random_fullrange_12,58,003a119b1022ae5b,003a110222020000,003a110222020000,16214.60,PASS
16,random_fullrange_12,59,003b22f417118c3a,003b220211020000,003b220211020000,16548.80,PASS
16,random_fullrange_12,60,003c11da322282e3,003c110222010000,003c110222010000,17037.40,PASS
16,random_fullrange_12,61,003d22d7a9114dd5,003d220211010000,003d220211010000,16884.60,PASS
16,random_fullrange_12,62,003e11ef57221ac8,003e110222010000,003e110222010000,16606.30,PASS
16,random_fullrange_12,63,003f22916b11b30d,003f220211020000,003f220211020000,16929.30,PASS
16,random_fullrange_12,64,004011f2e522a63d,0040110222020000,0040110222020000,16676.10,PASS
16,random_fullrange_12,65,00412265c31151b5,0041220111010000,0041220111010000,16811.00,PASS
16,random_fullrange_12,66,004211c58c22a827,0042110222020000,0042110222020000,16885.20,PASS
16,random_fullrange_12,67,0043220d8e1185ff,0043220111010000,0043220111010000,16667.00,PASS
16,random_fullrange_12,68,0044116c0c22960b,0044110122020000,0044110122020000,17098.20,PASS
16,random_fullrange_12,69,0045221a4e11c76a,0045220111020000,0045220111020000,16655.90,PASS
16,random_fullrange_12,70,004611ad38223ae9,0046110222010000,0046110222010000,16897.80,PASS
16,random_fullrange_12,71,0047225c9111a1ea,0047220111010000,0047220111010000,16814.30,PASS
16,random_fullrange_12,72,004811937522123d,0048110122010000,0048110122010000,16821.60,PASS
16,random_fullrange_12,73,004922d385115baf,0049220211010000,0049220211010000,16877.80,PASS
16,random_fullrange_12,74,004a118f1b22005d,004a110122010000,004a110122010000,16726.50,PASS
16,random_fullrange_12,75,004b22a251119fce,004b220211020000,004b220211020000,16847.90,PASS
16,random_fullrange_12,76,004c116bee224d61,004c110122010000,004c110122010000,16833.30,PASS
16,random_fullrange_12,77,004d22266a11603a,004d220111010000,004d220111010000,16788.00,PASS
16,random_fullrange_12,78,004e11e2162255cb,004e110222010000,004e110222010000,16896.90,PASS
16,random_fullrange_12,79,004f2279f9118cf3,004f220211010000,004f220211010000,16860.40,PASS
16,random_fullrange_12,80,005011669522e3ff,0050110122020000,0050110122020000,16847.20,PASS
16,random_fullrange_12,81,005122a87211211e,0051220211010000,0051220211010000,16584.10,PASS
16,random_fullrange_12,82,00521154e022b948,0052110122020000,0052110122020000,16820.50,PASS
16,random_fullrange_12,83,005322337211332c,0053220111010000,0053220111010000,16781.40,PASS
16,random_fullrange_12,84,0054119a802202b9,0054110222010000,0054110222010000,17087.40,PASS
16,random_fullrange_12,85,005522089911edfc,0055220111020000,0055220111020000,16858.40,PASS
16,random_fullrange_12,86,005611557622725f,0056110122020000,0056110122020000,16730.40,PASS
16,random_fullrange_12,87,0057228e3311d8f4,0057220211020000,0057220211020000,16883.90,PASS
16,random_fullrange_12,88,005811ca6922bf8b,0058110222020000,0058110222020000,16774.70,PASS
16,random_fullrange_12,89,005922d762117abd,0059220211010000,0059220211010000,17079.00,PASS
16,random_fullrange_12,90,005a11838122e58c,005a110122020000,005a110122020000,17153.00,PASS
16,random_fullrange_12,91,005b22a8f5115b3f,005b220211010000,005b220211010000,16365.70,PASS
16,random_fullrange_12,92,005c1129f0224e81,005c110122010000,005c110122010000,16903.70,PASS
16,random_fullrange_12,93,005d2241b111c9f4,005d220111020000,005d220111020000,16761.20,PASS
16,random_fullrange_12,94,005e1157bf22f157,005e110122020000,005e110122020000,16724.20,PASS
16,random_fullrange_12,95,005f22f0b61139c7,005f220211010000,005f220211010000,17117.90,PASS
16,random_fullrange_12,96,006011dd85227817,0060110222010000,0060110222010000,16537.30,PASS
16,random_fullrange_12,97,006122608511fbac,0061220111020000,0061220111020000,16755.40,PASS
16,random_fullrange_12,98,0062114e7d22940a,0062110122020000,0062110122020000,16892.00,PASS
16,random_fullrange_12,99,006322aaa711f910,0063220211020000,0063220211020000,16915.00,PASS
17,random_fullrange_13,0,0000224a1f111e14,0000220011000000,0000220011000000,7929.40,PASS
17,random_fullrange_13,1,000111b9c322d8d3,0001110022000000,0001110022000000,16913.90,PASS
17,random_fullrange_13,2,00022228c011b5cc,0002220011000000,0002220011000000,16761.10,PASS
17,random_fullrange_13,3,00031157f6220f42,0003110022000000,0003110022000000,17159.70,PASS
17,random_fullrange_13,4,000422a0dd112170,0004220011000000,0004220011000000,16349.50,PASS
17,random_fullrange_13,5,0005113c23226940,0005110022000000,0005110022000000,16873.70,PASS
17,random_fullrange_13,6,0006224e6411c760,0006220011000000,0006220011000000,16963.00,PASS
17,random_fullrange_13,7,000711e0c6229090,0007110022000000,0007110022000000,17098.70,PASS
17,random_fullrange_13,8,000822472d115071,0008220011000000,0008220011000000,16542.00,PASS
17,random_fullrange_13,9,000911051622bc0b,0009110022000000,0009110022000000,16634.60,PASS
17,random_fullrange_13,10,000a2242c01196c4,000a220011000000,000a220011000000,16825.00,PASS
17,random_fullrange_13,11,000b113cc0228bfa,000b110022000000,000b110022000000,16878.10,PASS
17,random_fullrange_13,12,000c2295ef11d3fb,000c220011000000,000c220011000000,16964.00,PASS
17,random_fullrange_13,13,000d11b201223d72,000d110022000000,000d110022000000,16714.60,PASS
17,random_fullrange_13,14,000e22973b11a642,000e220011000000,000e220011000000,16839.20,PASS
17,random_fullrange_13,15,000f11177d22a217,000f110022000000,000f110022000000,16894.90,PASS
17,random_fullrange_13,16,0010221a6311f787,0010220111020000,0010220111020000,16915.60,PASS
17,random_fullrange_13,17,001111ab91229529,0011110222020000,0011110222020000,16699.30,PASS
17,random_fullrange_13,18,001222824611dbee,0012220211020000,0012220211020000,17065.60,PASS
17,random_fullrange_13,19,001311ce4722d861,0013110222020000,0013110222020000,17045.70,PASS
17,random_fullrange_13,20,0014225841110005,0014220111010000,0014220111010000,16789.60,PASS
17,random_fullrange_13,21,001511735b22f246,0015110122020000,0015110122020000,16871.00,PASS
17,random_fullrange_13,22,001622b402118ee0,0016220211020000,0016220211020000,16824.00,PASS
17,random_fullrange_13,23,00171187c2225bef,0017110222010000,0017110222010000,16615.90,PASS
17,random_fullrange_13,24,0018229ce211e2aa,0018220211020000,0018220211020000,16829.70,PASS
17,random_fullrange_13,25,001911020d22f395,0019110122020000,0019110122020000,17208.80,PASS
17,random_fullrange_13,26,001a22e6be11efcc,001a220211020000,001a220211020000,16622.10,PASS
17,random_fullrange_13,27,001b115fd922dd07,001b110122020000,001b110122020000,16938.80,PASS
17,random_fullrange_13,28,001c22fb7411ffa7,001c220211020000,001c220211020000,16937.10,PASS
17,random_fullrange_13,29,001d11d6652275af,001d110222010000,001d110222010000,17086.60,PASS
17,random_fullrange_13,30,001e224e6b1196e4,001e220111010000,001e220111010000,16234.60,PASS
17,random_fullrange_13,31,001f11a9bc2280ce,001f110222010000,001f110222010000,17269.10,PASS
17,random_fullrange_13,32,002022f4771100e3,0020220211010000,0020220211010000,16929.30,PASS
17,random_fullrange_13,33,00211139032239af,0021110122010000,0021110122010000,16452.50,PASS
17,random_fullrange_13,34,002222171d11dc7a,0022220111020000,0022220111020000,16522.90,PASS
17,random_fullrange_13,35,002311b82e22341d,0023110222010000,0023110222010000,16866.50,PASS
17,random_fullrange_13,36,002422f0d51119f3,0024220211010000,0024220211010000,16995.50,PASS
17,random_fullrange_13,37,00251193f7224f96,0025110222010000,0025110222010000,16565.90,PASS
17,random_fullrange_13,38,002622fad8113eb4,0026220211010000,0026220211010000,17025.00,PASS
17,random_fullrange_13,39,0027119a8322067b,0027110222010000,0027110222010000,16649.80,PASS
17,random_fullrange_13,40,00282247d111d805,0028220111020000,0028220111020000,16875.00,PASS
17,random_fullrange_13,41,002911b44c22b025,0029110222020000,0029110222020000,16655.10,PASS
17,random_fullrange_13,42,002a22d54511e986,002a220211020000,002a220211020000,16929.80,PASS
17,random_fullrange_13,43,002b11717f22d8b2,002b110122020000,002b110122020000,16772.80,PASS
17,random_fullrange_13,44,002c221b5b11c679,002c220111020000,002c220111020000,16822.20,PASS
17,random_fullrange_13,45,002d11519922fa36,002d110122020000,002d110122020000,16708.10,PASS
17,random_fullrange_13,46,002e220200115afe,002e220111010000,002e220111010000,17071.40,PASS
17,random_fullrange_13,47,002f118982228da7,002f110222020000,002f110222020000,16761.30,PASS
17,random_fullrange_13,48,003022a2d411686c,0030220211010000,0030220211010000,16981.20,PASS
17,random_fullrange_13,49,00311163002251f1,0031110122010000,0031110122010000,16650.40,PASS
17,random_fullrange_13,50,00322230f5110620,0032220111010000,0032220111010000,17134.20,PASS
17,random_fullrange_13,51,003311997422af7a,0033110222020000,0033110222020000,17135.90,PASS
17,random_fullrange_13,52,0034226ccb113525,0034220111010000,0034220111010000,17052.70,PASS
17,random_fullrange_13,53,0035110f69222787,0035110122010000,0035110122010000,16206.40,PASS
17,random_fullrange_13,54,0036224fc911944a,0036220111020000,0036220111020000,17245.40,PASS
17,random_fullrange_13,55,0037112720227963,0037110122020000,0037110122020000,16529.40,PASS
17,random_fullrange_13,56,0038223823110426,0038220111010000,0038220111010000,16681.00,PASS
17,random_fullrange_13,57,003911eacc22b51d,0039110222020000,0039110222020000,17071.50,PASS
17,random_fullrange_13,58,003a229110111354,003a220211010000,003a220211010000,16458.50,PASS
17,random_fullrange_13,59,003b11d02522cf54,003b110222020000,003b110222020000,17030.70,PASS
17,random_fullrange_13,60,003c22a0341173bd,003c220211020000,003c220211020000,16752.60,PASS
17,random_fullrange_13,61,003d11bd96222bb4,003d110222010000,003d110222010000,17423.40,PASS
17,random_fullrange_13,62,003e22eb7b115040,003e220211010000,003e220211010000,16232.20,PASS
17,random_fullrange_13,63,003f11395722b50c,003f110122020000,003f110122020000,16985.30,PASS
17,random_fullrange_13,64,0040222aeb117ba3,0040220111020000,0040220111020000,16649.30,PASS
17,random_fullrange_13,65,004111080422f274,0041110122020000,0041110122020000,16924.00,PASS
17,random_fullrange_13,66,004222c28011bdc5,0042220211020000,0042220211020000,16949.90,PASS
17,random_fullrange_13,67,004311616b22eae1,0043110122020000,0043110122020000,16733.90,PASS
17,random_fullrange_13,68,0044224a4c11dda3,0044220111020000,0044220111020000,16742.50,PASS
17,random_fullrange_13,69,0045113a3d221952,0045110122010000,0045110122010000,16738.00,PASS
17,random_fullrange_13,70,004622ea311148e5,0046220211010000,0046220211010000,16789.00,PASS
17,random_fullrange_13,71,004711655e228fc5,0047110122010000,0047110122010000,16902.90,PASS
17,random_fullrange_13,72,00482239ec11b940,0048220111020000,0048220111020000,17044.30,PASS
17,random_fullrange_13,73,004911ad85221aa8,0049110222010000,0049110222010000,16796.60,PASS
17,random_fullrange_13,74,004a223b5a11df36,004a220111020000,004a220111020000,16733.80,PASS
17,random_fullrange_13,75,004b110ab6227819,004b110122010000,004b110122010000,17021.30,PASS
17,random_fullrange_13,76,004c22adf8112911,004c220211010000,004c220211010000,16998.80,PASS
17,random_fullrange_13,77,004d11acb122e3dc,004d110222020000,004d110222020000,16685.90,PASS
17,random_fullrange_13,78,004e22be8d113d7d,004e220211010000,004e220211010000,16695.30,PASS
17,random_fullrange_13,79,004f11740f2215c8,004f110122010000,004f110122010000,16862.90,PASS
17,random_fullrange_13,80,005022d20f119ed9,0050220211020000,0050220211020000,17433.00,PASS
17,random_fullrange_13,81,0051113aea220e6d,0051110122010000,0051110122010000,16298.70,PASS
17,random_fullrange_13,82,00522280e211c58e,0052220211020000,0052220211020000,17022.20,PASS
17,random_fullrange_13,83,005311229c222d9b,0053110122010000,0053110122010000,16520.80,PASS
17,random_fullrange_13,84,005422103e11398a,0054220111010000,0054220111010000,17025.00,PASS
17,random_fullrange_13,85,0055116682227b35,0055110122020000,0055110122020000,16481.60,PASS
17,random_fullrange_13,86,00562298e91182df,0056220211020000,0056220211020000,17577.80,PASS
17,random_fullrange_13,87,0057117be8225e9e,0057110222010000,0057110222010000,16271.90,PASS
17,random_fullrange_13,88,005822ffc211071f,0058220211010000,0058220211010000,16830.00,PASS
17,random_fullrange_13,89,00591140ba228088,0059110122020000,0059110122020000,16749.50,PASS
17,random_fullrange_13,90,005a22d82011e89c,005a220211020000,005a220211020000,16856.30,PASS
17,random_fullrange_13,91,005b110d4d22e7d2,005b110122020000,005b110122020000,16907.40,PASS
17,random_fullrange_13,92,005c22759c11ad22,005c220111020000,005c220111020000,16545.20,PASS
17,random_fullrange_13,93,005d1159e322493f,005d110122010000,005d110122010000,17497.10,PASS
17,random_fullrange_13,94,005e228a321167a3,005e220211010000,005e220211010000,16057.30,PASS
17,random_fullrange_13,95,005f11e61722f3f0,005f110222020000,005f110222020000,16728.90,PASS
17,random_fullrange_13,96,00602258661159c9,0060220111010000,0060220111010000,16981.60,PASS
17,random_fullrange_13,97,0061114f2c223933,0061110122010000,0061110122010000,16862.20,PASS
17,random_fullrange_13,98,00622276221139b5,0062220111010000,0062220111010000,16765.80,PASS
17,random_fullrange_13,99,0063113c8622d64f,0063110122020000,0063110122020000,16808.30,PASS
18,random_fullrange_14,0,00001189a022e631,0000110022000000,0000110022000000,3520.40,PASS
18,random_fullrange_14,1,0001225588115088,0001220011000000,0001220011000000,17182.10,PASS
18,random_fullrange_14,2,0002116c3f22210a,0002110022000000,0002110022000000,16407.90,PASS
18,random_fullrange_14,3,000322b8e511434c,0003220011000000,0003220011000000,17327.10,PASS
18,random_fullrange_14,4,000411437a22fc7c,0004110022000000,0004110022000000,16156.30,PASS
18,random_fullrange_14,5,000522a28611adbb,0005220011000000,0005220011000000,17025.50,PASS
18,random_fullrange_14,6,000611154722d2a6,0006110022000000,0006110022000000,16665.80,PASS
18,random_fullrange_14,7,00072297d211cfb4,0007220011000000,0007220011000000,16944.60,PASS
18,random_fullrange_14,8,000811a4e1229599,0008110022000000,0008110022000000,16805.30,PASS
18,random_fullrange_14,9,000922f1e911744b,0009220011000000,0009220011000000,16807.40,PASS
18,random_fullrange_14,10,000a1196be22005c,000a110022000000,000a110022000000,16719.30,PASS
18,random_fullrange_14,11,000b227234117ed6,000b220011000000,000b220011000000,17055.50,PASS
18,random_fullrange_14,12,000c11bbe422965f,000c110022000000,000c110022000000,16737.90,PASS
18,random_fullrange_14,13,000d228519116c22,000d220011000000,000d220011000000,17011.70,PASS
18,random_fullrange_14,14,000e1155f0220071,000e110022000000,000e110022000000,16955.70,PASS
18,random_fullrange_14,15,000f22defc11f0b1,000f220011000000,000f220011000000,16622.60,PASS
18,random_fullrange_14,16,0010117317222363,0010110122010000,0010110122010000,17021.70,PASS
18,random_fullrange_14,17,0011221e9b1167eb,0011220111010000,0011220111010000,17413.90,PASS
18,random_fullrange_14,18,001211ee34226ee2,0012110222010000,0012110222010000,16964.30,PASS
18,random_fullrange_14,19,00132262051178ad,0013220111010000,0013220111010000,16788.80,PASS
18,random_fullrange_14,20,001411bff02245ac,0014110222010000,0014110222010000,15993.50,PASS
18,random_fullrange_14,21,0015227a40117928,0015220211010000,0015220211010000,17086.90,PASS
18,random_fullrange_14,22,00161141f922be91,0016110122020000,0016110122020000,16711.60,PASS
18,random_fullrange_14,23,001722289c11e974,0017220111020000,0017220111020000,16842.80,PASS
18,random_fullrange_14,24,001811ceef22909e,0018110222020000,0018110222020000,16894.20,PASS
18,random_fullrange_14,25,0019223f6b111ac8,0019220111010000,0019220111010000,16969.90,PASS
18,random_fullrange_14,26,001a11f3e822a181,001a110222020000,001a110222020000,16562.30,PASS
18,random_fullrange_14,27,001b229fd011f3c3,001b220211020000,001b220211020000,16951.50,PASS
18,random_fullrange_14,28,001c11ffd9223743,001c110222010000,001c110222010000,16803.70,PASS
18,random_fullrange_14,29,001d22639911f12a,001d220111020000,001d220111020000,16869.60,PASS
18,random_fullrange_14,30,001e11bc832243d1,001e110222010000,001e110222010000,16803.60,PASS
18,random_fullrange_14,31,001f226a86115cc3,001f220211010000,001f220211010000,16905.00,PASS
18,random_fullrange_14,32,00201112cb22c08b,0020110122020000,0020110122020000,17197.10,PASS
18,random_fullrange_14,33,002122b76f11bb29,0021220211020000,0021220211020000,16638.50,PASS
18,random_fullrange_14,34,00221189e122bb4b,0022110122020000,0022110122020000,16510.80,PASS
18,random_fullrange_14,35,00232220c011c082,0023220111020000,0023220111020000,17348.00,PASS
18,random_fullrange_14,36,002411164d222c36,0024110122010000,0024110122010000,16234.10,PASS
18,random_fullrange_14,37,0025223ace11cbac,0025220111020000,0025220111020000,16674.00,PASS
18,random_fullrange_14,38,002611455322b169,0026110122020000,0026110122020000,16728.50,PASS
18,random_fullrange_14,39,002722c376113653,0027220211010000,0027220211010000,16907.80,PASS
18,random_fullrange_14,40,002811989b227796,0028110222020000,0028110222020000,17066.20,PASS
18,random_fullrange_14,41,00292281c21164ac,0029220211010000,0029220211010000,16657.00,PASS
18,random_fullrange_14,42,002a116ea122eeeb,002a110122020000,002a110122020000,17665.20,PASS
18,random_fullrange_14,43,002b2221ee114726,002b220111010000,002b220111010000,16250.00,PASS
18,random_fullrange_14,44,002c111bd7223f30,002c110122010000,002c110122010000,17037.30,PASS
18,random_fullrange_14,45,002d220a9011b1ff,002d220111020000,002d220111020000,17360.00,PASS
18,random_fullrange_14,46,002e11d421229f7e,002e110222020000,002e110222020000,16235.10,PASS
18,random_fullrange_14,47,002f226575119d48,002f220111020000,002f220111020000,16761.00,PASS
18,random_fullrange_14,48,00301194e2228dd3,0030110222020000,0030110222020000,16584.50,PASS
18,random_fullrange_14,49,0031222dc5114a64,0031220111010000,0031220111010000,16945.30,PASS
18,random_fullrange_14,50,0032112e8e22c8ef,0032110122020000,0032110122020000,17020.10,PASS
18,random_fullrange_14,51,003322204c119826,0033220111020000,0033220111020000,16633.80,PASS
18,random_fullrange_14,52,0034113e8122494b,0034110122010000,0034110122010000,16927.50,PASS
18,random_fullrange_14,53,003522a5ed11404c,0035220211010000,0035220211010000,16866.50,PASS
18,random_fullrange_14,54,003611ac8422b04f,0036110222020000,0036110222020000,17273.20,PASS
18,random_fullrange_14,55,003722735211720e,0037220211010000,0037220211010000,16304.50,PASS
18,random_fullrange_14,56,0038113e5222f5f0,0038110122020000,0038110122020000,16843.80,PASS
18,random_fullrange_14,57,003922d19c11a72f,0039220211020000,0039220211020000,16863.80,PASS
18,random_fullrange_14,58,003a11cccf221796,003a110222010000,003a110222010000,16740.20,PASS
18,random_fullrange_14,59,003b227f9511e925,003b220211020000,003b220211020000,17807.30,PASS
18,random_fullrange_14,60,003c11985022a7e9,003c110222020000,003c110222020000,16360.70,PASS
18,random_fullrange_14,61,003d225ef311b90c,003d220111020000,003d220111020000,16179.30,PASS
18,random_fullrange_14,62,003e11721322b8ff,003e110122020000,003e110122020000,16734.10,PASS
18,random_fullrange_14,63,003f2288d3117546,003f220211010000,003f220211010000,16848.70,PASS
18,random_fullrange_14,64,0040118c7022d51f,0040110222020000,0040110222020000,17019.10,PASS
18,random_fullrange_14,65,004122de2911671c,0041220211010000,0041220211010000,16783.20,PASS
18,random_fullrange_14,66,0042114b6522dcac,0042110122020000,0042110122020000,17519.40,PASS
18,random_fullrange_14,67,004322d12711843a,0043220211020000,0043220211020000,16195.20,PASS
18,random_fullrange_14,68,004411aa2222f1b1,0044110222020000,0044110222020000,17277.80,PASS
18,random_fullrange_14,69,00452284b31188ac,0045220111010000,0045220111010000,16482.60,PASS
18,random_fullrange_14,70,00461160052222bf,0046110122010000,0046110122010000,16631.40,PASS
18,random_fullrange_14,71,0047222b641180de,0047220111010000,0047220111010000,16842.50,PASS
18,random_fullrange_14,72,0048117a8e22d1fe,0048110122020000,0048110122020000,16842.30,PASS
18,random_fullrange_14,73,004922861011e0dd,0049220111020000,0049220111020000,16559.90,PASS
18,random_fullrange_14,74,004a116d552299f7,004a110122010000,004a110122010000,16758.10,PASS
18,random_fullrange_14,75,004b22f73d116fac,004b220211010000,004b220211010000,16795.60,PASS
18,random_fullrange_14,76,004c11c54822cd8c,004c110222020000,004c110222020000,16988.20,PASS
18,random_fullrange_14,77,004d22db271106a0,004d220211010000,004d220211010000,16840.70,PASS
18,random_fullrange_14,78,004e1192e8226133,004e110222010000,004e110222010000,16931.20,PASS
18,random_fullrange_14,79,004f222de4111b92,004f220111010000,004f220111010000,16772.00,PASS
18,random_fullrange_14,80,005011584522444d,0050110122010000,0050110122010000,16780.50,PASS
18,random_fullrange_14,81,00512272491180c0,0051220111020000,0051220111020000,16998.30,PASS
18,random_fullrange_14,82,0052114930225e24,0052110122010000,0052110122010000,16993.00,PASS
18,random_fullrange_14,83,005322d1b9117cf7,0053220211020000,0053220211020000,16839.30,PASS
18,random_fullrange_14,84,0054111b8c22c58b,0054110122020000,0054110122020000,16774.20,PASS
18,random_fullrange_14,85,005522468011415e,0055220111010000,0055220111010000,16725.00,PASS
18,random_fullrange_14,86,005611aa412273cd,0056110222010000,0056110222010000,16829.30,PASS
18,random_fullrange_14,87,005722ff7c1180f9,0057220211020000,0057220211020000,17032.50,PASS
18,random_fullrange_14,88,00581189ff225152,0058110222010000,0058110222010000,16704.80,PASS
18,random_fullrange_14,89,005922998c118893,0059220211020000,0059220211020000,16746.60,PASS
18,random_fullrange_14,90,005a118083223fa2,005a110222010000,005a110222010000,16815.70,PASS
18,random_fullrange_14,91,005b22e21e119461,005b220211020000,005b220211020000,16763.80,PASS
18,random_fullrange_14,92,005c118e15221b0e,005c110222010000,005c110222010000,16813.70,PASS
18,random_fullrange_14,93,005d228ccf118ec0,005d220211020000,005d220211020000,16806.60,PASS
18,random_fullrange_14,94,005e118a20225f54,005e110222010000,005e110222010000,16922.70,PASS
18,random_fullrange_14,95,005f22ada8110e4e,005f220211010000,005f220211010000,16726.10,PASS
18,random_fullrange_14,96,00601192d12213a2,0060110222010000,0060110222010000,17168.10,PASS
18,random_fullrange_14,97,0061221476116f64,0061220111010000,0061220111010000,16809.10,PASS
18,random_fullrange_14,98,00621179f9223fda,0062110222010000,0062110222010000,16875.70,PASS
18,random_fullrange_14,99,0063220d481123c9,0063220111010000,0063220111010000,16733.50,PASS
19,random_fullrange_15,0,000022111e11c9ad,0000220011000000,0000220011000000,8563.60,PASS
19,random_fullrange_15,1,000111951722ada6,0001110022000000,0001110022000000,16946.70,PASS
19,random_fullrange_15,2,0002227cd01132e8,0002220011000000,0002220011000000,16754.20,PASS
19,random_fullrange_15,3,0003116af72237dc,0003110022000000,0003110022000000,16980.30,PASS
19,random_fullrange_15,4,000422ceef117991,0004220011000000,0004220011000000,17177.10,PASS
19,random_fullrange_15,5,000511d9c122a08f,0005110022000000,0005110022000000,16615.00,PASS
19,random_fullrange_15,6,000622f7cc1105c4,0006220011000000,0006220011000000,16724.10,PASS
19,random_fullrange_15,7,0007111fc1225ad1,0007110022000000,0007110022000000,17356.00,PASS
19,random_fullrange_15,8,000822773b110e14,0008220011000000,0008220011000000,16538.00,PASS
19,random_fullrange_15,9,000911c90d220e61,0009110022000000,0009110022000000,16615.20,PASS
19,random_fullrange_15,10,000a221709110ce5,000a220011000000,000a220011000000,16756.50,PASS
19,random_fullrange_15,11,000b119a8e226fcf,000b110022000000,000b110022000000,16713.10,PASS
19,random_fullrange_15,12,000c22c04a1159e4,000c220011000000,000c220011000000,17549.70,PASS
19,random_fullrange_15,13,000d11f2c822b9ba,000d110022000000,000d110022000000,16068.00,PASS
19,random_fullrange_15,14,000e227bfd11e768,000e220011000000,000e220011000000,17081.20,PASS
19,random_fullrange_15,15,000f115f64223721,000f110022000000,000f110022000000,16537.20,PASS
19,random_fullrange_15,16,0010220d41111167,0010220011000000,0010220011000000,16857.00,PASS
19,random_fullrange_15,17,0011111fe5221b71,0011110022000000,0011110022000000,17236.20,PASS
19,random_fullrange_15,18,0012222e1a11120d,0012220011000000,0012220011000000,16499.00,PASS
19,random_fullrange_15,19,00131177ff227ee3,0013110222020000,0013110222020000,16838.90,PASS
19,random_fullrange_15,20,0014222e1611948b,0014220111020000,0014220111020000,16690.20,PASS
19,random_fullrange_15,21,001511bc23221ca9,0015110222010000,0015110222010000,16746.10,PASS
19,random_fullrange_15,22,001622accd11934d,0016220211020000,0016220211020000,16943.60,PASS
19,random_fullrange_15,23,001711b1312293bd,0017110222020000,0017110222020000,16757.90,PASS
19,random_fullrange_15,24,001822946011f546,0018220211020000,0018220211020000,16987.80,PASS
19,random_fullrange_15,25,0019116dce224361,0019110122010000,0019110122010000,16861.20,PASS
19,random_fullrange_15,26,001a22ab1b118af5,001a220211020000,001a220211020000,16692.90,PASS
19,random_fullrange_15,27,001b1164ce2297df,001b110122020000,001b110122020000,16849.10,PASS
19,random_fullrange_15,28,001c2214ce116f63,001c220111010000,001c220111010000,16784.50,PASS
19,random_fullrange_15,29,001d11cde3226f4e,001d110222020000,001d110222020000,16821.70,PASS
19,random_fullrange_15,30,001e2203a6118d6d,001e220111020000,001e220111020000,17121.30,PASS
19,random_fullrange_15,31,001f113ca022710f,001f110122020000,001f110122020000,16430.30,PASS
19,random_fullrange_15,32,002022fd02112090,0020220211010000,0020220211010000,16826.00,PASS
19,random_fullrange_15,33,002111b40322d398,0021110222020000,0021110222020000,16792.20,PASS
19,random_fullrange_15,34,0022222e21119829,0022220111020000,0022220111020000,17725.00,PASS
19,random_fullrange_15,35,00231171a9226afd,0023110122010000,0023110122010000,16062.90,PASS
19,random_fullrange_15,36,002422fcea116a82,0024220211010000,0024220211010000,16750.10,PASS
19,random_fullrange_15,37,0025110fa022dc28,0025110122020000,0025110122020000,16833.50,PASS
19,random_fullrange_15,38,00262209f711438b,0026220111010000,0026220111010000,16694.10,PASS
19,random_fullrange_15,39,0027118e42228768,0027110222020000,0027110222020000,16905.00,PASS
19,random_fullrange_15,40,0028226618114c35,0028220111010000,0028220111010000,16898.70,PASS
19,random_fullrange_15,41,002911992222a060,0029110222020000,0029110222020000,16882.70,PASS
19,random_fullrange_15,42,002a229168118072,002a220211020000,002a220211020000,16585.10,PASS
19,random_fullrange_15,43,002b1198a322a967,002b110222020000,002b110222020000,17004.40,PASS
19,random_fullrange_15,44,002c22da1f1118b5,002c220211010000,002c220211010000,16898.10,PASS
19,random_fullrange_15,45,002d117d8022bcc1,002d110222020000,002d110222020000,16708.70,PASS
19,random_fullrange_15,46,002e22803b11566b,002e220111010000,002e220111010000,17123.70,PASS
19,random_fullrange_15,47,002f111f2022ba69,002f110122020000,002f110122020000,16944.10,PASS
19,random_fullrange_15,48,003022076f113db6,0030220111010000,0030220111010000,16636.40,PASS
19,random_fullrange_15,49,003111e5db22cdab,0031110222020000,0031110222020000,16946.70,PASS
19,random_fullrange_15,50,0032226f3f111c57,0032220111010000,0032220111010000,16892.40,PASS
19,random_fullrange_15,51,003311a0d722fd52,0033110222020000,0033110222020000,16857.80,PASS
19,random_fullrange_15,52,0034229127110e8c,0034220111010000,0034220111010000,16808.80,PASS
19,random_fullrange_15,53,003511b6872219e6,0035110222010000,0035110222010000,17000.40,PASS
19,random_fullrange_15,54,003622f25a11490c,0036220211010000,0036220211010000,16871.40,PASS
19,random_fullrange_15,55,003711ddbb22af0a,0037110222020000,0037110222020000,17025.90,PASS
19,random_fullrange_15,56,003822b45411fefd,0038220211020000,0038220211020000,16747.10,PASS
19,random_fullrange_15,57,0039119e6f22169c,0039110222010000,0039110222010000,16490.30,PASS
19,random_fullrange_15,58,003a2210bf11a938,003a220111020000,003a220111020000,16852.50,PASS
19,random_fullrange_15,59,003b1140b122b7be,003b110122020000,003b110122020000,16785.10,PASS
19,random_fullrange_15,60,003c2286b711561a,003c220111010000,003c220111010000,16716.70,PASS
19,random_fullrange_15,61,003d11af4422e11f,003d110222020000,003d110222020000,16927.60,PASS
19,random_fullrange_15,62,003e22f22e114789,003e220211010000,003e220211010000,16764.10,PASS
19,random_fullrange_15,63,003f11c44d22dc29,003f110222020000,003f110222020000,17030.50,PASS
19,random_fullrange_15,64,004022142e114621,0040220111010000,0040220111010000,16751.20,PASS
19,random_fullrange_15,65,004111bfe82258e2,0041110222010000,0041110222010000,16863.10,PASS
19,random_fullrange_15,66,004222e2ea119269,0042220211020000,0042220211020000,16901.30,PASS
19,random_fullrange_15,67,0043116c1d22eee9,0043110122020000,0043110122020000,17052.50,PASS
19,random_fullrange_15,68,0044226ab911684e,0044220111010000,0044220111010000,17392.90,PASS
19,random_fullrange_15,69,004511c741224174,0045110222010000,0045110222010000,15968.20,PASS
19,random_fullrange_15,70,00462237dc11c83b,0046220111020000,0046220111020000,16940.50,PASS
19,random_fullrange_15,71,004711c12822a4cf,0047110222020000,0047110222020000,17471.70,PASS
19,random_fullrange_15,72,004822ed4211bb2a,0048220211020000,0048220211020000,16165.20,PASS
19,random_fullrange_15,73,0049116ff4222999,0049110122010000,0049110122010000,16719.90,PASS
19,random_fullrange_15,74,004a22d337116400,004a220211010000,004a220211010000,17025.00,PASS
19,random_fullrange_15,75,004b11643422837b,004b110122010000,004b110122010000,16853.70,PASS
19,random_fullrange_15,76,004c22ebe2114d49,004c220211010000,004c220211010000,16664.10,PASS
19,random_fullrange_15,77,004d11d34722c568,004d110222020000,004d110222020000,17415.40,PASS
19,random_fullrange_15,78,004e222b38114ee5,004e220111010000,004e220111010000,16219.30,PASS
19,random_fullrange_15,79,004f11c28a2219f8,004f110222010000,004f110222010000,16373.70,PASS
19,random_fullrange_15,80,005022f22111f132,0050220211020000,0050220211020000,16785.70,PASS
19,random_fullrange_15,81,005111444f2276e2,0051110122010000,0051110122010000,17001.70,PASS
19,random_fullrange_15,82,005222ba3b119948,0052220211020000,0052220211020000,16702.70,PASS
19,random_fullrange_15,83,0053112b0d22c9dd,0053110122020000,0053110122020000,17423.90,PASS
19,random_fullrange_15,84,005422d97711607c,0054220211010000,0054220211010000,16900.70,PASS
19,random_fullrange_15,85,00551117f322ee8b,0055110122020000,0055110122020000,16706.70,PASS
19,random_fullrange_15,86,005622f74f11efc5,0056220211020000,0056220211020000,16360.20,PASS
19,random_fullrange_15,87,005711984022056e,0057110222010000,0057110222010000,17411.00,PASS
19,random_fullrange_15,88,0058228f8c119f8f,0058220111020000,0058220111020000,16250.30,PASS
19,random_fullrange_15,89,005911f17322cd58,0059110222020000,0059110222020000,16758.90,PASS
19,random_fullrange_15,90,005a22733c1121ae,005a220111010000,005a220111010000,16813.70,PASS
19,random_fullrange_15,91,005b116f3b22dda1,005b110122020000,005b110122020000,17201.50,PASS
19,random_fullrange_15,92,005c22855f114f49,005c220111010000,005c220111010000,16585.90,PASS
19,random_fullrange_15,93,005d1198dc224266,005d110222010000,005d110222010000,16745.70,PASS
19,random_fullrange_15,94,005e2240c61128be,005e220111010000,005e220111010000,17132.80,PASS
19,random_fullrange_15,95,005f11bf4222c60a,005f110222020000,005f110222020000,16347.20,PASS
19,random_fullrange_15,96,0060225a85117509,0060220111010000,0060220111010000,16781.80,PASS
19,random_fullrange_15,97,006111f7d2229034,0061110222010000,0061110222010000,16842.80,PASS
19,random_fullrange_15,98,0062226796111cd0,0062220111010000,0062220111010000,16702.70,PASS
19,random_fullrange_15,99,006311e33c2299a6,0063110222020000,0063110222020000,16963.90,PASS
