session,name,index,request_hex,expected_hex,actual_hex,latency_us,status
0,constant_max_zero,0,000011ffff220000,0000110022000000,0000110022000000,6251.70,PASS
0,constant_max_zero,1,000122000011ffff,0001220011000000,0001220011000000,17023.40,PASS
0,constant_max_zero,2,000211ffff220000,0002110022000000,0002110022000000,16721.10,PASS
0,constant_max_zero,3,000322000011ffff,0003220011000000,0003220011000000,16890.20,PASS
0,constant_max_zero,4,000411ffff220000,0004110022000000,0004110022000000,16875.80,PASS
0,constant_max_zero,5,000522000011ffff,0005220011000000,0005220011000000,16893.60,PASS
0,constant_max_zero,6,000611ffff220000,0006110022000000,0006110022000000,16901.20,PASS
0,constant_max_zero,7,000722000011ffff,0007220011000000,0007220011000000,16804.10,PASS
0,constant_max_zero,8,000811ffff220000,0008110022000000,0008110022000000,14085.50,PASS
0,constant_max_zero,9,000922000011ffff,0009220011000000,0009220011000000,16143.40,PASS
0,constant_max_zero,10,000a11ffff220000,000a110022000000,000a110022000000,16739.20,PASS
0,constant_max_zero,11,000b22000011ffff,000b220011000000,000b220011000000,17006.90,PASS
0,constant_max_zero,12,000c11ffff220000,000c110022000000,000c110022000000,17385.80,PASS
0,constant_max_zero,13,000d22000011ffff,000d220011000000,000d220011000000,16246.00,PASS
0,constant_max_zero,14,000e11ffff220000,000e110022000000,000e110022000000,17407.50,PASS
0,constant_max_zero,15,000f22000011ffff,000f220011000000,000f220011000000,16175.10,PASS
0,constant_max_zero,16,001011ffff220000,0010110022000000,0010110022000000,17073.00,PASS
0,constant_max_zero,17,001122000011ffff,0011220011000000,0011220011000000,17039.10,PASS
0,constant_max_zero,18,001211ffff220000,0012110022000000,0012110022000000,16590.40,PASS
0,constant_max_zero,19,001322000011ffff,0013220011000000,0013220011000000,16582.50,PASS
0,constant_max_zero,20,001411ffff220000,0014110022000000,0014110022000000,17196.10,PASS
0,constant_max_zero,21,001522000011ffff,0015220011000000,0015220011000000,16380.20,PASS
0,constant_max_zero,22,001611ffff220000,0016110022000000,0016110022000000,16754.10,PASS
0,constant_max_zero,23,001722000011ffff,0017220011000000,0017220011000000,16824.40,PASS
0,constant_max_zero,24,001811ffff220000,0018110022000000,0018110022000000,16782.40,PASS
0,constant_max_zero,25,001922000011ffff,0019220011000000,0019220011000000,16978.60,PASS
0,constant_max_zero,26,001a11ffff220000,001a110022000000,001a110022000000,16820.80,PASS
0,constant_max_zero,27,001b22000011ffff,001b220011000000,001b220011000000,16858.00,PASS
0,constant_max_zero,28,001c11ffff220000,001c110022000000,001c110022000000,16959.30,PASS
0,constant_max_zero,29,001d22000011ffff,001d220011000000,001d220011000000,16643.70,PASS
0,constant_max_zero,30,001e11ffff220000,001e110022000000,001e110022000000,17031.10,PASS
0,constant_max_zero,31,001f22000011ffff,001f220011000000,001f220011000000,16893.30,PASS
0,constant_max_zero,32,002011ffff220000,0020110022000000,0020110022000000,16834.80,PASS
0,constant_max_zero,33,002122000011ffff,0021220011000000,0021220011000000,16793.60,PASS
0,constant_max_zero,34,002211ffff220000,0022110022000000,0022110022000000,16836.90,PASS
0,constant_max_zero,35,002322000011ffff,0023220011000000,0023220011000000,17007.30,PASS
0,constant_max_zero,36,002411ffff220000,0024110022000000,0024110022000000,17075.50,PASS
0,constant_max_zero,37,002522000011ffff,0025220011000000,0025220011000000,16773.10,PASS
0,constant_max_zero,38,002611ffff220000,0026110022000000,0026110022000000,17421.60,PASS
0,constant_max_zero,39,002722000011ffff,0027220011000000,0027220011000000,16149.70,PASS
0,constant_max_zero,40,002811ffff220000,0028110022000000,0028110022000000,16963.70,PASS
0,constant_max_zero,41,002922000011ffff,0029220011000000,0029220011000000,16916.90,PASS
0,constant_max_zero,42,002a11ffff220000,002a110022000000,002a110022000000,17101.60,PASS
0,constant_max_zero,43,002b22000011ffff,002b220011000000,002b220011000000,17010.20,PASS
0,constant_max_zero,44,002c11ffff220000,002c110022000000,002c110022000000,15968.60,PASS
0,constant_max_zero,45,002d22000011ffff,002d220011000000,002d220011000000,16938.50,PASS
0,constant_max_zero,46,002e11ffff220000,002e110022000000,002e110022000000,16826.80,PASS
0,constant_max_zero,47,002f22000011ffff,002f220011000000,002f220011000000,16936.50,PASS
0,constant_max_zero,48,003011ffff220000,0030110022000000,0030110022000000,16640.00,PASS
0,constant_max_zero,49,003122000011ffff,0031220011000000,0031220011000000,16634.60,PASS
0,constant_max_zero,50,003211ffff220000,0032110022000000,0032110022000000,16815.50,PASS
0,constant_max_zero,51,003322000011ffff,0033220011000000,0033220011000000,17226.10,PASS
0,constant_max_zero,52,003411ffff220000,0034110022000000,0034110022000000,17153.40,PASS
0,constant_max_zero,53,003522000011ffff,0035220011000000,0035220011000000,16172.40,PASS
0,constant_max_zero,54,003611ffff220000,0036110022000000,0036110022000000,17032.70,PASS
0,constant_max_zero,55,003722000011ffff,0037220011000000,0037220011000000,16590.40,PASS
0,constant_max_zero,56,003811ffff220000,0038110022000000,0038110022000000,16666.20,PASS
0,constant_max_zero,57,003922000011ffff,0039220011000000,0039220011000000,17338.90,PASS
0,constant_max_zero,58,003a11ffff220000,003a110022000000,003a110022000000,17108.10,PASS
0,constant_max_zero,59,003b22000011ffff,003b220011000000,003b220011000000,16526.60,PASS
0,constant_max_zero,60,003c11ffff220000,003c110022000000,003c110022000000,17115.00,PASS
0,constant_max_zero,61,003d22000011ffff,003d220011000000,003d220011000000,16075.00,PASS
0,constant_max_zero,62,003e11ffff220000,003e110022000000,003e110022000000,17548.40,PASS
0,constant_max_zero,63,003f22000011ffff,003f220011000000,003f220011000000,16830.60,PASS
0,constant_max_zero,64,004011ffff220000,0040110022000000,0040110022000000,16017.40,PASS
0,constant_max_zero,65,004122000011ffff,0041220011000000,0041220011000000,16887.30,PASS
0,constant_max_zero,66,004211ffff220000,0042110022000000,0042110022000000,16901.80,PASS
0,constant_max_zero,67,004322000011ffff,0043220011000000,0043220011000000,17379.80,PASS
0,constant_max_zero,68,004411ffff220000,0044110022000000,0044110022000000,16973.00,PASS
0,constant_max_zero,69,004522000011ffff,0045220011000000,0045220011000000,16323.10,PASS
0,constant_max_zero,70,004611ffff220000,0046110022000000,0046110022000000,16830.40,PASS
0,constant_max_zero,71,004722000011ffff,0047220011000000,0047220011000000,16955.60,PASS
0,constant_max_zero,72,004811ffff220000,0048110022000000,0048110022000000,16572.10,PASS
0,constant_max_zero,73,004922000011ffff,0049220011000000,0049220011000000,16625.10,PASS
0,constant_max_zero,74,004a11ffff220000,004a110022000000,004a110022000000,16770.40,PASS
0,constant_max_zero,75,004b22000011ffff,004b220011000000,004b220011000000,16950.50,PASS
0,constant_max_zero,76,004c11ffff220000,004c110022000000,004c110022000000,16590.90,PASS
0,constant_max_zero,77,004d22000011ffff,004d220011000000,004d220011000000,16882.50,PASS
0,constant_max_zero,78,004e11ffff220000,004e110022000000,004e110022000000,17465.60,PASS
0,constant_max_zero,79,004f22000011ffff,004f220011000000,004f220011000000,16830.10,PASS
0,constant_max_zero,80,005011ffff220000,0050110022000000,0050110022000000,16257.80,PASS
0,constant_max_zero,81,005122000011ffff,0051220011000000,0051220011000000,16671.80,PASS
0,constant_max_zero,82,005211ffff220000,0052110022000000,0052110022000000,16880.20,PASS
0,constant_max_zero,83,005322000011ffff,0053220011000000,0053220011000000,17376.50,PASS
0,constant_max_zero,84,005411ffff220000,0054110022000000,0054110022000000,16322.00,PASS
0,constant_max_zero,85,005522000011ffff,0055220011000000,0055220011000000,16849.20,PASS
0,constant_max_zero,86,005611ffff220000,0056110022000000,0056110022000000,16907.30,PASS
0,constant_max_zero,87,005722000011ffff,0057220011000000,0057220011000000,16660.10,PASS
0,constant_max_zero,88,005811ffff220000,0058110022000000,0058110022000000,17350.40,PASS
0,constant_max_zero,89,005922000011ffff,0059220011000000,0059220011000000,16344.50,PASS
0,constant_max_zero,90,005a11ffff220000,005a110022000000,005a110022000000,17122.80,PASS
0,constant_max_zero,91,005b22000011ffff,005b220011000000,005b220011000000,16580.80,PASS
0,constant_max_zero,92,005c11ffff220000,005c110022000000,005c110022000000,16538.80,PASS
0,constant_max_zero,93,005d22000011ffff,005d220011000000,005d220011000000,16872.50,PASS
0,constant_max_zero,94,005e11ffff220000,005e110022000000,005e110022000000,16763.20,PASS
0,constant_max_zero,95,005f22000011ffff,005f220011000000,005f220011000000,16833.40,PASS
0,constant_max_zero,96,006011ffff220000,0060110022000000,0060110022000000,16851.10,PASS
0,constant_max_zero,97,006122000011ffff,0061220011000000,0061220011000000,16829.80,PASS
0,constant_max_zero,98,006211ffff220000,0062110022000000,0062110022000000,16738.00,PASS
0,constant_max_zero,99,006322000011ffff,0063220011000000,0063220011000000,16969.90,PASS
1,constant_zero_max,0,000022ffff110000,0000220011000000,0000220011000000,11969.50,PASS
1,constant_zero_max,1,000111000022ffff,0001110022000000,0001110022000000,16637.60,PASS
1,constant_zero_max,2,000222ffff110000,0002220011000000,0002220011000000,17521.30,PASS
1,constant_zero_max,3,000311000022ffff,0003110022000000,0003110022000000,16227.30,PASS
1,constant_zero_max,4,000422ffff110000,0004220011000000,0004220011000000,16876.40,PASS
1,constant_zero_max,5,000511000022ffff,0005110022000000,0005110022000000,17355.60,PASS
1,constant_zero_max,6,000622ffff110000,0006220011000000,0006220011000000,16159.20,PASS
1,constant_zero_max,7,000711000022ffff,0007110022000000,0007110022000000,17043.10,PASS
1,constant_zero_max,8,000822ffff110000,0008220011000000,0008220011000000,16517.40,PASS
1,constant_zero_max,9,000911000022ffff,0009110022000000,0009110022000000,17379.10,PASS
1,constant_zero_max,10,000a22ffff110000,000a220011000000,000a220011000000,16405.70,PASS
1,constant_zero_max,11,000b11000022ffff,000b110022000000,000b110022000000,17222.10,PASS
1,constant_zero_max,12,000c22ffff110000,000c220011000000,000c220011000000,16443.40,PASS
1,constant_zero_max,13,000d11000022ffff,000d110022000000,000d110022000000,16793.80,PASS
1,constant_zero_max,14,000e22ffff110000,000e220011000000,000e220011000000,16501.50,PASS
1,constant_zero_max,15,000f11000022ffff,000f110022000000,000f110022000000,17136.00,PASS
1,constant_zero_max,16,001022ffff110000,0010220011000000,0010220011000000,16713.20,PASS
1,constant_zero_max,17,001111000022ffff,0011110022000000,0011110022000000,16636.00,PASS
1,constant_zero_max,18,001222ffff110000,0012220011000000,0012220011000000,17298.70,PASS
1,constant_zero_max,19,001311000022ffff,0013110022000000,0013110022000000,16294.70,PASS
1,constant_zero_max,20,001422ffff110000,0014220011000000,0014220011000000,16748.10,PASS
1,constant_zero_max,21,001511000022ffff,0015110022000000,0015110022000000,17042.70,PASS
1,constant_zero_max,22,001622ffff110000,0016220011000000,0016220011000000,16973.50,PASS
1,constant_zero_max,23,001711000022ffff,0017110022000000,0017110022000000,16646.10,PASS
1,constant_zero_max,24,001822ffff110000,0018220011000000,0018220011000000,16654.80,PASS
1,constant_zero_max,25,001911000022ffff,0019110022000000,0019110022000000,17075.00,PASS
1,constant_zero_max,26,001a22ffff110000,001a220011000000,001a220011000000,16780.90,PASS
1,constant_zero_max,27,001b11000022ffff,001b110022000000,001b110022000000,16842.10,PASS
1,constant_zero_max,28,001c22ffff110000,001c220011000000,001c220011000000,17031.90,PASS
1,constant_zero_max,29,001d11000022ffff,001d110022000000,001d110022000000,16836.40,PASS
1,constant_zero_max,30,001e22ffff110000,001e220011000000,001e220011000000,17438.50,PASS
1,constant_zero_max,31,001f11000022ffff,001f110022000000,001f110022000000,16289.00,PASS
1,constant_zero_max,32,002022ffff110000,0020220011000000,0020220011000000,16851.90,PASS
1,constant_zero_max,33,002111000022ffff,0021110022000000,0021110022000000,16691.50,PASS
1,constant_zero_max,34,002222ffff110000,0022220011000000,0022220011000000,16874.10,PASS
1,constant_zero_max,35,002311000022ffff,0023110022000000,0023110022000000,16960.80,PASS
1,constant_zero_max,36,002422ffff110000,0024220011000000,0024220011000000,17454.60,PASS
1,constant_zero_max,37,002511000022ffff,0025110022000000,0025110022000000,16776.50,PASS
1,constant_zero_max,38,002622ffff110000,0026220011000000,0026220011000000,16149.40,PASS
1,constant_zero_max,39,002711000022ffff,0027110022000000,0027110022000000,16867.50,PASS
1,constant_zero_max,40,002822ffff110000,0028220011000000,0028220011000000,16976.50,PASS
1,constant_zero_max,41,002911000022ffff,0029110022000000,0029110022000000,17337.90,PASS
1,constant_zero_max,42,002a22ffff110000,002a220011000000,002a220011000000,16098.20,PASS
1,constant_zero_max,43,002b11000022ffff,002b110022000000,002b110022000000,16790.10,PASS
1,constant_zero_max,44,002c22ffff110000,002c220011000000,002c220011000000,16897.20,PASS
1,constant_zero_max,45,002d11000022ffff,002d110022000000,002d110022000000,16815.30,PASS
1,constant_zero_max,46,002e22ffff110000,002e220011000000,002e220011000000,16813.60,PASS
1,constant_zero_max,47,002f11000022ffff,002f110022000000,002f110022000000,16830.40,PASS
1,constant_zero_max,48,003022ffff110000,0030220011000000,0030220011000000,16796.40,PASS
1,constant_zero_max,49,003111000022ffff,0031110022000000,0031110022000000,16996.40,PASS
1,constant_zero_max,50,003222ffff110000,0032220011000000,0032220011000000,16911.80,PASS
1,constant_zero_max,51,003311000022ffff,0033110022000000,0033110022000000,16885.30,PASS
1,constant_zero_max,52,003422ffff110000,0034220011000000,0034220011000000,17016.80,PASS
1,constant_zero_max,53,003511000022ffff,0035110022000000,0035110022000000,16706.60,PASS
1,constant_zero_max,54,003622ffff110000,0036220011000000,0036220011000000,17068.40,PASS
1,constant_zero_max,55,003711000022ffff,0037110022000000,0037110022000000,16580.90,PASS
1,constant_zero_max,56,003822ffff110000,0038220011000000,0038220011000000,16622.80,PASS
1,constant_zero_max,57,003911000022ffff,0039110022000000,0039110022000000,17019.60,PASS
1,constant_zero_max,58,003a22ffff110000,003a220011000000,003a220011000000,16883.20,PASS
1,constant_zero_max,59,003b11000022ffff,003b110022000000,003b110022000000,16966.30,PASS
1,constant_zero_max,60,003c22ffff110000,003c220011000000,003c220011000000,16613.10,PASS
1,constant_zero_max,61,003d11000022ffff,003d110022000000,003d110022000000,17104.10,PASS
1,constant_zero_max,62,003e22ffff110000,003e220011000000,003e220011000000,16758.70,PASS
1,constant_zero_max,63,003f11000022ffff,003f110022000000,003f110022000000,16917.10,PASS
1,constant_zero_max,64,004022ffff110000,0040220011000000,0040220011000000,16872.20,PASS
1,constant_zero_max,65,004111000022ffff,0041110022000000,0041110022000000,16752.80,PASS
1,constant_zero_max,66,004222ffff110000,0042220011000000,0042220011000000,16971.90,PASS
1,constant_zero_max,67,004311000022ffff,0043110022000000,0043110022000000,17002.60,PASS
1,constant_zero_max,68,004422ffff110000,0044220011000000,0044220011000000,16620.30,PASS
1,constant_zero_max,69,004511000022ffff,0045110022000000,0045110022000000,17513.30,PASS
1,constant_zero_max,70,004622ffff110000,0046220011000000,0046220011000000,16064.70,PASS
1,constant_zero_max,71,004711000022ffff,0047110022000000,0047110022000000,17043.90,PASS
1,constant_zero_max,72,004822ffff110000,0048220011000000,0048220011000000,17191.60,PASS
1,constant_zero_max,73,004911000022ffff,0049110022000000,0049110022000000,16271.10,PASS
1,constant_zero_max,74,004a22ffff110000,004a220011000000,004a220011000000,16716.70,PASS
1,constant_zero_max,75,004b11000022ffff,004b110022000000,004b110022000000,16895.00,PASS
1,constant_zero_max,76,004c22ffff110000,004c220011000000,004c220011000000,16889.30,PASS
1,constant_zero_max,77,004d11000022ffff,004d110022000000,004d110022000000,16784.40,PASS
1,constant_zero_max,78,004e22ffff110000,004e220011000000,004e220011000000,16852.20,PASS
1,constant_zero_max,79,004f11000022ffff,004f110022000000,004f110022000000,16893.40,PASS
1,constant_zero_max,80,005022ffff110000,0050220011000000,0050220011000000,16981.90,PASS
1,constant_zero_max,81,005111000022ffff,0051110022000000,0051110022000000,16425.20,PASS
1,constant_zero_max,82,005222ffff110000,0052220011000000,0052220011000000,17085.60,PASS
1,constant_zero_max,83,005311000022ffff,0053110022000000,0053110022000000,16693.50,PASS
1,constant_zero_max,84,005422ffff110000,0054220011000000,0054220011000000,16835.90,PASS
1,constant_zero_max,85,005511000022ffff,0055110022000000,0055110022000000,16663.60,PASS
1,constant_zero_max,86,005622ffff110000,0056220011000000,0056220011000000,17338.60,PASS
1,constant_zero_max,87,005711000022ffff,0057110022000000,0057110022000000,16731.90,PASS
1,constant_zero_max,88,005822ffff110000,0058220011000000,0058220011000000,17026.00,PASS
1,constant_zero_max,89,005911000022ffff,0059110022000000,0059110022000000,16268.60,PASS
1,constant_zero_max,90,005a22ffff110000,005a220011000000,005a220011000000,16933.20,PASS
1,constant_zero_max,91,005b11000022ffff,005b110022000000,005b110022000000,16443.00,PASS
1,constant_zero_max,92,005c22ffff110000,005c220011000000,005c220011000000,17395.60,PASS
1,constant_zero_max,93,005d11000022ffff,005d110022000000,005d110022000000,16544.60,PASS
1,constant_zero_max,94,005e22ffff110000,005e220011000000,005e220011000000,16745.00,PASS
1,constant_zero_max,95,005f11000022ffff,005f110022000000,005f110022000000,17019.90,PASS
1,constant_zero_max,96,006022ffff110000,0060220011000000,0060220011000000,16424.10,PASS
1,constant_zero_max,97,006111000022ffff,0061110022000000,0061110022000000,16868.80,PASS
1,constant_zero_max,98,006222ffff110000,0062220011000000,0062220011000000,16625.70,PASS
1,constant_zero_max,99,006311000022ffff,0063110022000000,0063110022000000,16841.20,PASS
2,alternating_extremes,0,000011000022ffff,0000110022000000,0000110022000000,4129.80,PASS
2,alternating_extremes,1,000122000011ffff,0001220011000000,0001220011000000,16268.40,PASS
2,alternating_extremes,2,000211000022ffff,0002110022000000,0002110022000000,17327.50,PASS
2,alternating_extremes,3,000322000011ffff,0003220011000000,0003220011000000,16373.30,PASS
2,alternating_extremes,4,000411000022ffff,0004110022000000,0004110022000000,16840.00,PASS
2,alternating_extremes,5,000522000011ffff,0005220011000000,0005220011000000,16804.60,PASS
2,alternating_extremes,6,000611000022ffff,0006110022000000,0006110022000000,16542.10,PASS
2,alternating_extremes,7,000722000011ffff,0007220011000000,0007220011000000,17021.70,PASS
2,alternating_extremes,8,000811000022ffff,0008110022000000,0008110022000000,16696.60,PASS
2,alternating_extremes,9,000922000011ffff,0009220011000000,0009220011000000,17210.80,PASS
2,alternating_extremes,10,000a11000022ffff,000a110022000000,000a110022000000,16976.00,PASS
2,alternating_extremes,11,000b22000011ffff,000b220011000000,000b220011000000,16513.90,PASS
2,alternating_extremes,12,000c11000022ffff,000c110022000000,000c110022000000,16659.80,PASS
2,alternating_extremes,13,000d22000011ffff,000d220011000000,000d220011000000,16708.90,PASS
2,alternating_extremes,14,000e11000022ffff,000e110022000000,000e110022000000,16946.20,PASS
2,alternating_extremes,15,000f22000011ffff,000f220011000000,000f220011000000,16688.60,PASS
2,alternating_extremes,16,001011000022ffff,0010110122020000,0010110122020000,17469.20,PASS
2,alternating_extremes,17,001122000011ffff,0011220111020000,0011220111020000,15814.60,PASS
2,alternating_extremes,18,001211000022ffff,0012110122020000,0012110122020000,16968.40,PASS
2,alternating_extremes,19,001322000011ffff,0013220111020000,0013220111020000,17626.30,PASS
2,alternating_extremes,20,001411000022ffff,0014110122020000,0014110122020000,16222.10,PASS
2,alternating_extremes,21,001522000011ffff,0015220111020000,0015220111020000,17132.30,PASS
2,alternating_extremes,22,001611000022ffff,0016110122020000,0016110122020000,16156.30,PASS
2,alternating_extremes,23,001722000011ffff,0017220111020000,0017220111020000,16975.20,PASS
2,alternating_extremes,24,001811000022ffff,0018110122020000,0018110122020000,16753.70,PASS
2,alternating_extremes,25,001922000011ffff,0019220111020000,0019220111020000,16836.30,PASS
2,alternating_extremes,26,001a11000022ffff,001a110122020000,001a110122020000,16855.90,PASS
2,alternating_extremes,27,001b22000011ffff,001b220111020000,001b220111020000,16728.20,PASS
2,alternating_extremes,28,001c11000022ffff,001c110122020000,001c110122020000,17024.80,PASS
2,alternating_extremes,29,001d22000011ffff,001d220111020000,001d220111020000,16718.60,PASS
2,alternating_extremes,30,001e11000022ffff,001e110122020000,001e110122020000,17067.90,PASS
2,alternating_extremes,31,001f22000011ffff,001f220111020000,001f220111020000,16956.40,PASS
2,alternating_extremes,32,002011000022ffff,0020110122020000,0020110122020000,17072.30,PASS
2,alternating_extremes,33,002122000011ffff,0021220111020000,0021220111020000,16456.30,PASS
2,alternating_extremes,34,002211000022ffff,0022110122020000,0022110122020000,16864.10,PASS
2,alternating_extremes,35,002322000011ffff,0023220111020000,0023220111020000,17028.10,PASS
2,alternating_extremes,36,002411000022ffff,0024110122020000,0024110122020000,16610.90,PASS
2,alternating_extremes,37,002522000011ffff,0025220111020000,0025220111020000,16949.10,PASS
2,alternating_extremes,38,002611000022ffff,0026110122020000,0026110122020000,16741.60,PASS
2,alternating_extremes,39,002722000011ffff,0027220111020000,0027220111020000,16743.30,PASS
2,alternating_extremes,40,002811000022ffff,0028110122020000,0028110122020000,16902.00,PASS
2,alternating_extremes,41,002922000011ffff,0029220111020000,0029220111020000,17021.20,PASS
2,alternating_extremes,42,002a11000022ffff,002a110122020000,002a110122020000,16506.20,PASS
2,alternating_extremes,43,002b22000011ffff,002b220111020000,002b220111020000,17034.60,PASS
2,alternating_extremes,44,002c11000022ffff,002c110122020000,002c110122020000,16755.30,PASS
2,alternating_extremes,45,002d22000011ffff,002d220111020000,002d220111020000,16960.10,PASS
2,alternating_extremes,46,002e11000022ffff,002e110122020000,002e110122020000,16742.50,PASS
2,alternating_extremes,47,002f22000011ffff,002f220111020000,002f220111020000,16877.50,PASS
2,alternating_extremes,48,003011000022ffff,0030110122020000,0030110122020000,17104.70,PASS
2,alternating_extremes,49,003122000011ffff,0031220111020000,0031220111020000,16814.50,PASS
2,alternating_extremes,50,003211000022ffff,0032110122020000,0032110122020000,16781.70,PASS
2,alternating_extremes,51,003322000011ffff,0033220111020000,0033220111020000,16960.90,PASS
2,alternating_extremes,52,003411000022ffff,0034110122020000,0034110122020000,16806.20,PASS
2,alternating_extremes,53,003522000011ffff,0035220111020000,0035220111020000,17432.70,PASS
2,alternating_extremes,54,003611000022ffff,0036110122020000,0036110122020000,16351.50,PASS
2,alternating_extremes,55,003722000011ffff,0037220111020000,0037220111020000,16898.40,PASS
2,alternating_extremes,56,003811000022ffff,0038110122020000,0038110122020000,17322.90,PASS
2,alternating_extremes,57,003922000011ffff,0039220111020000,0039220111020000,16653.80,PASS
2,alternating_extremes,58,003a11000022ffff,003a110122020000,003a110122020000,16928.90,PASS
2,alternating_extremes,59,003b22000011ffff,003b220111020000,003b220111020000,16828.70,PASS
2,alternating_extremes,60,003c11000022ffff,003c110122020000,003c110122020000,16223.80,PASS
2,alternating_extremes,61,003d22000011ffff,003d220111020000,003d220111020000,17357.10,PASS
2,alternating_extremes,62,003e11000022ffff,003e110122020000,003e110122020000,16766.90,PASS
2,alternating_extremes,63,003f22000011ffff,003f220111020000,003f220111020000,16705.60,PASS
2,alternating_extremes,64,004011000022ffff,0040110122020000,0040110122020000,16401.70,PASS
2,alternating_extremes,65,004122000011ffff,0041220111020000,0041220111020000,16873.10,PASS
2,alternating_extremes,66,004211000022ffff,0042110122020000,0042110122020000,16695.90,PASS
2,alternating_extremes,67,004322000011ffff,0043220111020000,0043220111020000,16955.20,PASS
2,alternating_extremes,68,004411000022ffff,0044110122020000,0044110122020000,16866.50,PASS
2,alternating_extremes,69,004522000011ffff,0045220111020000,0045220111020000,16790.00,PASS
2,alternating_extremes,70,004611000022ffff,0046110122020000,0046110122020000,16797.00,PASS
2,alternating_extremes,71,004722000011ffff,0047220111020000,0047220111020000,17075.20,PASS
2,alternating_extremes,72,004811000022ffff,0048110122020000,0048110122020000,16637.10,PASS
2,alternating_extremes,73,004922000011ffff,0049220111020000,0049220111020000,16735.20,PASS
2,alternating_extremes,74,004a11000022ffff,004a110122020000,004a110122020000,17153.90,PASS
2,alternating_extremes,75,004b22000011ffff,004b220111020000,004b220111020000,16936.90,PASS
2,alternating_extremes,76,004c11000022ffff,004c110122020000,004c110122020000,16670.60,PASS
2,alternating_extremes,77,004d22000011ffff,004d220111020000,004d220111020000,16599.90,PASS
2,alternating_extremes,78,004e11000022ffff,004e110122020000,004e110122020000,17347.20,PASS
2,alternating_extremes,79,004f22000011ffff,004f220111020000,004f220111020000,16437.50,PASS
2,alternating_extremes,80,005011000022ffff,0050110122020000,0050110122020000,17181.70,PASS
2,alternating_extremes,81,005122000011ffff,0051220111020000,0051220111020000,17154.70,PASS
2,alternating_extremes,82,005211000022ffff,0052110122020000,0052110122020000,16293.20,PASS
2,alternating_extremes,83,005322000011ffff,0053220111020000,0053220111020000,17349.80,PASS
2,alternating_extremes,84,005411000022ffff,0054110122020000,0054110122020000,16397.90,PASS
2,alternating_extremes,85,005522000011ffff,0055220111020000,0055220111020000,17071.70,PASS
2,alternating_extremes,86,005611000022ffff,0056110122020000,0056110122020000,16464.20,PASS
2,alternating_extremes,87,005722000011ffff,0057220111020000,0057220111020000,16523.70,PASS
2,alternating_extremes,88,005811000022ffff,0058110122020000,0058110122020000,17217.60,PASS
2,alternating_extremes,89,005922000011ffff,0059220111020000,0059220111020000,16546.50,PASS
2,alternating_extremes,90,005a11000022ffff,005a110122020000,005a110122020000,16810.90,PASS
2,alternating_extremes,91,005b22000011ffff,005b220111020000,005b220111020000,16931.90,PASS
2,alternating_extremes,92,005c11000022ffff,005c110122020000,005c110122020000,16542.60,PASS
2,alternating_extremes,93,005d22000011ffff,005d220111020000,005d220111020000,16946.80,PASS
2,alternating_extremes,94,005e11000022ffff,005e110122020000,005e110122020000,17002.80,PASS
2,alternating_extremes,95,005f22000011ffff,005f220111020000,005f220111020000,16780.00,PASS
2,alternating_extremes,96,006011000022ffff,0060110122020000,0060110122020000,16810.80,PASS
2,alternating_extremes,97,006122000011ffff,0061220111020000,0061220111020000,17206.60,PASS
2,alternating_extremes,98,006211000022ffff,0062110122020000,0062110122020000,16566.90,PASS
2,alternating_extremes,99,006322000011ffff,0063220111020000,0063220111020000,17032.40,PASS
3,rounding_and_held_actions,0,000022006411000f,0000220011000000,0000220011000000,18447.40,PASS
3,rounding_and_held_actions,1,000111000f220064,0001110022000000,0001110022000000,16738.80,PASS
3,rounding_and_held_actions,2,000222006411000f,0002220011000000,0002220011000000,17507.70,PASS
3,rounding_and_held_actions,3,000311000f220064,0003110022000000,0003110022000000,16177.50,PASS
3,rounding_and_held_actions,4,000422006411000f,0004220011000000,0004220011000000,16868.80,PASS
3,rounding_and_held_actions,5,000511000f220064,0005110022000000,0005110022000000,17306.60,PASS
3,rounding_and_held_actions,6,000622006411000f,0006220011000000,0006220011000000,16481.50,PASS
3,rounding_and_held_actions,7,000711000f220064,0007110022000000,0007110022000000,17434.50,PASS
3,rounding_and_held_actions,8,000822006411000f,0008220011000000,0008220011000000,16148.90,PASS
3,rounding_and_held_actions,9,000911000f220064,0009110022000000,0009110022000000,16736.00,PASS
3,rounding_and_held_actions,10,000a22006411000f,000a220011000000,000a220011000000,17564.50,PASS
3,rounding_and_held_actions,11,000b11000f220064,000b110022000000,000b110022000000,16145.80,PASS
3,rounding_and_held_actions,12,000c22006411000f,000c220011000000,000c220011000000,17370.10,PASS
3,rounding_and_held_actions,13,000d11000f220064,000d110022000000,000d110022000000,16465.80,PASS
3,rounding_and_held_actions,14,000e22006411000f,000e220011000000,000e220011000000,17634.20,PASS
3,rounding_and_held_actions,15,000f110010220064,000f110022000000,000f110022000000,16200.40,PASS
3,rounding_and_held_actions,16,001022006511000f,0010220211000000,0010220211000000,16631.90,PASS
3,rounding_and_held_actions,17,0011110010220065,0011110222020000,0011110222020000,17201.80,PASS
3,rounding_and_held_actions,18,001222006511000e,0012220211010000,0012220211010000,17143.40,PASS
3,rounding_and_held_actions,19,0013110000220065,0013110122020000,0013110122020000,16643.40,PASS
3,rounding_and_held_actions,20,001422006511ffff,0014220211020000,0014220211020000,16559.50,PASS
3,rounding_and_held_actions,21,001511000f220065,0015110122020000,0015110122020000,16468.50,PASS
3,rounding_and_held_actions,22,0016220065110010,0016220211010000,0016220211010000,16879.00,PASS
3,rounding_and_held_actions,23,001711000e220065,0017110122020000,0017110122020000,16746.20,PASS
3,rounding_and_held_actions,24,0018220065110000,0018220211010000,0018220211010000,16941.10,PASS
3,rounding_and_held_actions,25,001911ffff220065,0019110222020000,0019110222020000,16856.50,PASS
3,rounding_and_held_actions,26,001a22006511000f,001a220211010000,001a220211010000,16845.90,PASS
3,rounding_and_held_actions,27,001b110010220065,001b110122020000,001b110122020000,16775.90,PASS
3,rounding_and_held_actions,28,001c22006511000e,001c220211010000,001c220211010000,16924.60,PASS
3,rounding_and_held_actions,29,001d110000220065,001d110122020000,001d110122020000,16628.90,PASS
3,rounding_and_held_actions,30,001e22006511ffff,001e220211020000,001e220211020000,17045.40,PASS
3,rounding_and_held_actions,31,001f11000f220065,001f110122020000,001f110122020000,17262.60,PASS
3,rounding_and_held_actions,32,0020220065110010,0020220211010000,0020220211010000,16435.40,PASS
3,rounding_and_held_actions,33,002111000e220065,0021110122020000,0021110122020000,16811.20,PASS
3,rounding_and_held_actions,34,0022220065110000,0022220211010000,0022220211010000,16527.20,PASS
3,rounding_and_held_actions,35,002311ffff220065,0023110222020000,0023110222020000,17575.10,PASS
3,rounding_and_held_actions,36,002422006311000f,0024220111010000,0024220111010000,16160.70,PASS
3,rounding_and_held_actions,37,0025110010220063,0025110122010000,0025110122010000,16762.80,PASS
3,rounding_and_held_actions,38,002622006311000e,0026220111010000,0026220111010000,16855.20,PASS
3,rounding_and_held_actions,39,0027110000220063,0027110122010000,0027110122010000,17208.20,PASS
3,rounding_and_held_actions,40,002822006311ffff,0028220111020000,0028220111020000,17111.40,PASS
3,rounding_and_held_actions,41,002911000f220063,0029110122010000,0029110122010000,16510.60,PASS
3,rounding_and_held_actions,42,002a220063110010,002a220111010000,002a220111010000,16927.10,PASS
3,rounding_and_held_actions,43,002b11000e220063,002b110122010000,002b110122010000,17299.40,PASS
3,rounding_and_held_actions,44,002c220063110000,002c220111010000,002c220111010000,16441.60,PASS
3,rounding_and_held_actions,45,002d11ffff220063,002d110222010000,002d110222010000,16665.60,PASS
3,rounding_and_held_actions,46,002e22006311000f,002e220111010000,002e220111010000,16594.60,PASS
3,rounding_and_held_actions,47,002f110010220063,002f110122010000,002f110122010000,16828.80,PASS
3,rounding_and_held_actions,48,003022006311000e,0030220111010000,0030220111010000,16914.10,PASS
3,rounding_and_held_actions,49,0031110000220063,0031110122010000,0031110122010000,16916.00,PASS
3,rounding_and_held_actions,50,003222006311ffff,0032220111020000,0032220111020000,16662.70,PASS
3,rounding_and_held_actions,51,003311000f220063,0033110122010000,0033110122010000,17482.10,PASS
3,rounding_and_held_actions,52,0034220063110010,0034220111010000,0034220111010000,16103.30,PASS
3,rounding_and_held_actions,53,003511000e220063,0035110122010000,0035110122010000,16924.80,PASS
3,rounding_and_held_actions,54,0036220063110000,0036220111010000,0036220111010000,16699.90,PASS
3,rounding_and_held_actions,55,003711ffff220063,0037110222010000,0037110222010000,16753.60,PASS
3,rounding_and_held_actions,56,003822006411000f,0038220211010000,0038220211010000,16814.40,PASS
3,rounding_and_held_actions,57,0039110010220064,0039110122020000,0039110122020000,16870.90,PASS
3,rounding_and_held_actions,58,003a22006411000e,003a220211010000,003a220211010000,17073.70,PASS
3,rounding_and_held_actions,59,003b110000220064,003b110122020000,003b110122020000,16760.70,PASS
3,rounding_and_held_actions,60,003c22006411ffff,003c220211020000,003c220211020000,16975.90,PASS
3,rounding_and_held_actions,61,003d11000f220064,003d110122020000,003d110122020000,17145.00,PASS
3,rounding_and_held_actions,62,003e220064110010,003e220211010000,003e220211010000,16665.20,PASS
3,rounding_and_held_actions,63,003f11000e220064,003f110122020000,003f110122020000,16792.10,PASS
3,rounding_and_held_actions,64,0040220064110000,0040220211010000,0040220211010000,16598.40,PASS
3,rounding_and_held_actions,65,004111ffff220064,0041110222020000,0041110222020000,16788.20,PASS
3,rounding_and_held_actions,66,004222006411000f,0042220211010000,0042220211010000,16942.70,PASS
3,rounding_and_held_actions,67,0043110010220064,0043110122020000,0043110122020000,16883.50,PASS
3,rounding_and_held_actions,68,004422006411000e,0044220211010000,0044220211010000,16892.00,PASS
3,rounding_and_held_actions,69,0045110000220064,0045110122020000,0045110122020000,16837.60,PASS
3,rounding_and_held_actions,70,004622006411ffff,0046220211020000,0046220211020000,16898.00,PASS
3,rounding_and_held_actions,71,004711000f220064,0047110122020000,0047110122020000,16788.50,PASS
3,rounding_and_held_actions,72,0048220064110010,0048220211010000,0048220211010000,16997.10,PASS
3,rounding_and_held_actions,73,004911000e220064,0049110122020000,0049110122020000,16719.00,PASS
3,rounding_and_held_actions,74,004a220064110000,004a220211010000,004a220211010000,16994.10,PASS
3,rounding_and_held_actions,75,004b11ffff220064,004b110222020000,004b110222020000,16841.80,PASS
3,rounding_and_held_actions,76,004c22006411000f,004c220211010000,004c220211010000,16862.80,PASS
3,rounding_and_held_actions,77,004d110010220064,004d110122020000,004d110122020000,16926.00,PASS
3,rounding_and_held_actions,78,004e22006411000e,004e220211010000,004e220211010000,16802.10,PASS
3,rounding_and_held_actions,79,004f110000220064,004f110122020000,004f110122020000,16627.70,PASS
3,rounding_and_held_actions,80,005022006411ffff,0050220211020000,0050220211020000,16873.40,PASS
3,rounding_and_held_actions,81,005111000f220064,0051110122020000,0051110122020000,16746.80,PASS
3,rounding_and_held_actions,82,0052220064110010,0052220211010000,0052220211010000,16780.00,PASS
3,rounding_and_held_actions,83,005311000e220064,0053110122020000,0053110122020000,16862.30,PASS
3,rounding_and_held_actions,84,0054220064110000,0054220211010000,0054220211010000,17386.30,PASS
3,rounding_and_held_actions,85,005511ffff220064,0055110222020000,0055110222020000,16058.00,PASS
3,rounding_and_held_actions,86,005622006411000f,0056220211010000,0056220211010000,16867.80,PASS
3,rounding_and_held_actions,87,0057110010220064,0057110122020000,0057110122020000,16840.20,PASS
3,rounding_and_held_actions,88,005822006411000e,0058220211010000,0058220211010000,16881.10,PASS
3,rounding_and_held_actions,89,0059110000220064,0059110122020000,0059110122020000,16795.70,PASS
3,rounding_and_held_actions,90,005a22006411ffff,005a220211020000,005a220211020000,16878.60,PASS
3,rounding_and_held_actions,91,005b11000f220064,005b110122020000,005b110122020000,16858.50,PASS
3,rounding_and_held_actions,92,005c220064110010,005c220211010000,005c220211010000,16722.50,PASS
3,rounding_and_held_actions,93,005d11000e220064,005d110122020000,005d110122020000,16923.80,PASS
3,rounding_and_held_actions,94,005e220064110000,005e220211010000,005e220211010000,17059.10,PASS
3,rounding_and_held_actions,95,005f11ffff220064,005f110222020000,005f110222020000,17036.50,PASS
3,rounding_and_held_actions,96,0060220064110064,0060220211010000,0060220211010000,16531.50,PASS
3,rounding_and_held_actions,97,0061110064220064,0061110122020000,0061110122020000,16686.20,PASS
3,rounding_and_held_actions,98,0062220064110064,0062220211010000,0062220211010000,16810.10,PASS
3,rounding_and_held_actions,99,0063110064220064,0063110122020000,0063110122020000,16914.20,PASS
4,random_fullrange_0,0,0000119547228874,0000110022000000,0000110022000000,4859.60,PASS
4,random_fullrange_0,1,0001224b2d1163c6,0001220011000000,0001220011000000,16839.00,PASS
4,random_fullrange_0,2,000211701522dda3,0002110022000000,0002110022000000,17029.60,PASS
4,random_fullrange_0,3,0003220caf110f98,0003220011000000,0003220011000000,16856.80,PASS
4,random_fullrange_0,4,0004110b38221b43,0004110022000000,0004110022000000,16780.30,PASS
4,random_fullrange_0,5,000522d36d11ce4f,0005220011000000,0005220011000000,16926.30,PASS
4,random_fullrange_0,6,000611d88b22d0db,0006110022000000,0006110022000000,16948.40,PASS
4,random_fullrange_0,7,000722a3ac11d180,0007220011000000,0007220011000000,17344.30,PASS
4,random_fullrange_0,8,000811a00522992e,0008110022000000,0008110022000000,17060.90,PASS
4,random_fullrange_0,9,0009224b40117580,0009220011000000,0009220011000000,16206.40,PASS
4,random_fullrange_0,10,000a111d8e22f62d,000a110022000000,000a110022000000,17067.50,PASS
4,random_fullrange_0,11,000b226e7811c0b4,000b220011000000,000b220011000000,17292.30,PASS
4,random_fullrange_0,12,000c11c5a12265bc,000c110022000000,000c110022000000,16647.80,PASS
4,random_fullrange_0,13,000d223b9d110d75,000d220011000000,000d220011000000,16794.90,PASS
4,random_fullrange_0,14,000e1198a522fcfe,000e110022000000,000e110022000000,16271.90,PASS
4,random_fullrange_0,15,000f2244341189ff,000f220011000000,000f220011000000,17489.60,PASS
4,random_fullrange_0,16,0010115c84221b62,0010110122000000,0010110122000000,16228.50,PASS
4,random_fullrange_0,17,0011224bd711ae06,0011220011020000,0011220011020000,16615.60,PASS
4,random_fullrange_0,18,0012119790221d8f,0012110222000000,0012110222000000,16890.90,PASS
4,random_fullrange_0,19,0013221161117a0a,0013220011010000,0013220011010000,16806.20,PASS
4,random_fullrange_0,20,0014117a64229acc,0014110122020000,0014110122020000,16787.40,PASS
4,random_fullrange_0,21,00152276ef11ee3a,0015220211020000,0015220211020000,16904.40,PASS
4,random_fullrange_0,22,0016112ea222db83,0016110122020000,0016110122020000,16875.70,PASS
4,random_fullrange_0,23,001722c406118364,0017220211020000,0017220211020000,16726.80,PASS
4,random_fullrange_0,24,001811ba3d22d607,0018110222020000,0018110222020000,17021.20,PASS
4,random_fullrange_0,25,00192244e8117022,0019220111010000,0019220111010000,17078.30,PASS
4,random_fullrange_0,26,001a119a6e223229,001a110222010000,001a110222010000,16785.20,PASS
4,random_fullrange_0,27,001b2239361124f5,001b220111010000,001b220111010000,17491.00,PASS
4,random_fullrange_0,28,001c118adf220cbb,001c110222010000,001c110222010000,16476.00,PASS
4,random_fullrange_0,29,001d22552511c3fb,001d220111020000,001d220111020000,17041.50,PASS
4,random_fullrange_0,30,001e1120b622467c,001e110122010000,001e110122010000,16998.50,PASS
4,random_fullrange_0,31,001f226100115282,001f220211010000,001f220211010000,16173.80,PASS
4,random_fullrange_0,32,002011920922d5c2,0020110222020000,0020110222020000,17444.00,PASS
4,random_fullrange_0,33,002122634c116abd,0021220111010000,0021220111010000,16073.90,PASS
4,random_fullrange_0,34,00221147d5229e47,0022110122020000,0022110122020000,17016.30,PASS
4,random_fullrange_0,35,0023226a7d111941,0023220111010000,0023220111010000,16637.90,PASS
4,random_fullrange_0,36,002411c51722bda0,0024110222020000,0024110222020000,16961.90,PASS
4,random_fullrange_0,37,0025224dde112e22,0025220111010000,0025220111010000,16808.40,PASS
4,random_fullrange_0,38,002611ff6d22b60e,0026110222020000,0026110222020000,16870.10,PASS
4,random_fullrange_0,39,0027224bb411c028,0027220111020000,0027220111020000,17192.80,PASS
4,random_fullrange_0,40,0028115e1a22d184,0028110122020000,0028110122020000,16949.60,PASS
4,random_fullrange_0,41,002922e64811b321,0029220211020000,0029220211020000,16159.20,PASS
4,random_fullrange_0,42,002a118fce22e497,002a110222020000,002a110222020000,17041.10,PASS
4,random_fullrange_0,43,002b22937c11eb83,002b220211020000,002b220211020000,17160.20,PASS
4,random_fullrange_0,44,002c11ff29224eec,002c110222010000,002c110222010000,16473.60,PASS
4,random_fullrange_0,45,002d2214db11b4eb,002d220111020000,002d220111020000,16790.50,PASS
4,random_fullrange_0,46,002e111371224a38,002e110122010000,002e110122010000,16982.70,PASS
4,random_fullrange_0,47,002f22c2dd115563,002f220211010000,002f220211010000,16451.90,PASS
4,random_fullrange_0,48,003011ab6522b0cc,0030110222020000,0030110222020000,17055.70,PASS
4,random_fullrange_0,49,0031227d9111f017,0031220111020000,0031220111020000,16584.30,PASS
4,random_fullrange_0,50,0032114aa122663b,0032110122010000,0032110122010000,17099.40,PASS
4,random_fullrange_0,51,0033221eea112277,0033220111010000,0033220111010000,16521.00,PASS
4,random_fullrange_0,52,00341151b822ae52,0034110122020000,0034110122020000,16821.90,PASS
4,random_fullrange_0,53,003522584a119bc0,0035220111020000,0035220111020000,17346.70,PASS
4,random_fullrange_0,54,003611875f22e576,0036110122020000,0036110122020000,16380.70,PASS
4,random_fullrange_0,55,00372294ed11be41,0037220211020000,0037220211020000,17377.10,PASS
4,random_fullrange_0,56,00381187662212b1,0038110122010000,0038110122010000,16247.70,PASS
4,random_fullrange_0,57,00392297f411e81b,0039220211020000,0039220211020000,17075.20,PASS
4,random_fullrange_0,58,003a117df022acc3,003a110122020000,003a110122020000,16544.30,PASS
4,random_fullrange_0,59,003b22223111f1a1,003b220111020000,003b220111020000,16690.60,PASS
4,random_fullrange_0,60,003c11a93c2250ea,003c110222010000,003c110222010000,16822.80,PASS
4,random_fullrange_0,61,003d2230fb11cd6a,003d220111020000,003d220111020000,16756.40,PASS
4,random_fullrange_0,62,003e11922522d6a1,003e110122020000,003e110122020000,16780.50,PASS
4,random_fullrange_0,63,003f220f35112b42,003f220111010000,003f220111010000,17139.20,PASS
4,random_fullrange_0,64,004011eb5d22cfe3,0040110222020000,0040110222020000,17250.70,PASS
4,random_fullrange_0,65,004122305511f28a,0041220111020000,0041220111020000,16257.90,PASS
4,random_fullrange_0,66,004211e83d22daa9,0042110222020000,0042110222020000,16817.40,PASS
4,random_fullrange_0,67,00432218db1130fb,0043220111010000,0043220111010000,16859.60,PASS
4,random_fullrange_0,68,0044111b9b22240d,0044110122010000,0044110122010000,17080.20,PASS
4,random_fullrange_0,69,0045221ceb115265,0045220111010000,0045220111010000,17126.90,PASS
4,random_fullrange_0,70,004611fe4d2291d1,0046110222020000,0046110222020000,16363.70,PASS
4,random_fullrange_0,71,004722a36911c42e,0047220211020000,0047220211020000,16549.30,PASS
4,random_fullrange_0,72,004811501d22f3e7,0048110122020000,0048110122020000,16812.80,PASS
4,random_fullrange_0,73,00492245fb11b239,0049220111020000,0049220111020000,17048.20,PASS
4,random_fullrange_0,74,004a119a6b22678a,004a110122010000,004a110122010000,17119.40,PASS
4,random_fullrange_0,75,004b224a8d11af28,004b220111020000,004b220111020000,17085.40,PASS
4,random_fullrange_0,76,004c1122d2223669,004c110122010000,004c110122010000,16346.70,PASS
4,random_fullrange_0,77,004d22b5e2115250,004d220211010000,004d220211010000,16610.10,PASS
4,random_fullrange_0,78,004e116b3022ebdd,004e110122020000,004e110122020000,17323.70,PASS
4,random_fullrange_0,79,004f2298ef11a9fb,004f220211020000,004f220211020000,16804.60,PASS
4,random_fullrange_0,80,005011399a22ec56,0050110122020000,0050110122020000,16674.80,PASS
4,random_fullrange_0,81,0051224d571121eb,0051220111010000,0051220111010000,16383.50,PASS
4,random_fullrange_0,82,005211b5c4223adb,0052110222010000,0052110222010000,16894.90,PASS
4,random_fullrange_0,83,005322d1e711cbdf,0053220211020000,0053220211020000,16783.90,PASS
4,random_fullrange_0,84,005411cf4222429d,0054110222010000,0054110222010000,16818.30,PASS
4,random_fullrange_0,85,0055220f8a119f38,0055220111020000,0055220111020000,16689.00,PASS
4,random_fullrange_0,86,005611bd8d22dfb4,0056110222020000,0056110222020000,17046.10,PASS
4,random_fullrange_0,87,005722231f1119fa,0057220111010000,0057220111010000,16786.00,PASS
4,random_fullrange_0,88,00581127412272f3,0058110122010000,0058110122010000,16800.60,PASS
4,random_fullrange_0,89,0059222924116311,0059220111010000,0059220111010000,16923.10,PASS
4,random_fullrange_0,90,005a114aa022de73,005a110122020000,005a110122020000,16889.00,PASS
4,random_fullrange_0,91,005b22a2d61195c9,005b220211020000,005b220211020000,16881.50,PASS
4,random_fullrange_0,92,005c11e5d722bc7b,005c110222020000,005c110222020000,16833.80,PASS
4,random_fullrange_0,93,005d22497311abf2,005d220111020000,005d220111020000,17023.10,PASS
4,random_fullrange_0,94,005e110cb422790b,005e110122010000,005e110122010000,16830.70,PASS
4,random_fullrange_0,95,005f223ad1114c02,005f220111010000,005f220111010000,16808.90,PASS
4,random_fullrange_0,96,006011e60e22e3c5,0060110222020000,0060110222020000,16906.50,PASS
4,random_fullrange_0,97,00612259c71140ac,0061220111010000,0061220111010000,16907.80,PASS
4,random_fullrange_0,98,0062118c5d224b4d,0062110222010000,0062110222010000,17244.20,PASS
4,random_fullrange_0,99,006322d0bd11027a,0063220211010000,0063220211010000,16404.70,PASS
5,random_fullrange_1,0,000022be5b11ebf7,0000220011000000,0000220011000000,5342.90,PASS
5,random_fullrange_1,1,0001111359221e32,0001110022000000,0001110022000000,16191.50,PASS
5,random_fullrange_1,2,00022222b011081c,0002220011000000,0002220011000000,16968.30,PASS
5,random_fullrange_1,3,000311d2a72247db,0003110022000000,0003110022000000,17283.20,PASS
5,random_fullrange_1,4,0004221c0f1185ef,0004220011000000,0004220011000000,16416.60,PASS
5,random_fullrange_1,5,000511a40622b519,0005110022000000,0005110022000000,16669.50,PASS
5,random_fullrange_1,6,0006223834114cfe,0006220011000000,0006220011000000,16663.80,PASS
5,random_fullrange_1,7,000711c29822c0ce,0007110022000000,0007110022000000,16808.10,PASS
5,random_fullrange_1,8,0008227ed111c96c,0008220011000000,0008220011000000,16848.00,PASS
5,random_fullrange_1,9,000911a53d228970,0009110022000000,0009110022000000,16836.20,PASS
5,random_fullrange_1,10,000a223d6e112d03,000a220011000000,000a220011000000,16847.70,PASS
5,random_fullrange_1,11,000b11ae7f224096,000b110022000000,000b110022000000,16970.00,PASS
5,random_fullrange_1,12,000c2271fb110b48,000c220011000000,000c220011000000,16670.10,PASS
5,random_fullrange_1,13,000d11281322c53c,000d110022000000,000d110022000000,16986.20,PASS
5,random_fullrange_1,14,000e22c74b113e64,000e220011000000,000e220011000000,16791.90,PASS
5,random_fullrange_1,15,000f115d84226d0d,000f110022000000,000f110022000000,16941.10,PASS
5,random_fullrange_1,16,001022f099115037,0010220211000000,0010220211000000,17016.20,PASS
5,random_fullrange_1,17,001111c9c5222fe7,0011110222010000,0011110222010000,16777.10,PASS
5,random_fullrange_1,18,001222ff96115130,0012220211010000,0012220211010000,16695.10,PASS
5,random_fullrange_1,19,00131110f0222715,0013110122010000,0013110122010000,17246.40,PASS
5,random_fullrange_1,20,00142293ef11dae7,0014220211020000,0014220211020000,16386.60,PASS
5,random_fullrange_1,21,0015110f2d22fb5c,0015110122020000,0015110122020000,16940.20,PASS
5,random_fullrange_1,22,001622eb0b1115eb,0016220211010000,0016220211010000,16807.30,PASS
5,random_fullrange_1,23,00171140ad226102,0017110122010000,0017110122010000,17393.90,PASS
5,random_fullrange_1,24,001822b74911f286,0018220211020000,0018220211020000,16010.00,PASS
5,random_fullrange_1,25,001911ff66222cde,0019110222010000,0019110222010000,17264.10,PASS
5,random_fullrange_1,26,001a22f02c111dc7,001a220211010000,001a220211010000,17187.50,PASS
5,random_fullrange_1,27,001b11409822c3b8,001b110122020000,001b110122020000,16350.10,PASS
5,random_fullrange_1,28,001c22459e11fa74,001c220111020000,001c220111020000,16609.40,PASS
5,random_fullrange_1,29,001d11aa3d22dbd5,001d110222020000,001d110222020000,16910.80,PASS
5,random_fullrange_1,30,001e22fa3a11d872,001e220211020000,001e220211020000,16670.10,PASS
5,random_fullrange_1,31,001f11522e223192,001f110122010000,001f110122010000,16763.40,PASS
5,random_fullrange_1,32,0020221ade119ed8,0020220111020000,0020220111020000,17390.80,PASS
5,random_fullrange_1,33,00211132ac226c83,0021110122010000,0021110122010000,16269.10,PASS
5,random_fullrange_1,34,00222294f3117f30,0022220211020000,0022220211020000,16712.50,PASS
5,random_fullrange_1,35,0023114e8222c526,0023110122020000,0023110122020000,16759.20,PASS
5,random_fullrange_1,36,002422d5d411da90,0024220211020000,0024220211020000,16855.00,PASS
5,random_fullrange_1,37,0025116cd6221b04,0025110122010000,0025110122010000,17088.00,PASS
5,random_fullrange_1,38,002622ebee11d994,0026220211020000,0026220211020000,16565.10,PASS
5,random_fullrange_1,39,002711f7f2223a48,0027110222010000,0027110222010000,16919.50,PASS
5,random_fullrange_1,40,0028226ba21181d0,0028220111010000,0028220111010000,16882.60,PASS
5,random_fullrange_1,41,0029113bf2221d7e,0029110122010000,0029110122010000,16513.20,PASS
5,random_fullrange_1,42,002a2256f311358c,002a220111010000,002a220111010000,17143.60,PASS
5,random_fullrange_1,43,002b1167da223510,002b110122010000,002b110122010000,16915.90,PASS
5,random_fullrange_1,44,002c229fe011a629,002c220211020000,002c220211020000,16325.60,PASS
5,random_fullrange_1,45,002d11123f224abd,002d110122010000,002d110122010000,16846.60,PASS
5,random_fullrange_1,46,002e226386118aca,002e220111020000,002e220111020000,16980.60,PASS
5,random_fullrange_1,47,002f11cd562201c4,002f110222010000,002f110222010000,17140.00,PASS
5,random_fullrange_1,48,003022bc6911e17c,0030220211020000,0030220211020000,16972.20,PASS
5,random_fullrange_1,49,0031112f9322d9bf,0031110122020000,0031110122020000,16235.50,PASS
5,random_fullrange_1,50,0032222e5311587a,0032220111010000,0032220111010000,16817.70,PASS
5,random_fullrange_1,51,0033110a7e226f1d,0033110122020000,0033110122020000,16838.10,PASS
5,random_fullrange_1,52,00342204f1119b62,0034220111020000,0034220111020000,16841.60,PASS
5,random_fullrange_1,53,003511b39322ca79,0035110222020000,0035110222020000,16784.80,PASS
5,random_fullrange_1,54,0036224fbf110c09,0036220111010000,0036220111010000,16796.20,PASS
5,random_fullrange_1,55,003711520f227b8f,0037110122020000,0037110122020000,16860.50,PASS
5,random_fullrange_1,56,003822da9d119689,0038220211020000,0038220211020000,16885.20,PASS
5,random_fullrange_1,57,0039113a49228ad9,0039110122020000,0039110122020000,16944.50,PASS
5,random_fullrange_1,58,003a22cc8911d270,003a220211020000,003a220211020000,17023.80,PASS
5,random_fullrange_1,59,003b11066d22df5c,003b110122020000,003b110122020000,16611.40,PASS
5,random_fullrange_1,60,003c22713a118a51,003c220111020000,003c220111020000,16804.40,PASS
5,random_fullrange_1,61,003d116a8122e4df,003d110122020000,003d110122020000,16933.80,PASS
5,random_fullrange_1,62,003e22c00f119b64,003e220211020000,003e220211020000,16762.10,PASS
5,random_fullrange_1,63,003f110de7224910,003f110122010000,003f110122010000,16646.10,PASS
5,random_fullrange_1,64,004022d9a4116256,0040220211020000,0040220211020000,17017.90,PASS
5,random_fullrange_1,65,0041114d45224c3c,0041110122010000,0041110122010000,17395.10,PASS
5,random_fullrange_1,66,004222c7451121f5,0042220211010000,0042220211010000,16464.70,PASS
5,random_fullrange_1,67,004311c82e22553c,0043110222010000,0043110222010000,16819.20,PASS
5,random_fullrange_1,68,004422c41311a2f7,0044220211020000,0044220211020000,17240.50,PASS
5,random_fullrange_1,69,004511e9c5227a81,0045110222010000,0045110222010000,16517.70,PASS
5,random_fullrange_1,70,004622e2cd1179d2,0046220211020000,0046220211020000,16618.20,PASS
5,random_fullrange_1,71,0047113359220ecd,0047110122010000,0047110122010000,16978.80,PASS
5,random_fullrange_1,72,004822a5cc111a7a,0048220211010000,0048220211010000,16722.50,PASS
5,random_fullrange_1,73,00491106fa226f49,0049110122010000,0049110122010000,17363.30,PASS
5,random_fullrange_1,74,004a221b0f113eb8,004a220111010000,004a220111010000,16509.40,PASS
5,random_fullrange_1,75,004b11dfd522a834,004b110222020000,004b110222020000,17012.90,PASS
5,random_fullrange_1,76,004c221ff1113434,004c220111010000,004c220111010000,16253.80,PASS
5,random_fullrange_1,77,004d1197c4222ce5,004d110222010000,004d110222010000,16883.40,PASS
5,random_fullrange_1,78,004e222a17114786,004e220111010000,004e220111010000,16708.30,PASS
5,random_fullrange_1,79,004f11ef99229b72,004f110222020000,004f110222020000,16935.20,PASS
5,random_fullrange_1,80,0050226911113c1f,0050220111010000,0050220111010000,16658.70,PASS
5,random_fullrange_1,81,005111059d22d401,0051110122020000,0051110122020000,16902.70,PASS
5,random_fullrange_1,82,00522201a8118e4f,0052220111020000,0052220111020000,17268.40,PASS
5,random_fullrange_1,83,0053116fa1228171,0053110222020000,0053110222020000,17042.20,PASS
5,random_fullrange_1,84,005422191f11766b,0054220111020000,0054220111020000,16272.60,PASS
5,random_fullrange_1,85,005511357822168b,0055110122010000,0055110122010000,17043.50,PASS
5,random_fullrange_1,86,005622f5b9114d5d,0056220211010000,0056220211010000,16521.50,PASS
5,random_fullrange_1,87,005711fa6d22ab5b,0057110222020000,0057110222020000,16747.80,PASS
5,random_fullrange_1,88,0058228bde11301d,0058220211010000,0058220211010000,17506.40,PASS
5,random_fullrange_1,89,005911aa4522d2bc,0059110222020000,0059110222020000,16139.30,PASS
5,random_fullrange_1,90,005a220d02112fde,005a220111010000,005a220111010000,16813.90,PASS
5,random_fullrange_1,91,005b11ebd7220671,005b110222010000,005b110222010000,16818.70,PASS
5,random_fullrange_1,92,005c221e1b11c4e4,005c220111020000,005c220111020000,16774.20,PASS
5,random_fullrange_1,93,005d117a9022c6c7,005d110222020000,005d110222020000,16863.80,PASS
5,random_fullrange_1,94,005e223b3411e6d5,005e220111020000,005e220111020000,16911.70,PASS
5,random_fullrange_1,95,005f11b313228ce5,005f110222020000,005f110222020000,16643.50,PASS
5,random_fullrange_1,96,006022d31a11c722,0060220211020000,0060220211020000,16965.90,PASS
5,random_fullrange_1,97,00611136bd22605d,0061110122010000,0061110122010000,16774.50,PASS
5,random_fullrange_1,98,006222187a11bdab,0062220111020000,0062220111020000,16666.50,PASS
5,random_fullrange_1,99,0063112c44224406,0063110122010000,0063110122010000,16949.80,PASS
6,random_fullrange_2,0,0000117bad227410,0000110022000000,0000110022000000,8563.00,PASS
6,random_fullrange_2,1,000122eac3111ee6,0001220011000000,0001220011000000,16947.40,PASS
6,random_fullrange_2,2,000211724822faa6,0002110022000000,0002110022000000,16676.70,PASS
6,random_fullrange_2,3,000322d82911f3aa,0003220011000000,0003220011000000,17006.20,PASS
6,random_fullrange_2,4,0004114dfd221b2b,0004110022000000,0004110022000000,16735.40,PASS
6,random_fullrange_2,5,0005222c87118e7f,0005220011000000,0005220011000000,16968.30,PASS
6,random_fullrange_2,6,000611b076221b8c,0006110022000000,0006110022000000,16788.50,PASS
6,random_fullrange_2,7,000722734411cdf4,0007220011000000,0007220011000000,16764.50,PASS
6,random_fullrange_2,8,0008111727227df3,0008110022000000,0008110022000000,17006.80,PASS
6,random_fullrange_2,9,00092268de119308,0009220011000000,0009220011000000,16688.30,PASS
6,random_fullrange_2,10,000a114a992222b4,000a110022000000,000a110022000000,16939.80,PASS
6,random_fullrange_2,11,000b22d3f011bc81,000b220011000000,000b220011000000,16832.10,PASS
6,random_fullrange_2,12,000c1169ac22d80e,000c110022000000,000c110022000000,16701.40,PASS
6,random_fullrange_2,13,000d2240f01160df,000d220011000000,000d220011000000,16848.10,PASS
6,random_fullrange_2,14,000e11fbb922a4ab,000e110022000000,000e110022000000,16661.20,PASS
6,random_fullrange_2,15,000f2212391191e9,000f220011000000,000f220011000000,16922.50,PASS
6,random_fullrange_2,16,0010113baf22cbe1,0010110122020000,0010110122020000,16709.60,PASS
6,random_fullrange_2,17,001122ae7c111be7,0011220211010000,0011220211010000,16962.20,PASS
6,random_fullrange_2,18,00121121b922ec6e,0012110122020000,0012110122020000,16851.00,PASS
6,random_fullrange_2,19,001322600c11f20b,0013220111020000,0013220111020000,16758.10,PASS
6,random_fullrange_2,20,0014110d3022d5a1,0014110122020000,0014110122020000,16935.80,PASS
6,random_fullrange_2,21,0015220635117304,0015220111010000,0015220111010000,16777.50,PASS
6,random_fullrange_2,22,001611e40922d84d,0016110222020000,0016110222020000,16879.10,PASS
6,random_fullrange_2,23,00172210e511b08e,0017220111020000,0017220111020000,16922.00,PASS
6,random_fullrange_2,24,00181151b8220a11,0018110122010000,0018110122010000,17388.40,PASS
6,random_fullrange_2,25,001922f67511c06f,0019220211020000,0019220211020000,16334.20,PASS
6,random_fullrange_2,26,001a1157e6228104,001a110122010000,001a110122010000,16773.10,PASS
6,random_fullrange_2,27,001b228960114290,001b220211010000,001b220211010000,16875.40,PASS
6,random_fullrange_2,28,001c119377221d63,001c110222010000,001c110222010000,16784.20,PASS
6,random_fullrange_2,29,001d22369f11e892,001d220111020000,001d220111020000,16851.40,PASS
6,random_fullrange_2,30,001e11022f22d4d8,001e110122020000,001e110122020000,16840.90,PASS
6,random_fullrange_2,31,001f22b5bf11fefa,001f220211020000,001f220211020000,16809.40,PASS
6,random_fullrange_2,32,00201160f02236f8,0020110122010000,0020110122010000,16826.50,PASS
6,random_fullrange_2,33,00212241d811f35a,0021220111020000,0021220111020000,17033.40,PASS
6,random_fullrange_2,34,002211997522f47a,0022110222020000,0022110222020000,16915.50,PASS
6,random_fullrange_2,35,002322197911150d,0023220111010000,0023220111010000,16882.70,PASS
6,random_fullrange_2,36,002411d255220110,0024110222010000,0024110222010000,17182.80,PASS
6,random_fullrange_2,37,002522fa471122b4,0025220211010000,0025220211010000,16615.90,PASS
6,random_fullrange_2,38,002611518922737f,0026110122020000,0026110122020000,16588.50,PASS
6,random_fullrange_2,39,002722d849117adb,0027220211010000,0027220211010000,16985.00,PASS
6,random_fullrange_2,40,00281108aa224cda,0028110122010000,0028110122010000,17034.30,PASS
6,random_fullrange_2,41,002922499d1194be,0029220111020000,0029220111020000,16484.10,PASS
6,random_fullrange_2,42,002a1112af22b801,002a110122020000,002a110122020000,17056.90,PASS
6,random_fullrange_2,43,002b224c3011a0a7,002b220111020000,002b220111020000,16805.70,PASS
6,random_fullrange_2,44,002c1187b1221ecd,002c110222010000,002c110222010000,16566.10,PASS
6,random_fullrange_2,45,002d222e1611626d,002d220111010000,002d220111010000,16832.10,PASS
6,random_fullrange_2,46,002e1148b222c9a1,002e110122020000,002e110122020000,16748.90,PASS
6,random_fullrange_2,47,002f22e7cd117469,002f220211020000,002f220211020000,16931.40,PASS
6,random_fullrange_2,48,0030114fa022ac3e,0030110122020000,0030110122020000,16883.80,PASS
6,random_fullrange_2,49,0031227adb111a84,0031220111010000,0031220111010000,16681.20,PASS
6,random_fullrange_2,50,00321121ef22fd7f,0032110122020000,0032110122020000,16779.80,PASS
6,random_fullrange_2,51,003322ad2c113f43,0033220211010000,0033220211010000,17508.90,PASS
6,random_fullrange_2,52,00341159d422ae33,0034110222020000,0034110222020000,16535.40,PASS
6,random_fullrange_2,53,003522c11811bf8f,0035220211020000,0035220211020000,16452.30,PASS
6,random_fullrange_2,54,003611cd5522a174,0036110222020000,0036110222020000,17456.20,PASS
6,random_fullrange_2,55,003722c49d1168ae,0037220211020000,0037220211020000,16168.10,PASS
6,random_fullrange_2,56,003811824f221c22,0038110222010000,0038110222010000,16726.70,PASS
6,random_fullrange_2,57,003922771d11dc08,0039220111020000,0039220111020000,17067.40,PASS
6,random_fullrange_2,58,003a117476220000,003a110222010000,003a110222010000,16771.40,PASS
6,random_fullrange_2,59,003b2214e6112c72,003b220111010000,003b220111010000,16724.70,PASS
6,random_fullrange_2,60,003c11ee6122f2b5,003c110222020000,003c110222020000,16868.50,PASS
6,random_fullrange_2,61,003d22160a113e77,003d220111010000,003d220111010000,16930.40,PASS
6,random_fullrange_2,62,003e1187de2276de,003e110222010000,003e110222010000,16453.90,PASS
6,random_fullrange_2,63,003f22a33a11300a,003f220211010000,003f220211010000,16958.80,PASS
6,random_fullrange_2,64,0040111799226657,0040110122010000,0040110122010000,16881.80,PASS
6,random_fullrange_2,65,00412205ee11c665,0041220111020000,0041220111020000,17307.20,PASS
6,random_fullrange_2,66,004211286b223f1e,0042110122010000,0042110122010000,16141.20,PASS
6,random_fullrange_2,67,0043221765117ada,0043220111010000,0043220111010000,16872.00,PASS
6,random_fullrange_2,68,0044114ff8224b9c,0044110122010000,0044110122010000,16925.80,PASS
6,random_fullrange_2,69,004522d40f1102d9,0045220211010000,0045220211010000,16843.70,PASS
6,random_fullrange_2,70,004611e8e42284de,0046110222020000,0046110222020000,16810.10,PASS
6,random_fullrange_2,71,004722f691115d52,0047220211010000,0047220211010000,16613.40,PASS
6,random_fullrange_2,72,004811527d22c178,0048110122020000,0048110122020000,16939.40,PASS
6,random_fullrange_2,73,004922ea6811175b,0049220211010000,0049220211010000,17266.50,PASS
6,random_fullrange_2,74,004a1115fc2200bc,004a110122010000,004a110122010000,16386.10,PASS
6,random_fullrange_2,75,004b2273ea11f41d,004b220111020000,004b220111020000,17021.70,PASS
6,random_fullrange_2,76,004c11eb6c226ff0,004c110222010000,004c110222010000,17161.70,PASS
6,random_fullrange_2,77,004d22837011ef61,004d220211020000,004d220211020000,16867.80,PASS
6,random_fullrange_2,78,004e11bd9d22f974,004e110222020000,004e110222020000,16217.30,PASS
6,random_fullrange_2,79,004f225b3411e268,004f220111020000,004f220111020000,17018.20,PASS
6,random_fullrange_2,80,005011c6e622e84d,0050110222020000,0050110222020000,16665.60,PASS
6,random_fullrange_2,81,00512205da110324,0051220111010000,0051220111010000,16718.30,PASS
6,random_fullrange_2,82,005211290d226dad,0052110122010000,0052110122010000,16781.20,PASS
6,random_fullrange_2,83,0053222e3311eb5a,0053220111020000,0053220111020000,16822.40,PASS
6,random_fullrange_2,84,005411543c2219c7,0054110122010000,0054110122010000,16776.40,PASS
6,random_fullrange_2,85,00552244dd110c58,0055220111010000,0055220111010000,17121.80,PASS
6,random_fullrange_2,86,005611c568225735,0056110222010000,0056110222010000,16770.60,PASS
6,random_fullrange_2,87,00572292e3114139,0057220211010000,0057220211010000,17190.70,PASS
6,random_fullrange_2,88,005811a8f522a132,0058110222020000,0058110222020000,16650.20,PASS
6,random_fullrange_2,89,005922ba6211f98e,0059220211020000,0059220211020000,17342.80,PASS
6,random_fullrange_2,90,005a11d3bb22f093,005a110222020000,005a110222020000,17068.80,PASS
6,random_fullrange_2,91,005b22f87a1139c0,005b220211010000,005b220211010000,16305.40,PASS
6,random_fullrange_2,92,005c1150ed22e764,005c110122020000,005c110122020000,16807.70,PASS
6,random_fullrange_2,93,005d222a4611b346,005d220111020000,005d220111020000,16729.00,PASS
6,random_fullrange_2,94,005e1138822244e6,005e110122010000,005e110122010000,16651.20,PASS
6,random_fullrange_2,95,005f22eabd1195e9,005f220211020000,005f220211020000,16981.10,PASS
6,random_fullrange_2,96,006011c1db229442,0060110222020000,0060110222020000,16768.30,PASS
6,random_fullrange_2,97,006122f94811e889,0061220211020000,0061220211020000,16814.40,PASS
6,random_fullrange_2,98,006211082a22fa1f,0062110122020000,0062110122020000,16985.40,PASS
6,random_fullrange_2,99,006322bdac11b16e,0063220211020000,0063220211020000,17019.30,PASS
7,random_fullrange_3,0,000022f47811f432,0000220011000000,0000220011000000,2428.70,PASS
7,random_fullrange_3,1,00011117ab22754c,0001110022000000,0001110022000000,16664.10,PASS
7,random_fullrange_3,2,0002225d43117288,0002220011000000,0002220011000000,17111.70,PASS
7,random_fullrange_3,3,000311e25f2268a8,0003110022000000,0003110022000000,16839.40,PASS
7,random_fullrange_3,4,0004222967117ab9,0004220011000000,0004220011000000,16654.10,PASS
7,random_fullrange_3,5,0005111b8522c28d,0005110022000000,0005110022000000,16747.00,PASS
7,random_fullrange_3,6,0006220dde111883,0006220011000000,0006220011000000,17445.00,PASS
7,random_fullrange_3,7,00071103f722f467,0007110022000000,0007110022000000,16154.90,PASS
7,random_fullrange_3,8,000822c3a511a879,0008220011000000,0008220011000000,16903.20,PASS
7,random_fullrange_3,9,0009118dc8224c45,0009110022000000,0009110022000000,17013.30,PASS
7,random_fullrange_3,10,000a222d1011eb7c,000a220011000000,000a220011000000,16697.20,PASS
7,random_fullrange_3,11,000b116ac32200ae,000b110022000000,000b110022000000,17305.40,PASS
7,random_fullrange_3,12,000c22b88b1104d2,000c220011000000,000c220011000000,16261.40,PASS
7,random_fullrange_3,13,000d1162a722f921,000d110022000000,000d110022000000,17747.50,PASS
7,random_fullrange_3,14,000e22fd971110e7,000e220011000000,000e220011000000,16444.20,PASS
7,random_fullrange_3,15,000f11554b22e7cd,000f110022000000,000f110022000000,16277.80,PASS
7,random_fullrange_3,16,0010223e6811c7bc,0010220111020000,0010220111020000,17412.90,PASS
7,random_fullrange_3,17,0011116fd422d3be,0011110222020000,0011110222020000,16355.30,PASS
7,random_fullrange_3,18,0012223d6311a5c1,0012220111020000,0012220111020000,16635.20,PASS
7,random_fullrange_3,19,0013112148225465,0013110122010000,0013110122010000,16809.20,PASS
7,random_fullrange_3,20,0014221183117cb4,0014220111020000,0014220111020000,16913.40,PASS
7,random_fullrange_3,21,001511f254222e40,0015110222010000,0015110222010000,16419.00,PASS
7,random_fullrange_3,22,001622e06811f747,0016220211020000,0016220211020000,17001.80,PASS
7,random_fullrange_3,23,00171125a0226b5f,0017110122010000,0017110122010000,16807.80,PASS
7,random_fullrange_3,24,0018222b211137cb,0018220111010000,0018220111010000,16905.60,PASS
7,random_fullrange_3,25,001911afca22f396,0019110222020000,0019110222020000,16902.40,PASS
7,random_fullrange_3,26,001a221f21116cf8,001a220111010000,001a220111010000,17156.80,PASS
7,random_fullrange_3,27,001b11dee12228fa,001b110222010000,001b110222010000,16871.70,PASS
7,random_fullrange_3,28,001c224c2911d382,001c220111020000,001c220111020000,16304.40,PASS
7,random_fullrange_3,29,001d1119d4228e0b,001d110122020000,001d110122020000,17260.10,PASS
7,random_fullrange_3,30,001e22e59811271a,001e220211010000,001e220211010000,16368.90,PASS
7,random_fullrange_3,31,001f1112de22a118,001f110122020000,001f110122020000,17277.50,PASS
7,random_fullrange_3,32,002022956a1142e8,0020220211010000,0020220211010000,16351.50,PASS
7,random_fullrange_3,33,00211148db2248af,0021110122010000,0021110122010000,16774.50,PASS
7,random_fullrange_3,34,002222b7e4117a4f,0022220211020000,0022220211020000,16813.90,PASS
7,random_fullrange_3,35,0023117178226a3f,0023110122010000,0023110122010000,17497.20,PASS
7,random_fullrange_3,36,002422ac9d1184d3,0024220211020000,0024220211020000,15998.20,PASS
7,random_fullrange_3,37,0025117580224d99,0025110222010000,0025110222010000,16813.30,PASS
7,random_fullrange_3,38,0026223e71118cf9,0026220111020000,0026220111020000,16876.50,PASS
7,random_fullrange_3,39,0027118b36223441,0027110222010000,0027110222010000,16803.60,PASS
7,random_fullrange_3,40,002822843011f5e6,0028220211020000,0028220211020000,16818.40,PASS
7,random_fullrange_3,41,0029118511226357,0029110222010000,0029110222010000,16822.60,PASS
7,random_fullrange_3,42,002a2246aa11de98,002a220111020000,002a220111020000,17516.20,PASS
7,random_fullrange_3,43,002b11dff4227d06,002b110222020000,002b110222020000,16346.30,PASS
7,random_fullrange_3,44,002c22bb071191de,002c220211020000,002c220211020000,16819.40,PASS
7,random_fullrange_3,45,002d11d0ae22e66c,002d110222020000,002d110222020000,16973.80,PASS
7,random_fullrange_3,46,002e22fd6b113b0e,002e220211010000,002e220211010000,16906.70,PASS
7,random_fullrange_3,47,002f11d1cc22459c,002f110222010000,002f110222010000,16829.30,PASS
7,random_fullrange_3,48,003022bcd8119027,0030220211010000,0030220211010000,16678.70,PASS
7,random_fullrange_3,49,003111ef8c227fc9,0031110222010000,0031110222010000,16703.40,PASS
7,random_fullrange_3,50,003222be9a11bf5c,0032220211020000,0032220211020000,17057.80,PASS
7,random_fullrange_3,51,0033119344228241,0033110122010000,0033110122010000,16901.80,PASS
7,random_fullrange_3,52,003422b882110d44,0034220211010000,0034220211010000,16880.40,PASS
7,random_fullrange_3,53,003511a22a22f5f2,0035110122020000,0035110122020000,16960.80,PASS
7,random_fullrange_3,54,003622e57211bc47,0036220211020000,0036220211020000,16802.80,PASS
7,random_fullrange_3,55,003711f63c22533a,0037110222010000,0037110222010000,16929.40,PASS
7,random_fullrange_3,56,003822cef711303d,0038220211010000,0038220211010000,16882.30,PASS
7,random_fullrange_3,57,0039115e85225ab4,0039110122010000,0039110122010000,16958.60,PASS
7,random_fullrange_3,58,003a2200d1115a5e,003a220111010000,003a220111010000,16836.40,PASS
7,random_fullrange_3,59,003b112e1d22a2b0,003b110122020000,003b110122020000,16757.60,PASS
7,random_fullrange_3,60,003c22a04911f9dc,003c220211020000,003c220211020000,16951.40,PASS
7,random_fullrange_3,61,003d11363f229e58,003d110122020000,003d110122020000,16663.90,PASS
7,random_fullrange_3,62,003e2218e011ddb0,003e220111020000,003e220111020000,17000.00,PASS
7,random_fullrange_3,63,003f113580222f23,003f110122010000,003f110122010000,16963.80,PASS
7,random_fullrange_3,64,004022722411db56,0040220111020000,0040220111020000,17196.70,PASS
7,random_fullrange_3,65,0041119c41220424,0041110222010000,0041110222010000,16874.20,PASS
7,random_fullrange_3,66,004222485b114935,0042220111010000,0042220111010000,16703.10,PASS
7,random_fullrange_3,67,004311819c22f823,0043110222020000,0043110222020000,16577.30,PASS
7,random_fullrange_3,68,004422c08d11ce00,0044220211020000,0044220211020000,16385.20,PASS
7,random_fullrange_3,69,0045112c2422e9c0,0045110122020000,0045110122020000,16960.90,PASS
7,random_fullrange_3,70,00462260b611b2eb,0046220111020000,0046220111020000,16963.50,PASS
7,random_fullrange_3,71,0047116c7b229dd9,0047110122020000,0047110122020000,16863.90,PASS
7,random_fullrange_3,72,004822482511561c,0048220111010000,0048220111010000,17085.80,PASS
7,random_fullrange_3,73,004911ae9a22967a,0049110222020000,0049110222020000,16901.30,PASS
7,random_fullrange_3,74,004a225d5a116bbd,004a220111010000,004a220111010000,16033.00,PASS
7,random_fullrange_3,75,004b11ddf722e5be,004b110222020000,004b110222020000,17619.90,PASS
7,random_fullrange_3,76,004c22f9cd11eeef,004c220211020000,004c220211020000,16270.30,PASS
7,random_fullrange_3,77,004d11c8a8229c5d,004d110222020000,004d110222020000,16677.50,PASS
7,random_fullrange_3,78,004e228b74117d1c,004e220111010000,004e220111010000,16936.20,PASS
7,random_fullrange_3,79,004f11b1a8223e6b,004f110222010000,004f110222010000,17398.60,PASS
7,random_fullrange_3,80,005022b3b811e520,0050220211020000,0050220211020000,16252.40,PASS
7,random_fullrange_3,81,0051119eb5228aa3,0051110222010000,0051110222010000,16786.90,PASS
7,random_fullrange_3,82,0052220c99111d7b,0052220111010000,0052220111010000,16523.30,PASS
7,random_fullrange_3,83,0053110a6b2295f9,0053110122020000,0053110122020000,17103.30,PASS
7,random_fullrange_3,84,005422e22a11a1a8,0054220211020000,0054220211020000,16713.50,PASS
7,random_fullrange_3,85,005511bc0022c62c,0055110222020000,0055110222020000,17221.30,PASS
7,random_fullrange_3,86,00562279021144b0,0056220111010000,0056220111010000,16928.00,PASS
7,random_fullrange_3,87,0057112c8122cb01,0057110122020000,0057110122020000,16343.10,PASS
7,random_fullrange_3,88,0058228799119975,0058220111020000,0058220111020000,17391.60,PASS
7,random_fullrange_3,89,005911985c2211f9,0059110222010000,0059110222010000,16360.00,PASS
7,random_fullrange_3,90,005a22322e11b2c7,005a220111020000,005a220111020000,17397.20,PASS
7,random_fullrange_3,91,005b11947322d3da,005b110222020000,005b110222020000,16640.80,PASS
7,random_fullrange_3,92,005c22d8841141f5,005c220211010000,005c220211010000,16336.60,PASS
7,random_fullrange_3,93,005d11442022f2b4,005d110122020000,005d110122020000,16852.90,PASS
7,random_fullrange_3,94,005e22d0b6111851,005e220211010000,005e220211010000,16618.30,PASS
7,random_fullrange_3,95,005f11307922f6fb,005f110122020000,005f110122020000,17067.10,PASS
7,random_fullrange_3,96,00602244fd11b5d4,0060220111020000,0060220111020000,16711.90,PASS
7,random_fullrange_3,97,0061111da7225af5,0061110122010000,0061110122010000,17172.80,PASS
7,random_fullrange_3,98,006222db6e1135db,0062220211010000,0062220211010000,16779.50,PASS
7,random_fullrange_3,99,006311bb8022dc68,0063110222020000,0063110222020000,16398.50,PASS
8,random_fullrange_4,0,000011d265227be5,0000110022000000,0000110022000000,17257.10,PASS
8,random_fullrange_4,1,00012289e11138f0,0001220011000000,0001220011000000,17602.10,PASS
8,random_fullrange_4,2,000211223c22bde1,0002110022000000,0002110022000000,16106.00,PASS
8,random_fullrange_4,3,000322891c1121f4,0003220011000000,0003220011000000,16824.20,PASS
8,random_fullrange_4,4,000411ac692243dc,0004110022000000,0004110022000000,17481.60,PASS
8,random_fullrange_4,5,000522408d116513,0005220011000000,0005220011000000,16701.30,PASS
8,random_fullrange_4,6,000611b37c22dedd,0006110022000000,0006110022000000,16885.80,PASS
8,random_fullrange_4,7,000722cc96118f6b,0007220011000000,0007220011000000,16620.40,PASS
8,random_fullrange_4,8,0008117a30227140,0008110022000000,0008110022000000,16793.90,PASS
8,random_fullrange_4,9,0009225396117a01,0009220011000000,0009220011000000,16540.30,PASS
8,random_fullrange_4,10,000a11f533224cdd,000a110022000000,000a110022000000,16783.60,PASS
8,random_fullrange_4,11,000b2263cc118002,000b220011000000,000b220011000000,16756.10,PASS
8,random_fullrange_4,12,000c1115c0221366,000c110022000000,000c110022000000,16782.10,PASS
8,random_fullrange_4,13,000d22e29911918c,000d220011000000,000d220011000000,16898.60,PASS
8,random_fullrange_4,14,000e11a1dd22df84,000e110022000000,000e110022000000,17019.80,PASS
8,random_fullrange_4,15,000f22079e11711c,000f220011000000,000f220011000000,16657.90,PASS
8,random_fullrange_4,16,001011e92322278f,0010110222000000,0010110222000000,17040.60,PASS
8,random_fullrange_4,17,001122091e11c989,0011220011020000,0011220011020000,16763.50,PASS
8,random_fullrange_4,18,001211827722c788,0012110122020000,0012110122020000,16997.20,PASS
8,random_fullrange_4,19,001322c8ad11845d,0013220211010000,0013220211010000,16939.90,PASS
8,random_fullrange_4,20,001411ca7122eb33,0014110222020000,0014110222020000,16913.80,PASS
8,random_fullrange_4,21,001522124111a62a,0015220111020000,0015220111020000,16785.30,PASS
8,random_fullrange_4,22,0016114096229222,0016110122020000,0016110122020000,16824.10,PASS
8,random_fullrange_4,23,0017220a94111297,0017220111010000,0017220111010000,16876.20,PASS
8,random_fullrange_4,24,001811fd0e2296c2,0018110222020000,0018110222020000,16720.30,PASS
8,random_fullrange_4,25,00192276951101f9,0019220211010000,0019220211010000,16705.90,PASS
8,random_fullrange_4,26,001a113b6b22ce2c,001a110122020000,001a110122020000,16893.80,PASS
8,random_fullrange_4,27,001b224e3511a0d0,001b220111020000,001b220111020000,16814.00,PASS
8,random_fullrange_4,28,001c113abc224dbb,001c110122010000,001c110122010000,16674.50,PASS
8,random_fullrange_4,29,001d22fd38116103,001d220211010000,001d220211010000,16965.10,PASS
8,random_fullrange_4,30,001e114fe5229dc0,001e110122020000,001e110122020000,17003.70,PASS
8,random_fullrange_4,31,001f227e7c113ab2,001f220111010000,001f220111010000,16792.50,PASS
8,random_fullrange_4,32,00201176a822e166,0020110222020000,0020110222020000,16942.80,PASS
8,random_fullrange_4,33,0021224305118fe1,0021220111020000,0021220111020000,16910.50,PASS
8,random_fullrange_4,34,0022115eac22f557,0022110122020000,0022110122020000,16975.50,PASS
8,random_fullrange_4,35,00232275f6117baa,0023220111020000,0023220111020000,16648.20,PASS
8,random_fullrange_4,36,002411880322bc0d,0024110222020000,0024110222020000,17085.50,PASS
8,random_fullrange_4,37,0025223072111df8,0025220111010000,0025220111010000,16856.30,PASS
8,random_fullrange_4,38,002611cc9d228543,0026110222010000,0026110222010000,16801.20,PASS
8,random_fullrange_4,39,002722dfac112abe,0027220211010000,0027220211010000,16725.20,PASS
8,random_fullrange_4,40,002811821b228a38,0028110222010000,0028110222010000,16893.70,PASS
8,random_fullrange_4,41,002922ce741114be,0029220211010000,0029220211010000,16836.10,PASS
8,random_fullrange_4,42,002a11c8452221cb,002a110222010000,002a110222010000,16738.50,PASS
8,random_fullrange_4,43,002b22d138118202,002b220211020000,002b220211020000,16860.20,PASS
8,random_fullrange_4,44,002c1108e92222ef,002c110122010000,002c110122010000,16727.00,PASS
8,random_fullrange_4,45,002d2206a011ae7a,002d220111020000,002d220111020000,16769.40,PASS
8,random_fullrange_4,46,002e1134c922b566,002e110122020000,002e110122020000,17116.90,PASS
8,random_fullrange_4,47,002f225fd311d6c9,002f220111020000,002f220111020000,16654.20,PASS
8,random_fullrange_4,48,003011f80a22268d,0030110222010000,0030110222010000,16764.50,PASS
8,random_fullrange_4,49,0031222e0e1100ab,0031220111010000,0031220111010000,16905.70,PASS
8,random_fullrange_4,50,003211a85d227a67,0032110222020000,0032110222020000,16773.20,PASS
8,random_fullrange_4,51,003322d9df116153,0033220211010000,0033220211010000,16859.90,PASS
8,random_fullrange_4,52,003411e7b42287b9,0034110222020000,0034110222020000,16852.60,PASS
8,random_fullrange_4,53,003522f92f11d09a,0035220211020000,0035220211020000,16924.80,PASS
8,random_fullrange_4,54,00361155cf229b56,0036110122020000,0036110122020000,16595.60,PASS
8,random_fullrange_4,55,00372230b211a408,0037220111020000,0037220111020000,16794.30,PASS
8,random_fullrange_4,56,00381119702291e6,0038110122020000,0038110122020000,16863.60,PASS
8,random_fullrange_4,57,00392252df118f6e,0039220111020000,0039220111020000,16832.60,PASS
8,random_fullrange_4,58,003a11a26b22934e,003a110222020000,003a110222020000,16718.90,PASS
8,random_fullrange_4,59,003b228334115b74,003b220211010000,003b220211010000,16759.90,PASS
8,random_fullrange_4,60,003c119e3922f843,003c110222020000,003c110222020000,16909.10,PASS
8,random_fullrange_4,61,003d22d71311451e,003d220211010000,003d220211010000,16862.70,PASS
8,random_fullrange_4,62,003e11e85c22cf2b,003e110222020000,003e110222020000,16811.80,PASS
8,random_fullrange_4,63,003f2295ba112389,003f220211010000,003f220211010000,16938.90,PASS
8,random_fullrange_4,64,00401112dd224c2b,0040110122010000,0040110122010000,16817.50,PASS
8,random_fullrange_4,65,004122934711d626,0041220111020000,0041220111020000,16974.40,PASS
8,random_fullrange_4,66,004211df9e2286ec,0042110222010000,0042110222010000,16731.40,PASS
8,random_fullrange_4,67,0043226e5511f731,0043220111020000,0043220111020000,16693.40,PASS
8,random_fullrange_4,68,004411425f22e8cb,0044110122020000,0044110122020000,16806.40,PASS
8,random_fullrange_4,69,004522f91811179e,0045220211010000,0045220211010000,16762.20,PASS
8,random_fullrange_4,70,00461185bf2274ac,0046110222010000,0046110222010000,16782.10,PASS
8,random_fullrange_4,71,004722096e117153,0047220111010000,0047220111010000,16826.50,PASS
8,random_fullrange_4,72,004811b67522b3b2,0048110222020000,0048110222020000,16876.90,PASS
8,random_fullrange_4,73,004922585c11b0a3,0049220111020000,0049220111020000,16897.70,PASS
8,random_fullrange_4,74,004a117b44228512,004a110122010000,004a110122010000,17051.50,PASS
8,random_fullrange_4,75,004b2223e711dcfb,004b220111020000,004b220111020000,16739.10,PASS
8,random_fullrange_4,76,004c114fef224df0,004c110122010000,004c110122010000,16884.00,PASS
8,random_fullrange_4,77,004d22780611ce44,004d220111020000,004d220111020000,16823.40,PASS
8,random_fullrange_4,78,004e11f15b2285dc,004e110222020000,004e110222020000,16817.10,PASS
8,random_fullrange_4,79,004f22c7ed11c378,004f220211020000,004f220211020000,16910.80,PASS
8,random_fullrange_4,80,00501137b722f27f,0050110122020000,0050110122020000,16680.80,PASS
8,random_fullrange_4,81,005122d01211a4df,0051220211020000,0051220211020000,17015.20,PASS
8,random_fullrange_4,82,00521131082238da,0052110122010000,0052110122010000,16787.90,PASS
8,random_fullrange_4,83,005322494e11c36d,0053220111020000,0053220111020000,17080.20,PASS
8,random_fullrange_4,84,0054119d1e225d06,0054110222010000,0054110222010000,16780.60,PASS
8,random_fullrange_4,85,005522d35e114061,0055220211010000,0055220211010000,16905.00,PASS
8,random_fullrange_4,86,005611376422a416,0056110122020000,0056110122020000,17183.40,PASS
8,random_fullrange_4,87,0057229d3d11c480,0057220211020000,0057220211020000,16407.50,PASS
8,random_fullrange_4,88,005811abc62291bf,0058110222020000,0058110222020000,16690.60,PASS
8,random_fullrange_4,89,0059229179118393,0059220211010000,0059220211010000,16944.10,PASS
8,random_fullrange_4,90,005a11667a224050,005a110122010000,005a110122010000,16796.80,PASS
8,random_fullrange_4,91,005b220dee1144bc,005b220111010000,005b220111010000,16871.70,PASS
8,random_fullrange_4,92,005c11bf142263ca,005c110222010000,005c110222010000,16619.30,PASS
8,random_fullrange_4,93,005d22fe93115ab7,005d220211010000,005d220211010000,16942.90,PASS
8,random_fullrange_4,94,005e117e4d22aa10,005e110222020000,005e110222020000,16747.30,PASS
8,random_fullrange_4,95,005f22c27f113f7c,005f220211010000,005f220211010000,16883.00,PASS
8,random_fullrange_4,96,006011049222551d,0060110122010000,0060110122010000,16904.60,PASS
8,random_fullrange_4,97,006122ef2011d96a,0061220211020000,0061220211020000,16986.60,PASS
8,random_fullrange_4,98,006211a5f422f7a5,0062110222020000,0062110222020000,16864.10,PASS
8,random_fullrange_4,99,006322088a11e9f3,0063220111020000,0063220111020000,16879.10,PASS
9,random_fullrange_5,0,000022e34d114d60,0000220011000000,0000220011000000,16382.10,PASS
9,random_fullrange_5,1,000111de20226961,0001110022000000,0001110022000000,16679.30,PASS
9,random_fullrange_5,2,0002220f8311ce6f,0002220011000000,0002220011000000,16785.30,PASS
9,random_fullrange_5,3,000311363622de36,0003110022000000,0003110022000000,17490.20,PASS
9,random_fullrange_5,4,00042228b6114ad8,0004220011000000,0004220011000000,16129.20,PASS
9,random_fullrange_5,5,0005111c6a22456e,0005110022000000,0005110022000000,16908.80,PASS
9,random_fullrange_5,6,000622b70111a2b2,0006220011000000,0006220011000000,16821.70,PASS
9,random_fullrange_5,7,000711e9a522f91d,0007110022000000,0007110022000000,16811.30,PASS
9,random_fullrange_5,8,00082267eb11decb,0008220011000000,0008220011000000,17547.20,PASS
9,random_fullrange_5,9,000911d45422e5ea,0009110022000000,0009110022000000,16177.60,PASS
9,random_fullrange_5,10,000a22186111f241,000a220011000000,000a220011000000,17010.00,PASS
9,random_fullrange_5,11,000b1104af22d1ec,000b110022000000,000b110022000000,17154.60,PASS
9,random_fullrange_5,12,000c22b22b112e0d,000c220011000000,000c220011000000,16789.40,PASS
9,random_fullrange_5,13,000d11654c224208,000d110022000000,000d110022000000,16531.20,PASS
9,random_fullrange_5,14,000e22729f119176,000e220011000000,000e220011000000,16725.90,PASS
9,random_fullrange_5,15,000f116f5e22ae9e,000f110022000000,000f110022000000,16634.90,PASS
9,random_fullrange_5,16,00102224d111b87c,0010220111020000,0010220111020000,16876.20,PASS
9,random_fullrange_5,17,001111f91822840e,0011110222020000,0011110222020000,16905.70,PASS
9,random_fullrange_5,18,001222f87b1191f9,0012220211020000,0012220211020000,16741.50,PASS
9,random_fullrange_5,19,001311df742294cd,0013110222020000,0013110222020000,16741.20,PASS
9,random_fullrange_5,20,001422f70311cf92,0014220211020000,0014220211020000,16606.90,PASS
9,random_fullrange_5,21,001511d10a22dd9c,0015110222020000,0015110222020000,16992.60,PASS
9,random_fullrange_5,22,001622b880113a93,0016220211010000,0016220211010000,17555.30,PASS
9,random_fullrange_5,23,001711c09422df51,0017110222020000,0017110222020000,16452.80,PASS
9,random_fullrange_5,24,001822039911c8fc,0018220111020000,0018220111020000,16728.50,PASS
9,random_fullrange_5,25,0019119f30224d7e,0019110222010000,0019110222010000,17003.30,PASS
9,random_fullrange_5,26,001a22d1c011114b,001a220211010000,001a220211010000,16571.20,PASS
9,random_fullrange_5,27,001b11d6d122b655,001b110222020000,001b110222020000,17592.60,PASS
9,random_fullrange_5,28,001c22a8c2113e96,001c220211010000,001c220211010000,16238.40,PASS
9,random_fullrange_5,29,001d11ddcb2279f2,001d110222010000,001d110222010000,17290.60,PASS
9,random_fullrange_5,30,001e227bd3118019,001e220111010000,001e220111010000,16373.90,PASS
9,random_fullrange_5,31,001f11f9632228c0,001f110222010000,001f110222010000,16583.50,PASS
9,random_fullrange_5,32,002022f3131116a7,0020220211010000,0020220211010000,17025.20,PASS
9,random_fullrange_5,33,00211116e322de4d,0021110122020000,0021110122020000,16546.80,PASS
9,random_fullrange_5,34,002222c06211d5c4,0022220211020000,0022220211020000,17637.30,PASS
9,random_fullrange_5,35,00231158b322b032,0023110122020000,0023110122020000,15884.80,PASS
9,random_fullrange_5,36,002422eb80116773,0024220211010000,0024220211010000,17028.90,PASS
9,random_fullrange_5,37,002511ceb422e21b,0025110222020000,0025110222020000,17302.00,PASS
9,random_fullrange_5,38,0026220e15115ca9,0026220111010000,0026220111010000,16259.70,PASS
9,random_fullrange_5,39,002711208622c29d,0027110122020000,0027110122020000,16884.00,PASS
9,random_fullrange_5,40,002822cc8e112b08,0028220211010000,0028220211010000,16676.80,PASS
9,random_fullrange_5,41,002911669f225c8a,0029110122010000,0029110122010000,16712.10,PASS
9,random_fullrange_5,42,002a22a88b11c587,002a220211020000,002a220211020000,16991.30,PASS
9,random_fullrange_5,43,002b118c2022300a,002b110222010000,002b110222010000,16807.30,PASS
9,random_fullrange_5,44,002c2228d811ae32,002c220111020000,002c220111020000,16886.00,PASS
9,random_fullrange_5,45,002d11bab322d904,002d110222020000,002d110222020000,16787.00,PASS
9,random_fullrange_5,46,002e2288171163cf,002e220111010000,002e220111010000,17020.60,PASS
9,random_fullrange_5,47,002f114fdc226d4b,002f110122010000,002f110122010000,16993.70,PASS
9,random_fullrange_5,48,003022b423111943,0030220211010000,0030220211010000,16514.10,PASS
9,random_fullrange_5,49,0031111c0322cfaa,0031110122020000,0031110122020000,17650.10,PASS
9,random_fullrange_5,50,003222559911f3fb,0032220111020000,0032220111020000,16250.30,PASS
9,random_fullrange_5,51,003311e235221177,0033110222010000,0033110222010000,17419.20,PASS
9,random_fullrange_5,52,003422afdb1127f5,0034220211010000,0034220211010000,16343.70,PASS
9,random_fullrange_5,53,0035116a4222f016,0035110122020000,0035110122020000,17421.30,PASS
9,random_fullrange_5,54,003622db6a11a2f2,0036220211020000,0036220211020000,16598.50,PASS
9,random_fullrange_5,55,003711cdd422eb00,0037110222020000,0037110222020000,16459.60,PASS
9,random_fullrange_5,56,003822e7e711ec00,0038220211020000,0038220211020000,16847.10,PASS
9,random_fullrange_5,57,0039114ed82248a4,0039110122010000,0039110122010000,16691.50,PASS
9,random_fullrange_5,58,003a22752911f1c4,003a220111020000,003a220111020000,16772.90,PASS
9,random_fullrange_5,59,003b11a6df22ee86,003b110222020000,003b110222020000,16909.80,PASS
9,random_fullrange_5,60,003c2218d8119ea6,003c220111020000,003c220111020000,16851.90,PASS
9,random_fullrange_5,61,003d11598022c0bf,003d110122020000,003d110122020000,17169.90,PASS
9,random_fullrange_5,62,003e22c8dd11543d,003e220211010000,003e220211010000,17416.50,PASS
9,random_fullrange_5,63,003f1197eb22dd17,003f110222020000,003f110222020000,16493.20,PASS
9,random_fullrange_5,64,0040223c671173cc,0040220111010000,0040220111010000,16602.70,PASS
9,random_fullrange_5,65,004111266c22e021,0041110122020000,0041110122020000,16587.40,PASS
9,random_fullrange_5,66,0042229606117372,0042220111010000,0042220111010000,16646.10,PASS
9,random_fullrange_5,67,004311c676220d71,0043110222010000,0043110222010000,16653.60,PASS
9,random_fullrange_5,68,004422d2f411b773,0044220211020000,0044220211020000,16888.50,PASS
9,random_fullrange_5,69,0045118882228587,0045110122010000,0045110122010000,16842.40,PASS
9,random_fullrange_5,70,00462220bf115dec,0046220111010000,0046220111010000,17051.60,PASS
9,random_fullrange_5,71,00471187392291ab,0047110122020000,0047110122020000,16585.70,PASS
9,random_fullrange_5,72,0048220666118d8f,0048220111020000,0048220111020000,16771.90,PASS
9,random_fullrange_5,73,004911dfd7225e1b,0049110222010000,0049110222010000,17367.60,PASS
9,random_fullrange_5,74,004a227fe0117a08,004a220111010000,004a220111010000,16265.50,PASS
9,random_fullrange_5,75,004b1104d8228d5f,004b110122020000,004b110122020000,16958.90,PASS
9,random_fullrange_5,76,004c22179f116ee8,004c220111010000,004c220111010000,16704.70,PASS
9,random_fullrange_5,77,004d11e8b722d723,004d110222020000,004d110222020000,16862.60,PASS
9,random_fullrange_5,78,004e22818b11d044,004e220211020000,004e220211020000,16635.40,PASS
9,random_fullrange_5,79,004f11819022c0b2,004f110122020000,004f110122020000,17018.50,PASS
9,random_fullrange_5,80,0050224ff711d380,0050220111020000,0050220111020000,16811.60,PASS
9,random_fullrange_5,81,005111545f22c1de,0051110122020000,0051110122020000,16505.60,PASS
9,random_fullrange_5,82,005222ab35117320,0052220211010000,0052220211010000,16967.70,PASS
9,random_fullrange_5,83,005311c64322f2da,0053110222020000,0053110222020000,16515.60,PASS
9,random_fullrange_5,84,005422447511f3e2,0054220111020000,0054220111020000,17009.40,PASS
9,random_fullrange_5,85,005511eb242296d8,0055110222020000,0055110222020000,16910.90,PASS
9,random_fullrange_5,86,005622a835113988,0056220211010000,0056220211010000,17056.10,PASS
9,random_fullrange_5,87,00571169a622c8c2,0057110122020000,0057110122020000,16636.50,PASS
9,random_fullrange_5,88,00582264e3113683,0058220111010000,0058220111010000,17151.60,PASS
9,random_fullrange_5,89,005911501d221604,0059110122010000,0059110122010000,17071.50,PASS
9,random_fullrange_5,90,005a22e2a011a696,005a220211020000,005a220211020000,16339.40,PASS
9,random_fullrange_5,91,005b114d1a22c11c,005b110122020000,005b110122020000,16853.20,PASS
9,random_fullrange_5,92,005c22e78711db4d,005c220211020000,005c220211020000,16876.30,PASS
9,random_fullrange_5,93,005d11461122d664,005d110122020000,005d110122020000,16819.90,PASS
9,random_fullrange_5,94,005e22db4e1153f7,005e220211010000,005e220211010000,16834.80,PASS
9,random_fullrange_5,95,005f11e3cc22f90f,005f110222020000,005f110222020000,16881.10,PASS
9,random_fullrange_5,96,006022cffb11aae0,0060220211020000,0060220211020000,16977.90,PASS
9,random_fullrange_5,97,0061112dcf22f90f,0061110122020000,0061110122020000,16828.80,PASS
9,random_fullrange_5,98,006222a268117f72,0062220111010000,0062220111010000,16756.40,PASS
9,random_fullrange_5,99,0063112eed2280a4,0063110122010000,0063110122010000,17343.50,PASS
10,random_fullrange_6,0,000011186022d562,0000110022000000,0000110022000000,11151.00,PASS
10,random_fullrange_6,1,00012288cd1141f4,0001220011000000,0001220011000000,16570.00,PASS
10,random_fullrange_6,2,000211fc8522603f,0002110022000000,0002110022000000,16549.10,PASS
10,random_fullrange_6,3,000322fd27119d55,0003220011000000,0003220011000000,17205.30,PASS
10,random_fullrange_6,4,000411d12522a6c7,0004110022000000,0004110022000000,16549.00,PASS
10,random_fullrange_6,5,0005223d4411242f,0005220011000000,0005220011000000,16758.30,PASS
10,random_fullrange_6,6,00061144e92219a1,0006110022000000,0006110022000000,16889.30,PASS
10,random_fullrange_6,7,0007223d8911f7cf,0007220011000000,0007220011000000,16639.80,PASS
10,random_fullrange_6,8,0008119a512210c9,0008110022000000,0008110022000000,16793.50,PASS
10,random_fullrange_6,9,000922611e1138b1,0009220011000000,0009220011000000,17075.10,PASS
10,random_fullrange_6,10,000a1153fb22b149,000a110022000000,000a110022000000,16740.90,PASS
10,random_fullrange_6,11,000b22cfc4116c7d,000b220011000000,000b220011000000,17091.40,PASS
10,random_fullrange_6,12,000c1105632294c4,000c110022000000,000c110022000000,16717.00,PASS
10,random_fullrange_6,13,000d2284c9113860,000d220011000000,000d220011000000,16946.10,PASS
10,random_fullrange_6,14,000e11e77b22b4b5,000e110022000000,000e110022000000,16846.20,PASS
10,random_fullrange_6,15,000f227e7d11b870,000f220011000000,000f220011000000,16961.30,PASS
10,random_fullrange_6,16,001011401222a611,0010110122020000,0010110122020000,17445.00,PASS
10,random_fullrange_6,17,00112201af11fb78,0011220111020000,0011220111020000,16120.60,PASS
10,random_fullrange_6,18,001211e6312271eb,0012110222010000,0012110222010000,16931.00,PASS
10,random_fullrange_6,19,0013228c8311d220,0013220211020000,0013220211020000,16730.00,PASS
10,random_fullrange_6,20,001411955c22270d,0014110222010000,0014110222010000,16889.40,PASS
10,random_fullrange_6,21,0015225154119ada,0015220111020000,0015220111020000,16652.80,PASS
10,random_fullrange_6,22,001611e20522f963,0016110222020000,0016110222020000,16991.90,PASS
10,random_fullrange_6,23,001722ad7111897b,0017220211010000,0017220211010000,16893.90,PASS
10,random_fullrange_6,24,001811698422ece6,0018110122020000,0018110122020000,17126.40,PASS
10,random_fullrange_6,25,001922270f1100b7,0019220111010000,0019220111010000,16447.40,PASS
10,random_fullrange_6,26,001a11f51122d131,001a110222020000,001a110222020000,16646.70,PASS
10,random_fullrange_6,27,001b220362115100,001b220111010000,001b220111010000,17363.30,PASS
10,random_fullrange_6,28,001c11bdb822e822,001c110222020000,001c110222020000,16348.50,PASS
10,random_fullrange_6,29,001d22f602110980,001d220211010000,001d220211010000,16922.90,PASS
10,random_fullrange_6,30,001e115cfb22950a,001e110122020000,001e110122020000,17060.40,PASS
10,random_fullrange_6,31,001f226ea41157d9,001f220111010000,001f220111010000,16394.40,PASS
10,random_fullrange_6,32,0020110e73227227,0020110122010000,0020110122010000,17552.80,PASS
10,random_fullrange_6,33,002122bada115043,0021220211010000,0021220211010000,16466.10,PASS
10,random_fullrange_6,34,002211dbff227d70,0022110222010000,0022110222010000,16466.00,PASS
10,random_fullrange_6,35,0023224db6117267,0023220111010000,0023220111010000,16812.30,PASS
10,random_fullrange_6,36,002411f6c322e8f9,0024110222020000,0024110222020000,17427.30,PASS
10,random_fullrange_6,37,002522bf9411ad40,0025220211020000,0025220211020000,16637.70,PASS
10,random_fullrange_6,38,002611d31d224657,0026110222010000,0026110222010000,16491.60,PASS
10,random_fullrange_6,39,002722cd1811da10,0027220211020000,0027220211020000,16707.10,PASS
10,random_fullrange_6,40,002811eef7227fb1,0028110222010000,0028110222010000,16897.80,PASS
10,random_fullrange_6,41,002922061d11b6fb,0029220111020000,0029220111020000,16659.00,PASS
10,random_fullrange_6,42,002a11726222a5cc,002a110122020000,002a110122020000,16971.10,PASS
10,random_fullrange_6,43,002b2242281112f9,002b220111010000,002b220111010000,17025.90,PASS
10,random_fullrange_6,44,002c1148ec22f3cd,002c110122020000,002c110122020000,16690.60,PASS
10,random_fullrange_6,45,002d22f5ad1154c0,002d220211010000,002d220211010000,16748.20,PASS
10,random_fullrange_6,46,002e11ec5722cf27,002e110222020000,002e110222020000,16889.70,PASS
10,random_fullrange_6,47,002f22b71911c287,002f220211020000,002f220211020000,16682.90,PASS
10,random_fullrange_6,48,003011c7d922f16f,0030110222020000,0030110222020000,16821.00,PASS
10,random_fullrange_6,49,00312245a411c655,0031220111020000,0031220111020000,16854.20,PASS
10,random_fullrange_6,50,0032116550224214,0032110122010000,0032110122010000,17329.20,PASS
10,random_fullrange_6,51,00332284d3112157,0033220111010000,0033220111010000,16529.00,PASS
10,random_fullrange_6,52,00341144aa227fba,0034110122010000,0034110122010000,16766.90,PASS
10,random_fullrange_6,53,003522f88711338c,0035220211010000,0035220211010000,16535.50,PASS
10,random_fullrange_6,54,003611822c2273be,0036110122010000,0036110122010000,17049.90,PASS
10,random_fullrange_6,55,003722778911b14f,0037220111020000,0037220111020000,16659.00,PASS
10,random_fullrange_6,56,003811bb2822ed4f,0038110222020000,0038110222020000,16727.40,PASS
10,random_fullrange_6,57,00392242b211106d,0039220111010000,0039220111010000,16982.30,PASS
10,random_fullrange_6,58,003a11f23f22ef3d,003a110222020000,003a110222020000,16812.10,PASS
10,random_fullrange_6,59,003b229542111abd,003b220111010000,003b220111010000,16856.20,PASS
10,random_fullrange_6,60,003c119e09226c12,003c110222010000,003c110222010000,16898.90,PASS
10,random_fullrange_6,61,003d22142911fab8,003d220111020000,003d220111020000,16750.50,PASS
10,random_fullrange_6,62,003e113f37220617,003e110122010000,003e110122010000,16902.30,PASS
10,random_fullrange_6,63,003f22060f11e599,003f220111020000,003f220111020000,16855.00,PASS
10,random_fullrange_6,64,0040114e782240b9,0040110122010000,0040110122010000,16932.40,PASS
10,random_fullrange_6,65,004122260911c754,0041220111020000,0041220111020000,16925.50,PASS
10,random_fullrange_6,66,00421182e122c72e,0042110222020000,0042110222020000,16889.10,PASS
10,random_fullrange_6,67,004322970d113e11,0043220211010000,0043220211010000,16854.20,PASS
10,random_fullrange_6,68,0044119cfa2205ff,0044110222010000,0044110222010000,16907.60,PASS
10,random_fullrange_6,69,00452276f5119e01,0045220211020000,0045220211020000,16813.70,PASS
10,random_fullrange_6,70,00461187f92288a2,0046110122020000,0046110122020000,17364.60,PASS
10,random_fullrange_6,71,0047220c0611bad2,0047220111020000,0047220111020000,16364.90,PASS
10,random_fullrange_6,72,004811367d2286c0,0048110122020000,0048110122020000,16921.50,PASS
10,random_fullrange_6,73,004922bcdb11d2b1,0049220211020000,0049220211020000,16856.20,PASS
10,random_fullrange_6,74,004a11dcbb221b1f,004a110222010000,004a110222010000,17058.40,PASS
10,random_fullrange_6,75,004b22e8cf115544,004b220211010000,004b220211010000,16851.20,PASS
10,random_fullrange_6,76,004c11743d228e02,004c110122020000,004c110122020000,17043.20,PASS
10,random_fullrange_6,77,004d226da311242d,004d220211010000,004d220211010000,16746.50,PASS
10,random_fullrange_6,78,004e11f6fb22e4fc,004e110222020000,004e110222020000,16902.50,PASS
10,random_fullrange_6,79,004f22994f1156c6,004f220211010000,004f220211010000,16923.80,PASS
10,random_fullrange_6,80,005011eda2225815,0050110222010000,0050110222010000,16922.30,PASS
10,random_fullrange_6,81,0051224e7311b8e1,0051220111020000,0051220111020000,17107.40,PASS
10,random_fullrange_6,82,0052111f2f22091e,0052110122010000,0052110122010000,16712.10,PASS
10,random_fullrange_6,83,005322c8a011553f,0053220211010000,0053220211010000,17406.90,PASS
10,random_fullrange_6,84,00541101652212dc,0054110122010000,0054110122010000,16418.50,PASS
10,random_fullrange_6,85,0055221e85118c2a,0055220111020000,0055220111020000,17575.90,PASS
10,random_fullrange_6,86,0056115f3a227679,0056110122020000,0056110122020000,16257.90,PASS
10,random_fullrange_6,87,0057222436117b69,0057220111020000,0057220111020000,17315.60,PASS
10,random_fullrange_6,88,00581187dc226bc2,0058110222010000,0058110222010000,16223.40,PASS
10,random_fullrange_6,89,0059222ce911b388,0059220111020000,0059220111020000,16903.30,PASS
10,random_fullrange_6,90,005a118856225499,005a110222010000,005a110222010000,16896.90,PASS
10,random_fullrange_6,91,005b225923113363,005b220111010000,005b220111010000,17173.30,PASS
10,random_fullrange_6,92,005c11f23d226fb9,005c110222020000,005c110222020000,16895.20,PASS
10,random_fullrange_6,93,005d224883115386,005d220111010000,005d220111010000,16673.90,PASS
10,random_fullrange_6,94,005e11a000221abb,005e110222010000,005e110222010000,16885.50,PASS
10,random_fullrange_6,95,005f22362d113d3b,005f220111010000,005f220111010000,17057.30,PASS
10,random_fullrange_6,96,0060115c6c2231ee,0060110122010000,0060110122010000,16689.90,PASS
10,random_fullrange_6,97,006122078d117d30,0061220111020000,0061220111020000,17042.50,PASS
10,random_fullrange_6,98,0062110650221ff3,0062110122010000,0062110122010000,16763.60,PASS
10,random_fullrange_6,99,0063223a091132b4,0063220111010000,0063220111010000,16808.00,PASS
11,random_fullrange_7,0,00002241c011889e,0000220011000000,0000220011000000,15712.00,PASS
11,random_fullrange_7,1,000111a12822a518,0001110022000000,0001110022000000,16903.60,PASS
11,random_fullrange_7,2,000222afe4112e74,0002220011000000,0002220011000000,16739.10,PASS
11,random_fullrange_7,3,000311e93d22298a,0003110022000000,0003110022000000,16914.80,PASS
11,random_fullrange_7,4,000422b8d211175b,0004220011000000,0004220011000000,16850.20,PASS
11,random_fullrange_7,5,000511eb0f22aef5,0005110022000000,0005110022000000,16931.70,PASS
11,random_fullrange_7,6,000622d3c7110d9a,0006220011000000,0006220011000000,16873.00,PASS
11,random_fullrange_7,7,0007115c6722a2b8,0007110022000000,0007110022000000,17083.00,PASS
11,random_fullrange_7,8,0008228d9311a6ba,0008220011000000,0008220011000000,16575.70,PASS
11,random_fullrange_7,9,000911cd3422c34e,0009110022000000,0009110022000000,16886.60,PASS
11,random_fullrange_7,10,000a2273b711181e,000a220011000000,000a220011000000,16853.10,PASS
11,random_fullrange_7,11,000b1163c2221556,000b110022000000,000b110022000000,16959.30,PASS
11,random_fullrange_7,12,000c2213601155e8,000c220011000000,000c220011000000,16712.90,PASS
11,random_fullrange_7,13,000d11057322a46c,000d110022000000,000d110022000000,16637.00,PASS
11,random_fullrange_7,14,000e22b17111fce6,000e220011000000,000e220011000000,16780.80,PASS
11,random_fullrange_7,15,000f111136225280,000f110022000000,000f110022000000,17076.20,PASS
11,random_fullrange_7,16,001022e2ec115bc7,0010220211000000,0010220211000000,16758.00,PASS
11,random_fullrange_7,17,0011111c4e22415c,0011110022010000,0011110022010000,16892.60,PASS
11,random_fullrange_7,18,001222d6e911e513,0012220211020000,0012220211020000,16926.70,PASS
11,random_fullrange_7,19,0013112ad0227d81,0013110122010000,0013110122010000,16734.10,PASS
11,random_fullrange_7,20,001422fb1611e02e,0014220211020000,0014220211020000,17089.00,PASS
11,random_fullrange_7,21,0015117dea2280b3,0015110222010000,0015110222010000,16801.00,PASS
11,random_fullrange_7,22,001622a3aa11164d,0016220211010000,0016220211010000,17362.50,PASS
11,random_fullrange_7,23,0017113f91224c0a,0017110122010000,0017110122010000,16832.60,PASS
11,random_fullrange_7,24,0018228bcb11f41d,0018220211020000,0018220211020000,16446.90,PASS
11,random_fullrange_7,25,001911f3a722a19d,0019110222020000,0019110222020000,16986.40,PASS
11,random_fullrange_7,26,001a22c89411d32a,001a220211020000,001a220211020000,16526.90,PASS
11,random_fullrange_7,27,001b111e6922a6e6,001b110122020000,001b110122020000,17314.60,PASS
11,random_fullrange_7,28,001c2247cf11708b,001c220111010000,001c220111010000,16279.80,PASS
11,random_fullrange_7,29,001d1189df22b249,001d110222020000,001d110222020000,16907.10,PASS
11,random_fullrange_7,30,001e22f3a011e5f7,001e220211020000,001e220211020000,16924.40,PASS
11,random_fullrange_7,31,001f114c1a222c5a,001f110122010000,001f110122010000,16539.30,PASS
11,random_fullrange_7,32,0020229afd11d315,0020220211020000,0020220211020000,16903.90,PASS
11,random_fullrange_7,33,0021111db2226ae8,0021110122010000,0021110122010000,16766.90,PASS
11,random_fullrange_7,34,002222978a11e14a,0022220211020000,0022220211020000,16664.10,PASS
11,random_fullrange_7,35,0023111167227d72,0023110122010000,0023110122010000,16816.10,PASS
11,random_fullrange_7,36,002422050c11beb8,0024220111020000,0024220111020000,16883.80,PASS
11,random_fullrange_7,37,0025114e6a22e3f9,0025110122020000,0025110122020000,16817.20,PASS
11,random_fullrange_7,38,002622230411e605,0026220111020000,0026220111020000,16835.50,PASS
11,random_fullrange_7,39,002711a4c3220e29,0027110222010000,0027110222010000,16896.10,PASS
11,random_fullrange_7,40,002822f40c119891,0028220211020000,0028220211020000,16924.70,PASS
11,random_fullrange_7,41,002911ffff225767,0029110222010000,0029110222010000,17020.90,PASS
11,random_fullrange_7,42,002a2235cc11d756,002a220111020000,002a220111020000,16841.70,PASS
11,random_fullrange_7,43,002b11dabe225a3f,002b110222010000,002b110222010000,16920.70,PASS
11,random_fullrange_7,44,002c22580811e681,002c220111020000,002c220111020000,16569.90,PASS
11,random_fullrange_7,45,002d11b5252270cd,002d110222020000,002d110222020000,16867.50,PASS
11,random_fullrange_7,46,002e2246f211e6ff,002e220111020000,002e220111020000,16833.20,PASS
11,random_fullrange_7,47,002f1190ac22424e,002f110122010000,002f110122010000,16949.90,PASS
11,random_fullrange_7,48,003022364911475c,0030220111010000,0030220111010000,16871.50,PASS
11,random_fullrange_7,49,00311153a822ab6d,0031110122020000,0031110122020000,17196.00,PASS
11,random_fullrange_7,50,0032226d0f115378,0032220211010000,0032220211010000,16692.70,PASS
11,random_fullrange_7,51,00331127112205b9,0033110122010000,0033110122010000,17390.30,PASS
11,random_fullrange_7,52,003422b98a110f40,0034220211010000,0034220211010000,16232.80,PASS
11,random_fullrange_7,53,00351119b0220e26,0035110122010000,0035110122010000,16754.40,PASS
11,random_fullrange_7,54,00362287b011cec6,0036220211020000,0036220211020000,16800.80,PASS
11,random_fullrange_7,55,003711c1d92286fb,0037110222020000,0037110222020000,17007.00,PASS
11,random_fullrange_7,56,003822ff93117da6,0038220211010000,0038220211010000,16756.80,PASS
11,random_fullrange_7,57,003911f907221126,0039110222010000,0039110222010000,16758.20,PASS
11,random_fullrange_7,58,003a22b63e115227,003a220211010000,003a220211010000,16678.70,PASS
11,random_fullrange_7,59,003b1183bf2242a5,003b110222010000,003b110222010000,16933.80,PASS
11,random_fullrange_7,60,003c22191b114014,003c220111010000,003c220111010000,16721.60,PASS
11,random_fullrange_7,61,003d11d34322a1e8,003d110222020000,003d110222020000,16892.70,PASS
11,random_fullrange_7,62,003e22d5651134fe,003e220211010000,003e220211010000,16843.80,PASS
11,random_fullrange_7,63,003f11b071222c92,003f110222010000,003f110222010000,16776.30,PASS
11,random_fullrange_7,64,004022834e116774,0040220211010000,0040220211010000,16950.60,PASS
11,random_fullrange_7,65,004111bd6622d6a3,0041110222020000,0041110222020000,16822.70,PASS
11,random_fullrange_7,66,00422250ce11e535,0042220111020000,0042220111020000,16879.90,PASS
11,random_fullrange_7,67,0043119ffa22032f,0043110222010000,0043110222010000,16904.50,PASS
11,random_fullrange_7,68,004422540b118874,0044220111010000,0044220111010000,16860.60,PASS
11,random_fullrange_7,69,0045114f01223d02,0045110122010000,0045110122010000,16859.20,PASS
11,random_fullrange_7,70,004622585811df45,0046220111020000,0046220111020000,16850.00,PASS
11,random_fullrange_7,71,004711087a2277aa,0047110122020000,0047110122020000,16788.40,PASS
11,random_fullrange_7,72,004822bc5511ab32,0048220211020000,0048220211020000,16892.20,PASS
11,random_fullrange_7,73,004911784322213c,0049110122010000,0049110122010000,16855.30,PASS
11,random_fullrange_7,74,004a22940811510c,004a220211010000,004a220211010000,16903.70,PASS
11,random_fullrange_7,75,004b113b7e229a2a,004b110122020000,004b110122020000,16881.50,PASS
11,random_fullrange_7,76,004c22778d116b29,004c220211010000,004c220211010000,16844.20,PASS
11,random_fullrange_7,77,004d11302b2296f2,004d110122020000,004d110122020000,16957.90,PASS
11,random_fullrange_7,78,004e226218111d26,004e220111010000,004e220111010000,16879.30,PASS
11,random_fullrange_7,79,004f11865422d3d0,004f110222020000,004f110222020000,16779.70,PASS
11,random_fullrange_7,80,00502230c611cc29,0050220111020000,0050220111020000,17150.00,PASS
11,random_fullrange_7,81,0051114fe3226b28,0051110122020000,0051110122020000,17362.80,PASS
11,random_fullrange_7,82,005222d46f11dac0,0052220211020000,0052220211020000,16514.20,PASS
11,random_fullrange_7,83,005311dafb22e97a,0053110222020000,0053110222020000,16644.10,PASS
11,random_fullrange_7,84,005422ea0f119e1e,0054220211020000,0054220211020000,17376.40,PASS
11,random_fullrange_7,85,005511201e225891,0055110122010000,0055110122010000,16291.80,PASS
11,random_fullrange_7,86,00562273b011bfea,0056220111020000,0056220111020000,16538.50,PASS
11,random_fullrange_7,87,005711e6a5224c69,0057110222010000,0057110222010000,16926.00,PASS
11,random_fullrange_7,88,00582247841101d1,0058220111010000,0058220111010000,16746.50,PASS
11,random_fullrange_7,89,00591125452237c1,0059110122010000,0059110122010000,16792.60,PASS
11,random_fullrange_7,90,005a22a4a011e9fc,005a220211020000,005a220211020000,16922.00,PASS
11,random_fullrange_7,91,005b11f546229eaf,005b110222020000,005b110222020000,16831.10,PASS
11,random_fullrange_7,92,005c22abee11223e,005c220211010000,005c220211010000,16805.20,PASS
11,random_fullrange_7,93,005d11b73922de9f,005d110222020000,005d110222020000,16749.60,PASS
11,random_fullrange_7,94,005e220a5a11785f,005e220111010000,005e220111010000,16755.90,PASS
11,random_fullrange_7,95,005f116d77226f15,005f110122010000,005f110122010000,17547.20,PASS
11,random_fullrange_7,96,00602256f1113138,0060220111010000,0060220111010000,16211.50,PASS
11,random_fullrange_7,97,0061111a7f2250f5,0061110122010000,0061110122010000,16696.90,PASS
11,random_fullrange_7,98,006222509b11f07f,0062220111020000,0062220111020000,16901.50,PASS
11,random_fullrange_7,99,006311353a22dbf9,0063110122020000,0063110122020000,16733.40,PASS
12,random_fullrange_8,0,0000118502227d5b,0000110022000000,0000110022000000,8782.70,PASS
12,random_fullrange_8,1,0001220a37119990,0001220011000000,0001220011000000,16916.10,PASS
12,random_fullrange_8,2,000211103622e0e5,0002110022000000,0002110022000000,16807.10,PASS
12,random_fullrange_8,3,000322bcce11a07e,0003220011000000,0003220011000000,17020.30,PASS
12,random_fullrange_8,4,000411dc5722cc5b,0004110022000000,0004110022000000,16966.40,PASS
12,random_fullrange_8,5,000522645a11787a,0005220011000000,0005220011000000,16731.10,PASS
12,random_fullrange_8,6,000611c48422c48c,0006110022000000,0006110022000000,17474.20,PASS
12,random_fullrange_8,7,000722848a1182cd,0007220011000000,0007220011000000,16273.00,PASS
12,random_fullrange_8,8,000811ac7422a6dd,0008110022000000,0008110022000000,16942.40,PASS
12,random_fullrange_8,9,000922add3112a87,0009220011000000,0009220011000000,16642.00,PASS
12,random_fullrange_8,10,000a113a602266f9,000a110022000000,000a110022000000,17622.30,PASS
12,random_fullrange_8,11,000b226caa11b0f3,000b220011000000,000b220011000000,16516.10,PASS
12,random_fullrange_8,12,000c11209922b339,000c110022000000,000c110022000000,16447.80,PASS
12,random_fullrange_8,13,000d22a34211fe12,000d220011000000,000d220011000000,16954.40,PASS
12,random_fullrange_8,14,000e1120e42244d3,000e110022000000,000e110022000000,16745.20,PASS
12,random_fullrange_8,15,000f22119011251a,000f220011000000,000f220011000000,16613.20,PASS
12,random_fullrange_8,16,001011d62222ba1d,0010110222020000,0010110222020000,16992.60,PASS
12,random_fullrange_8,17,001122e53c11381c,0011220211010000,0011220211010000,16831.10,PASS
12,random_fullrange_8,18,001211fb22227f8c,0012110222010000,0012110222010000,16823.30,PASS
12,random_fullrange_8,19,001322fff81199c6,0013220211020000,0013220211020000,16816.40,PASS
12,random_fullrange_8,20,001411445d2288e8,0014110122010000,0014110122010000,16836.30,PASS
12,random_fullrange_8,21,00152283df11623b,0015220111010000,0015220111010000,16888.70,PASS
12,random_fullrange_8,22,001611b93d221e17,0016110222010000,0016110222010000,16904.90,PASS
12,random_fullrange_8,23,0017229adc110464,0017220211010000,0017220211010000,16739.20,PASS
12,random_fullrange_8,24,0018114afd22e5c0,0018110122020000,0018110122020000,16779.00,PASS
12,random_fullrange_8,25,001922ac1f11366b,0019220211010000,0019220211010000,16913.10,PASS
12,random_fullrange_8,26,001a11de4f22e006,001a110222020000,001a110222020000,16795.80,PASS
12,random_fullrange_8,27,001b22460a11d80f,001b220111020000,001b220111020000,17005.30,PASS
12,random_fullrange_8,28,001c11d94a228cf8,001c110222010000,001c110222010000,16822.60,PASS
12,random_fullrange_8,29,001d22993511252f,001d220211010000,001d220211010000,16942.70,PASS
12,random_fullrange_8,30,001e11bea222c305,001e110222020000,001e110222020000,16764.40,PASS
12,random_fullrange_8,31,001f22c6fd1103fb,001f220211010000,001f220211010000,16868.00,PASS
12,random_fullrange_8,32,00201134ba220d4b,0020110122010000,0020110122010000,16874.50,PASS
12,random_fullrange_8,33,0021223db11123d5,0021220111010000,0021220111010000,16847.50,PASS
12,random_fullrange_8,34,002211e41e220e35,0022110222010000,0022110222010000,16885.30,PASS
12,random_fullrange_8,35,002322da2a11eef6,0023220211020000,0023220211020000,16843.00,PASS
12,random_fullrange_8,36,002411f4b72229fd,0024110222010000,0024110222010000,16813.20,PASS
12,random_fullrange_8,37,0025223d21115868,0025220111010000,0025220111010000,16896.50,PASS
12,random_fullrange_8,38,002611ed3d222d12,0026110222010000,0026110222010000,16709.30,PASS
12,random_fullrange_8,39,002722de38115e42,0027220211010000,0027220211010000,16981.10,PASS
12,random_fullrange_8,40,002811387722d33f,0028110122020000,0028110122020000,16849.00,PASS
12,random_fullrange_8,41,002922344a110446,0029220111010000,0029220111010000,16923.50,PASS
12,random_fullrange_8,42,002a11444122aba7,002a110122020000,002a110122020000,16845.20,PASS
12,random_fullrange_8,43,002b22190811d972,002b220111020000,002b220111020000,16955.10,PASS
12,random_fullrange_8,44,002c1157e02278ae,002c110122020000,002c110122020000,16885.50,PASS
12,random_fullrange_8,45,002d22c6da11be87,002d220211020000,002d220211020000,16859.10,PASS
12,random_fullrange_8,46,002e11036322865b,002e110122020000,002e110122020000,16834.60,PASS
12,random_fullrange_8,47,002f22dbd11116da,002f220211010000,002f220211010000,16880.60,PASS
12,random_fullrange_8,48,003011e514228122,0030110222020000,0030110222020000,16894.40,PASS
12,random_fullrange_8,49,0031228cb41159a4,0031220211010000,0031220211010000,16866.40,PASS
12,random_fullrange_8,50,003211adf0225738,0032110222010000,0032110222010000,16809.20,PASS
12,random_fullrange_8,51,003322bc54110470,0033220211010000,0033220211010000,16875.00,PASS
12,random_fullrange_8,52,00341158f122b272,0034110122020000,0034110122020000,16816.30,PASS
12,random_fullrange_8,53,003522341611c347,0035220111020000,0035220111020000,16888.40,PASS
12,random_fullrange_8,54,003611b83a223e1a,0036110222010000,0036110222010000,16880.30,PASS
12,random_fullrange_8,55,00372206131100b0,0037220111010000,0037220111010000,16850.10,PASS
12,random_fullrange_8,56,003811255d224b06,0038110122010000,0038110122010000,16936.20,PASS
12,random_fullrange_8,57,0039223a2c116749,0039220111010000,0039220111010000,16916.50,PASS
12,random_fullrange_8,58,003a1194bf2221f2,003a110222010000,003a110222010000,17512.40,PASS
12,random_fullrange_8,59,003b225bfc117679,003b220111020000,003b220111020000,16152.60,PASS
12,random_fullrange_8,60,003c11372b228d71,003c110122020000,003c110122020000,17479.80,PASS
12,random_fullrange_8,61,003d22b2cd11faa3,003d220211020000,003d220211020000,16692.30,PASS
12,random_fullrange_8,62,003e11614f221608,003e110122010000,003e110122010000,16146.40,PASS
12,random_fullrange_8,63,003f226a4411fb4e,003f220211020000,003f220211020000,16755.60,PASS
12,random_fullrange_8,64,00401114f5228b4c,0040110122020000,0040110122020000,17111.10,PASS
12,random_fullrange_8,65,00412263d311801b,0041220211020000,0041220211020000,16855.30,PASS
12,random_fullrange_8,66,004211d4c022bb77,0042110222020000,0042110222020000,16753.30,PASS
12,random_fullrange_8,67,004322b0e01164f0,0043220211010000,0043220211010000,16906.80,PASS
12,random_fullrange_8,68,004411f07622c5a7,0044110222020000,0044110222020000,16687.80,PASS
12,random_fullrange_8,69,004522479b113ff0,0045220111010000,0045220111010000,16987.20,PASS
12,random_fullrange_8,70,0046115246229efa,0046110122020000,0046110122020000,16686.90,PASS
12,random_fullrange_8,71,004722762111a136,0047220211020000,0047220211020000,17104.80,PASS
12,random_fullrange_8,72,0048112e91226ca6,0048110122010000,0048110122010000,16852.40,PASS
12,random_fullrange_8,73,004922d81811c96d,0049220211020000,0049220211020000,16853.10,PASS
12,random_fullrange_8,74,004a11c50022e29d,004a110222020000,004a110222020000,16657.20,PASS
12,random_fullrange_8,75,004b22da39112c75,004b220211010000,004b220211010000,16920.60,PASS
12,random_fullrange_8,76,004c111a3b22abb9,004c110122020000,004c110122020000,17502.30,PASS
12,random_fullrange_8,77,004d226d94113b3c,004d220111010000,004d220111010000,16201.50,PASS
12,random_fullrange_8,78,004e11e0f0228ed7,004e110222010000,004e110222010000,17313.30,PASS
12,random_fullrange_8,79,004f22658c118292,004f220111020000,004f220111020000,16508.60,PASS
12,random_fullrange_8,80,0050112aad229351,0050110122010000,0050110122010000,16575.40,PASS
12,random_fullrange_8,81,00512253cd11add3,0051220111020000,0051220111020000,16938.70,PASS
12,random_fullrange_8,82,005211e06a22e81b,0052110222020000,0052110222020000,16997.40,PASS
12,random_fullrange_8,83,0053228cf11107f3,0053220111010000,0053220111010000,16555.70,PASS
12,random_fullrange_8,84,005411289b22cd43,0054110122020000,0054110122020000,17346.00,PASS
12,random_fullrange_8,85,005522a3f411ec0d,0055220211020000,0055220211020000,16438.90,PASS
12,random_fullrange_8,86,0056114f15226858,0056110122010000,0056110122010000,16687.50,PASS
12,random_fullrange_8,87,005722f4b811b167,0057220211020000,0057220211020000,16785.80,PASS
12,random_fullrange_8,88,0058113c8e22b150,0058110122020000,0058110122020000,16738.10,PASS
12,random_fullrange_8,89,005922a3be1160e5,0059220111010000,0059220111010000,16554.30,PASS
12,random_fullrange_8,90,005a11f9a822bf66,005a110222020000,005a110222020000,16790.50,PASS
12,random_fullrange_8,91,005b22058211dc9d,005b220111020000,005b220111020000,17431.50,PASS
12,random_fullrange_8,92,005c112b57225568,005c110122010000,005c110122010000,16609.60,PASS
12,random_fullrange_8,93,005d22717911af7b,005d220111020000,005d220111020000,16543.10,PASS
12,random_fullrange_8,94,005e11e661228b20,005e110222010000,005e110222010000,16836.80,PASS
12,random_fullrange_8,95,005f228d4c1168b6,005f220111010000,005f220111010000,16635.10,PASS
12,random_fullrange_8,96,006011d2e922af14,0060110222020000,0060110222020000,16852.50,PASS
12,random_fullrange_8,97,00612277de113f79,0061220111010000,0061220111010000,17097.10,PASS
12,random_fullrange_8,98,006211a743229236,0062110222020000,0062110222020000,17387.70,PASS
12,random_fullrange_8,99,006322602e1130be,0063220111010000,0063220111010000,16226.90,PASS
13,random_fullrange_9,0,0000227178115a19,0000220011000000,0000220011000000,3254.10,PASS
13,random_fullrange_9,1,000111ad8222939e,0001110022000000,0001110022000000,17182.70,PASS
13,random_fullrange_9,2,000222eb4b111d55,0002220011000000,0002220011000000,16628.80,PASS
13,random_fullrange_9,3,0003115da822e86b,0003110022000000,0003110022000000,16641.30,PASS
13,random_fullrange_9,4,0004224c1011c14a,0004220011000000,0004220011000000,17512.20,PASS
13,random_fullrange_9,5,000511336622210e,0005110022000000,0005110022000000,16160.60,PASS
13,random_fullrange_9,6,00062208631139dd,0006220011000000,0006220011000000,16970.90,PASS
13,random_fullrange_9,7,000711ebff224ce5,0007110022000000,0007110022000000,16688.60,PASS
13,random_fullrange_9,8,000822437511397f,0008220011000000,0008220011000000,16895.90,PASS
13,random_fullrange_9,9,000911a14522474c,0009110022000000,0009110022000000,16692.70,PASS
13,random_fullrange_9,10,000a229fc511aade,000a220011000000,000a220011000000,17167.80,PASS
13,random_fullrange_9,11,000b110e7c225324,000b110022000000,000b110022000000,16363.30,PASS
13,random_fullrange_9,12,000c22821a1128c9,000c220011000000,000c220011000000,16716.70,PASS
13,random_fullrange_9,13,000d11e1a322a5ce,000d110022000000,000d110022000000,16855.80,PASS
13,random_fullrange_9,14,000e22e4201163e3,000e220011000000,000e220011000000,16921.70,PASS
13,random_fullrange_9,15,000f1166ee2228c2,000f110022000000,000f110022000000,16756.60,PASS
13,random_fullrange_9,16,0010223bc311dd2e,0010220011020000,0010220011020000,16601.30,PASS
13,random_fullrange_9,17,0011119d5822fc59,0011110222020000,0011110222020000,17022.30,PASS
13,random_fullrange_9,18,0012227dfd11af98,0012220211020000,0012220211020000,16518.00,PASS
13,random_fullrange_9,19,00131107952281e2,0013110122020000,0013110122020000,17157.70,PASS
13,random_fullrange_9,20,0014228ae111006b,0014220211010000,0014220211010000,16442.30,PASS
13,random_fullrange_9,21,0015116f05220d95,0015110122010000,0015110122010000,16893.50,PASS
13,random_fullrange_9,22,0016225a0111f984,0016220111020000,0016220111020000,16900.20,PASS
13,random_fullrange_9,23,001711c09c22fc40,0017110222020000,0017110222020000,17425.50,PASS
13,random_fullrange_9,24,001822e00911410b,0018220211010000,0018220211010000,16278.30,PASS
13,random_fullrange_9,25,0019115d0e22f648,0019110122020000,0019110122020000,17027.80,PASS
13,random_fullrange_9,26,001a22cd60112aa9,001a220211010000,001a220211010000,16715.10,PASS
13,random_fullrange_9,27,001b11452e225a49,001b110122010000,001b110122010000,16779.60,PASS
13,random_fullrange_9,28,001c22643c11c4bd,001c220111020000,001c220111020000,16735.90,PASS
13,random_fullrange_9,29,001d11cf9b2277f5,001d110222010000,001d110222010000,16956.20,PASS
13,random_fullrange_9,30,001e2280a711fcc5,001e220111020000,001e220111020000,16879.20,PASS
13,random_fullrange_9,31,001f11e9e6227afc,001f110222010000,001f110222010000,16965.90,PASS
13,random_fullrange_9,32,002022813b116c61,0020220111010000,0020220111010000,16704.60,PASS
13,random_fullrange_9,33,00211164a6229948,0021110122020000,0021110122020000,16844.80,PASS
13,random_fullrange_9,34,002222182d110419,0022220111010000,0022220111010000,16740.00,PASS
13,random_fullrange_9,35,0023113f1d223e17,0023110122010000,0023110122010000,17009.90,PASS
13,random_fullrange_9,36,0024229620116301,0024220211010000,0024220211010000,17048.50,PASS
13,random_fullrange_9,37,002511ea6022a58a,0025110222020000,0025110222020000,16728.60,PASS
13,random_fullrange_9,38,0026229bb611c55d,0026220211020000,0026220211020000,16896.40,PASS
13,random_fullrange_9,39,002711e8b822c48b,0027110222020000,0027110222020000,16964.50,PASS
13,random_fullrange_9,40,0028223eb211c06a,0028220111020000,0028220111020000,16855.10,PASS
13,random_fullrange_9,41,002911cdf0227c94,0029110222020000,0029110222020000,16828.80,PASS
13,random_fullrange_9,42,002a22da36119553,002a220211010000,002a220211010000,16736.00,PASS
13,random_fullrange_9,43,002b110b0122e96b,002b110122020000,002b110122020000,16692.30,PASS
13,random_fullrange_9,44,002c22284b11b194,002c220111020000,002c220111020000,16893.50,PASS
13,random_fullrange_9,45,002d11b89c22faad,002d110222020000,002d110222020000,16880.80,PASS
13,random_fullrange_9,46,002e223ab81175d9,002e220111010000,002e220111010000,16779.80,PASS
13,random_fullrange_9,47,002f110982221ff4,002f110122010000,002f110122010000,16792.90,PASS
13,random_fullrange_9,48,003022c68a11edfa,0030220211020000,0030220211020000,16753.70,PASS
13,random_fullrange_9,49,00311192962239c8,0031110222010000,0031110222010000,16941.70,PASS
13,random_fullrange_9,50,0032223af9110fdd,0032220111010000,0032220111010000,16864.80,PASS
13,random_fullrange_9,51,00331117b5223d23,0033110122010000,0033110122010000,16708.70,PASS
13,random_fullrange_9,52,003422a104116d52,0034220211010000,0034220211010000,16820.40,PASS
13,random_fullrange_9,53,003511337f220a67,0035110122010000,0035110122010000,17000.50,PASS
13,random_fullrange_9,54,0036226d061184ee,0036220111020000,0036220111020000,17001.10,PASS
13,random_fullrange_9,55,00371182662206c1,0037110222010000,0037110222010000,16775.20,PASS
13,random_fullrange_9,56,003822a4a811fe3a,0038220211020000,0038220211020000,16746.00,PASS
13,random_fullrange_9,57,0039119bc0224f0d,0039110222010000,0039110222010000,16741.40,PASS
13,random_fullrange_9,58,003a22f8e511c62c,003a220211020000,003a220211020000,16803.50,PASS
13,random_fullrange_9,59,003b11999c22a8da,003b110222020000,003b110222020000,16856.70,PASS
13,random_fullrange_9,60,003c225a3f115425,003c220111010000,003c220111010000,17024.10,PASS
13,random_fullrange_9,61,003d11a69f22b0e9,003d110222020000,003d110222020000,16748.10,PASS
13,random_fullrange_9,62,003e22bb85113cb4,003e220211010000,003e220211010000,16953.20,PASS
13,random_fullrange_9,63,003f11eae6220a3c,003f110222010000,003f110222010000,16772.30,PASS
13,random_fullrange_9,64,004022409611c8a0,0040220111020000,0040220111020000,17394.70,PASS
13,random_fullrange_9,65,004111b7bf2299a9,0041110222020000,0041110222020000,16929.80,PASS
13,random_fullrange_9,66,004222cb8b115f2d,0042220211010000,0042220211010000,16462.50,PASS
13,random_fullrange_9,67,004311029b22b20a,0043110122020000,0043110122020000,16464.80,PASS
13,random_fullrange_9,68,004422e237111958,0044220211010000,0044220211010000,16934.00,PASS
13,random_fullrange_9,69,004511292722cd42,0045110122020000,0045110122020000,17515.60,PASS
13,random_fullrange_9,70,00462248fa11d0c9,0046220111020000,0046220111020000,16227.20,PASS
13,random_fullrange_9,71,004711684322a7c6,0047110122020000,0047110122020000,16725.10,PASS
13,random_fullrange_9,72,0048220011113af0,0048220111010000,0048220111010000,16889.60,PASS
13,random_fullrange_9,73,00491172632214c3,0049110122010000,0049110122010000,16862.20,PASS
13,random_fullrange_9,74,004a22c53411be5c,004a220211020000,004a220211020000,16865.30,PASS
13,random_fullrange_9,75,004b116fbb227dec,004b110122010000,004b110122010000,16824.40,PASS
13,random_fullrange_9,76,004c2239881158de,004c220111010000,004c220111010000,17003.50,PASS
13,random_fullrange_9,77,004d11f61422a3d8,004d110222020000,004d110222020000,17253.60,PASS
13,random_fullrange_9,78,004e227c4f11de77,004e220211020000,004e220211020000,16150.70,PASS
13,random_fullrange_9,79,004f115ffd2217eb,004f110122010000,004f110122010000,16696.00,PASS
13,random_fullrange_9,80,005022764911af46,0050220111020000,0050220111020000,17539.80,PASS
13,random_fullrange_9,81,005111be6a22f5c0,0051110222020000,0051110222020000,16284.80,PASS
13,random_fullrange_9,82,0052220e2a11b5e4,0052220111020000,0052220111020000,16859.70,PASS
13,random_fullrange_9,83,0053115c8722ccfb,0053110122020000,0053110122020000,16610.80,PASS
13,random_fullrange_9,84,005422a63911fa47,0054220211020000,0054220211020000,16915.00,PASS
13,random_fullrange_9,85,005511250f224a39,0055110122010000,0055110122010000,17000.80,PASS
13,random_fullrange_9,86,00562268bc11f879,0056220111020000,0056220111020000,16705.10,PASS
13,random_fullrange_9,87,0057110bcf22d726,0057110122020000,0057110122020000,16765.30,PASS
13,random_fullrange_9,88,0058228f57118d50,0058220211010000,0058220211010000,16825.70,PASS
13,random_fullrange_9,89,00591126d6225179,0059110122010000,0059110122010000,16811.00,PASS
13,random_fullrange_9,90,005a2295301176d8,005a220211010000,005a220211010000,17461.40,PASS
13,random_fullrange_9,91,005b11bd1222c55c,005b110222020000,005b110222020000,16203.70,PASS
13,random_fullrange_9,92,005c221c63115954,005c220111010000,005c220111010000,16676.80,PASS
13,random_fullrange_9,93,005d112d67221b75,005d110122010000,005d110122010000,16944.50,PASS
13,random_fullrange_9,94,005e22dd5a110d7f,005e220211010000,005e220211010000,16810.40,PASS
13,random_fullrange_9,95,005f115d1a22e3e5,005f110122020000,005f110122020000,16748.50,PASS
13,random_fullrange_9,96,00602223d811b91f,0060220111020000,0060220111020000,16831.80,PASS
13,random_fullrange_9,97,006111272322e597,0061110122020000,0061110122020000,16770.90,PASS
13,random_fullrange_9,98,006222cfb811ba27,0062220211020000,0062220211020000,17006.00,PASS
13,random_fullrange_9,99,0063114f5322e825,0063110122020000,0063110122020000,16940.60,PASS
14,random_fullrange_10,0,0000112f8522e8cb,0000110022000000,0000110022000000,14149.10,PASS
14,random_fullrange_10,1,000122da901121db,0001220011000000,0001220011000000,17143.90,PASS
14,random_fullrange_10,2,000211802422f035,0002110022000000,0002110022000000,17074.70,PASS
14,random_fullrange_10,3,000322b2441132e6,0003220011000000,0003220011000000,16637.70,PASS
14,random_fullrange_10,4,000411fee922abdd,0004110022000000,0004110022000000,16747.30,PASS
14,random_fullrange_10,5,000522fa5211a5c5,0005220011000000,0005220011000000,16681.90,PASS
14,random_fullrange_10,6,000611adee22cc2e,0006110022000000,0006110022000000,16938.30,PASS
14,random_fullrange_10,7,000722fee11124f0,0007220011000000,0007220011000000,17347.00,PASS
14,random_fullrange_10,8,00081165df222e62,0008110022000000,0008110022000000,16233.40,PASS
14,random_fullrange_10,9,000922863111ce07,0009220011000000,0009220011000000,16609.00,PASS
14,random_fullrange_10,10,000a1181fa22939e,000a110022000000,000a110022000000,17076.20,PASS
14,random_fullrange_10,11,000b224ce0113155,000b220011000000,000b220011000000,16485.00,PASS
14,random_fullrange_10,12,000c110c37225544,000c110022000000,000c110022000000,16858.80,PASS
14,random_fullrange_10,13,000d2237f611ff96,000d220011000000,000d220011000000,16801.00,PASS
14,random_fullrange_10,14,000e1109542245fc,000e110022000000,000e110022000000,16816.70,PASS
14,random_fullrange_10,15,000f22678a11242a,000f220011000000,000f220011000000,17091.60,PASS
14,random_fullrange_10,16,001011dcc8223172,0010110222000000,0010110222000000,16722.40,PASS
14,random_fullrange_10,17,001122ccd51147f5,0011220211010000,0011220211010000,16827.00,PASS
14,random_fullrange_10,18,001211b3ad22341b,0012110222010000,0012110222010000,16937.70,PASS
14,random_fullrange_10,19,001322914911ff9d,0013220211020000,0013220211020000,16805.70,PASS
14,random_fullrange_10,20,001411908522e0ad,0014110222020000,0014110222020000,16866.50,PASS
14,random_fullrange_10,21,001522e3fc11dafa,0015220211020000,0015220211020000,16796.10,PASS
14,random_fullrange_10,22,0016116fb6222048,0016110122010000,0016110122010000,16844.50,PASS
14,random_fullrange_10,23,0017226d92116da0,0017220111010000,0017220111010000,16840.70,PASS
14,random_fullrange_10,24,001811db0322ec1e,0018110222020000,0018110222020000,16976.30,PASS
14,random_fullrange_10,25,0019228fd71120df,0019220211010000,0019220211010000,16880.60,PASS
14,random_fullrange_10,26,001a117ab022bb72,001a110122020000,001a110122020000,16724.10,PASS
14,random_fullrange_10,27,001b22b7a1111ae6,001b220211010000,001b220211010000,17245.00,PASS
14,random_fullrange_10,28,001c114a8e2223bc,001c110122010000,001c110122010000,16521.70,PASS
14,random_fullrange_10,29,001d2202e11125c1,001d220111010000,001d220111010000,16753.00,PASS
14,random_fullrange_10,30,001e1108cc22151e,001e110122010000,001e110122010000,16957.60,PASS
14,random_fullrange_10,31,001f225e511136e0,001f220111010000,001f220111010000,16814.30,PASS
14,random_fullrange_10,32,002011daa8222f07,0020110222010000,0020110222010000,16507.00,PASS
14,random_fullrange_10,33,0021229f2311bee6,0021220211020000,0021220211020000,16892.80,PASS
14,random_fullrange_10,34,0022116a57229ec6,0022110122020000,0022110122020000,16979.40,PASS
14,random_fullrange_10,35,0023226a1211ec2b,0023220111020000,0023220111020000,17089.70,PASS
14,random_fullrange_10,36,002411fcd422982f,0024110222020000,0024110222020000,16421.70,PASS
14,random_fullrange_10,37,002522d5291113a0,0025220211010000,0025220211010000,16919.80,PASS
14,random_fullrange_10,38,0026117fb3228e58,0026110222020000,0026110222020000,16728.50,PASS
14,random_fullrange_10,39,002722d40d1154d9,0027220211010000,0027220211010000,16747.30,PASS
14,random_fullrange_10,40,002811db16221e6c,0028110222010000,0028110222010000,17019.70,PASS
14,random_fullrange_10,41,0029227e80117c79,0029220211020000,0029220211020000,16675.40,PASS
14,random_fullrange_10,42,002a112aa8221ac9,002a110122010000,002a110122010000,16863.00,PASS
14,random_fullrange_10,43,002b2259f911b0a9,002b220111020000,002b220111020000,16928.20,PASS
14,random_fullrange_10,44,002c11067d220b13,002c110122010000,002c110122010000,16933.20,PASS
14,random_fullrange_10,45,002d225a80111a81,002d220111010000,002d220111010000,16556.80,PASS
14,random_fullrange_10,46,002e11bd9e228503,002e110222020000,002e110222020000,16664.00,PASS
14,random_fullrange_10,47,002f22b04e111e97,002f220211010000,002f220211010000,16866.20,PASS
14,random_fullrange_10,48,003011596822bde0,0030110122020000,0030110122020000,16826.50,PASS
14,random_fullrange_10,49,003122c54211a9db,0031220211020000,0031220211020000,16888.20,PASS
14,random_fullrange_10,50,0032119650222a94,0032110222010000,0032110222010000,16570.80,PASS
14,random_fullrange_10,51,003322e1c9110f52,0033220211010000,0033220211010000,16867.10,PASS
14,random_fullrange_10,52,00341100a422bbcc,0034110122020000,0034110122020000,17030.20,PASS
14,random_fullrange_10,53,003522496611ae7f,0035220111020000,0035220111020000,16731.30,PASS
14,random_fullrange_10,54,00361171e022d2f7,0036110222020000,0036110222020000,16748.10,PASS
14,random_fullrange_10,55,00372276e31167b3,0037220111020000,0037220111020000,17519.80,PASS
14,random_fullrange_10,56,003811c74d229b2b,0038110222020000,0038110222020000,16292.50,PASS
14,random_fullrange_10,57,003922dcc3111a2e,0039220211010000,0039220211010000,17483.80,PASS
14,random_fullrange_10,58,003a1172f4224e61,003a110222010000,003a110222010000,16106.20,PASS
14,random_fullrange_10,59,003b227ea111029f,003b220111010000,003b220111010000,16845.40,PASS
14,random_fullrange_10,60,003c1178ea22d59a,003c110222020000,003c110222020000,16873.30,PASS
14,random_fullrange_10,61,003d22abd1112dea,003d220211010000,003d220211010000,16592.80,PASS
14,random_fullrange_10,62,003e11719222d30d,003e110222020000,003e110222020000,16940.70,PASS
14,random_fullrange_10,63,003f222cda11bec0,003f220111020000,003f220111020000,16825.70,PASS
14,random_fullrange_10,64,004011e347227aed,0040110222010000,0040110222010000,16764.90,PASS
14,random_fullrange_10,65,004122eb4911ea06,0041220211020000,0041220211020000,17025.80,PASS
14,random_fullrange_10,66,0042113a7122b0d7,0042110122020000,0042110122020000,16921.70,PASS
14,random_fullrange_10,67,00432284de117b2e,0043220111020000,0043220111020000,17015.00,PASS
14,random_fullrange_10,68,0044118b6a22fc57,0044110222020000,0044110222020000,17435.80,PASS
14,random_fullrange_10,69,0045225a8011bf86,0045220111020000,0045220111020000,16579.70,PASS
14,random_fullrange_10,70,004611b5d222aa09,0046110222020000,0046110222020000,16350.70,PASS
14,random_fullrange_10,71,004722f59a1125ab,0047220211010000,0047220211010000,16797.70,PASS
14,random_fullrange_10,72,0048114933224dda,0048110122010000,0048110122010000,16856.40,PASS
14,random_fullrange_10,73,004922fc4011246a,0049220211010000,0049220211010000,16726.00,PASS
14,random_fullrange_10,74,004a117e7322e724,004a110222020000,004a110222020000,16906.60,PASS
14,random_fullrange_10,75,004b221f6611f156,004b220111020000,004b220111020000,16931.40,PASS
14,random_fullrange_10,76,004c118c5a22f401,004c110222020000,004c110222020000,16877.70,PASS
14,random_fullrange_10,77,004d22320411cc15,004d220111020000,004d220111020000,17106.10,PASS
14,random_fullrange_10,78,004e11af6c22d691,004e110222020000,004e110222020000,16726.50,PASS
14,random_fullrange_10,79,004f22b01b115e98,004f220211010000,004f220211010000,16952.00,PASS
14,random_fullrange_10,80,00501148e922831a,0050110122010000,0050110122010000,16939.50,PASS
14,random_fullrange_10,81,005122e404114587,0051220211010000,0051220211010000,16807.60,PASS
14,random_fullrange_10,82,005211e3f7222e90,0052110222010000,0052110222010000,17025.50,PASS
14,random_fullrange_10,83,00532218671155c1,0053220111010000,0053220111010000,16935.30,PASS
14,random_fullrange_10,84,0054113de72228b9,0054110122010000,0054110122010000,16755.40,PASS
14,random_fullrange_10,85,0055227151113b80,0055220111010000,0055220111010000,17310.70,PASS
14,random_fullrange_10,86,005611064f22a7df,0056110122020000,0056110122020000,16278.60,PASS
14,random_fullrange_10,87,005722270b11a283,0057220111020000,0057220111020000,16864.60,PASS
14,random_fullrange_10,88,005811fb3922cb4e,0058110222020000,0058110222020000,17023.50,PASS
14,random_fullrange_10,89,0059222d7511199f,0059220111010000,0059220111010000,16647.10,PASS
14,random_fullrange_10,90,005a1198e22203b8,005a110222010000,005a110222010000,16690.60,PASS
14,random_fullrange_10,91,005b22ac4e11d9f5,005b220211020000,005b220211020000,16831.30,PASS
14,random_fullrange_10,92,005c1108ab22000c,005c110122010000,005c110122010000,16848.20,PASS
14,random_fullrange_10,93,005d22318411a168,005d220111020000,005d220111020000,16880.10,PASS
14,random_fullrange_10,94,005e11b58222f384,005e110222020000,005e110222020000,16622.10,PASS
14,random_fullrange_10,95,005f22919c116163,005f220211010000,005f220211010000,17023.10,PASS
14,random_fullrange_10,96,006011ff6d2212f5,0060110222010000,0060110222010000,16710.40,PASS
14,random_fullrange_10,97,006122c82811f6fb,0061220211020000,0061220211020000,16783.00,PASS
14,random_fullrange_10,98,006211718e223821,0062110122010000,0062110122010000,17019.30,PASS
14,random_fullrange_10,99,00632245e21133b2,0063220111010000,0063220111010000,16510.90,PASS
15,random_fullrange_11,0,000022ff9111ec17,0000220011000000,0000220011000000,5072.80,PASS
15,random_fullrange_11,1,000111fb9a2261a4,0001110022000000,0001110022000000,16799.70,PASS
15,random_fullrange_11,2,0002223110112164,0002220011000000,0002220011000000,17035.50,PASS
15,random_fullrange_11,3,000311285622c86a,0003110022000000,0003110022000000,16744.80,PASS
15,random_fullrange_11,4,00042229741118e5,0004220011000000,0004220011000000,16592.50,PASS
15,random_fullrange_11,5,00051181f422be97,0005110022000000,0005110022000000,16855.90,PASS
15,random_fullrange_11,6,00062233b11148de,0006220011000000,0006220011000000,17673.40,PASS
15,random_fullrange_11,7,00071139d12273f1,0007110022000000,0007110022000000,16303.30,PASS
15,random_fullrange_11,8,000822fb92114d19,0008220011000000,0008220011000000,16883.00,PASS
15,random_fullrange_11,9,0009118d8422eb91,0009110022000000,0009110022000000,16986.40,PASS
15,random_fullrange_11,10,000a22ece111f9fd,000a220011000000,000a220011000000,16575.90,PASS
15,random_fullrange_11,11,000b11f3f322acdb,000b110022000000,000b110022000000,16751.30,PASS
15,random_fullrange_11,12,000c22b62411ba54,000c220011000000,000c220011000000,16896.50,PASS
15,random_fullrange_11,13,000d11bdd422aab3,000d110022000000,000d110022000000,16795.90,PASS
15,random_fullrange_11,14,000e22ea4811b80e,000e220011000000,000e220011000000,17067.10,PASS
15,random_fullrange_11,15,000f117dd0227a91,000f110022000000,000f110022000000,17214.50,PASS
15,random_fullrange_11,16,001022aadc11c34d,0010220211020000,0010220211020000,16301.50,PASS
15,random_fullrange_11,17,001111762e228a7a,0011110122010000,0011110122010000,16828.00,PASS
15,random_fullrange_11,18,00122282e011d77d,0012220111020000,0012220111020000,16925.80,PASS
15,random_fullrange_11,19,00131105db2240a8,0013110122010000,0013110122010000,17031.50,PASS
15,random_fullrange_11,20,001422bdbe11b1c4,0014220211020000,0014220211020000,17174.70,PASS
15,random_fullrange_11,21,001511ec2522d86f,0015110222020000,0015110222020000,16498.50,PASS
15,random_fullrange_11,22,0016224cea11c1dd,0016220111020000,0016220111020000,16441.60,PASS
15,random_fullrange_11,23,0017113f3f222c6b,0017110122010000,0017110122010000,16473.10,PASS
15,random_fullrange_11,24,001822b1641151c4,0018220211010000,0018220211010000,16859.20,PASS
15,random_fullrange_11,25,001911622322da1e,0019110122020000,0019110122020000,16881.20,PASS
15,random_fullrange_11,26,001a228dc2117923,001a220111010000,001a220111010000,16716.00,PASS
15,random_fullrange_11,27,001b114e05225612,001b110122010000,001b110122010000,16957.60,PASS
15,random_fullrange_11,28,001c22b86e1195b3,001c220211020000,001c220211020000,16878.00,PASS
15,random_fullrange_11,29,001d11f2e3226942,001d110222010000,001d110222010000,16905.20,PASS
15,random_fullrange_11,30,001e22dbb6111585,001e220211010000,001e220211010000,16939.70,PASS
15,random_fullrange_11,31,001f11b597220e24,001f110222010000,001f110222010000,16907.60,PASS
15,random_fullrange_11,32,002022899211e7d7,0020220211020000,0020220211020000,17091.30,PASS
15,random_fullrange_11,33,0021114e26222917,0021110122010000,0021110122010000,16669.20,PASS
15,random_fullrange_11,34,0022224a6911a4a3,0022220111020000,0022220111020000,16502.00,PASS
15,random_fullrange_11,35,002311e93f22dd57,0023110222020000,0023110222020000,16910.60,PASS
15,random_fullrange_11,36,00242234a2111d7b,0024220111010000,0024220111010000,16761.10,PASS
15,random_fullrange_11,37,0025115a6e2284b6,0025110122020000,0025110122020000,16712.30,PASS
15,random_fullrange_11,38,002622cbfb1107f2,0026220211010000,0026220211010000,16961.30,PASS
15,random_fullrange_11,39,002711771222dc42,0027110122020000,0027110122020000,16717.40,PASS
15,random_fullrange_11,40,002822730d116473,0028220111010000,0028220111010000,16818.90,PASS
15,random_fullrange_11,41,00291186d8227630,0029110222010000,0029110222010000,16932.10,PASS
15,random_fullrange_11,42,002a2295e611eacd,002a220211020000,002a220211020000,16697.20,PASS
15,random_fullrange_11,43,002b11c5cb227531,002b110222010000,002b110222010000,16944.80,PASS
15,random_fullrange_11,44,002c2293c41129ee,002c220211010000,002c220211010000,16657.10,PASS
15,random_fullrange_11,45,002d11f01522143e,002d110222010000,002d110222010000,16760.60,PASS
15,random_fullrange_11,46,002e2275e6113259,002e220211010000,002e220211010000,16791.00,PASS
15,random_fullrange_11,47,002f11448d22d196,002f110122020000,002f110122020000,16851.40,PASS
15,random_fullrange_11,48,00302214a11186b0,0030220111020000,0030220111020000,16934.20,PASS
15,random_fullrange_11,49,0031113692221261,0031110122010000,0031110122010000,16658.70,PASS
15,random_fullrange_11,50,00322275ee11a6d4,0032220111020000,0032220111020000,16880.90,PASS
15,random_fullrange_11,51,00331111112237aa,0033110122010000,0033110122010000,17017.20,PASS
15,random_fullrange_11,52,0034223a6511e1be,0034220111020000,0034220111020000,16574.50,PASS
15,random_fullrange_11,53,003511db4122ed58,0035110222020000,0035110222020000,17583.60,PASS
15,random_fullrange_11,54,0036221ff811818a,0036220111010000,0036220111010000,16172.10,PASS
15,random_fullrange_11,55,003711440a22f968,0037110122020000,0037110122020000,16843.00,PASS
15,random_fullrange_11,56,003822cace110724,0038220211010000,0038220211010000,17165.10,PASS
15,random_fullrange_11,57,003911f74e22da86,0039110222020000,0039110222020000,16299.60,PASS
15,random_fullrange_11,58,003a22526511d4d7,003a220111020000,003a220111020000,16967.10,PASS
15,random_fullrange_11,59,003b11fcfd2295b5,003b110222020000,003b110222020000,16776.30,PASS
15,random_fullrange_11,60,003c22bc09114193,003c220211010000,003c220211010000,17062.70,PASS
15,random_fullrange_11,61,003d11401922f5a8,003d110122020000,003d110122020000,16622.00,PASS
15,random_fullrange_11,62,003e227dc61174c6,003e220111010000,003e220111010000,16707.80,PASS
15,random_fullrange_11,63,003f11332d227747,003f110122010000,003f110122010000,16980.30,PASS
15,random_fullrange_11,64,004022a01f11023d,0040220211010000,0040220211010000,16904.30,PASS
15,random_fullrange_11,65,004111bbac22a884,0041110222020000,0041110222020000,16686.70,PASS
15,random_fullrange_11,66,0042224ac611e121,0042220111020000,0042220111020000,16805.20,PASS
15,random_fullrange_11,67,004311bb6622c2c4,0043110222020000,0043110222020000,19012.80,PASS
15,random_fullrange_11,68,0044227a961191d8,0044220111020000,0044220111020000,57945.40,PASS
15,random_fullrange_11,69,004511364c222510,0045110122010000,0045110122010000,31432.20,PASS
15,random_fullrange_11,70,004622d32311ce7a,0046220211020000,0046220211020000,11751.00,PASS
15,random_fullrange_11,71,004711baec22f34e,0047110222020000,0047110222020000,14949.30,PASS
15,random_fullrange_11,72,0048223f87115ff5,0048220111010000,0048220111010000,19632.60,PASS
15,random_fullrange_11,73,0049110dd522a649,0049110122020000,0049110122020000,14075.20,PASS
15,random_fullrange_11,74,004a22c2bc1150c3,004a220211010000,004a220211010000,16938.80,PASS
15,random_fullrange_11,75,004b11f5cb2210bd,004b110222010000,004b110222010000,16879.80,PASS
15,random_fullrange_11,76,004c222aa2110b54,004c220111010000,004c220111010000,16880.20,PASS
15,random_fullrange_11,77,004d11512f2212c7,004d110122010000,004d110122010000,17004.20,PASS
15,random_fullrange_11,78,004e22313a11fd22,004e220111020000,004e220111020000,16767.00,PASS
15,random_fullrange_11,79,004f111ec022573a,004f110122010000,004f110122010000,16864.80,PASS
15,random_fullrange_11,80,005022d7b311f28c,0050220211020000,0050220211020000,16957.10,PASS
15,random_fullrange_11,81,005111e39f2261cc,0051110222010000,0051110222010000,16714.30,PASS
15,random_fullrange_11,82,005222d17b116c2a,0052220211010000,0052220211010000,16826.70,PASS
15,random_fullrange_11,83,005311b57422a6d3,0053110222020000,0053110222020000,16788.30,PASS
15,random_fullrange_11,84,005422adc6116e6a,0054220211010000,0054220211010000,17052.00,PASS
15,random_fullrange_11,85,005511ccf322546a,0055110222010000,0055110222010000,16963.00,PASS
15,random_fullrange_11,86,0056226cd0119a98,0056220111020000,0056220111020000,16712.60,PASS
15,random_fullrange_11,87,005711964422a387,0057110222020000,0057110222020000,16750.80,PASS
15,random_fullrange_11,88,0058223775116c64,0058220111010000,0058220111010000,16752.20,PASS
15,random_fullrange_11,89,005911b028220c25,0059110222010000,0059110222010000,16891.00,PASS
15,random_fullrange_11,90,005a22309c113b82,005a220111010000,005a220111010000,16791.20,PASS
15,random_fullrange_11,91,005b11e944226259,005b110222010000,005b110222010000,17113.30,PASS
15,random_fullrange_11,92,005c221e7211d870,005c220111020000,005c220111020000,16564.10,PASS
15,random_fullrange_11,93,005d11ec5a2297f0,005d110222020000,005d110222020000,16968.90,PASS
15,random_fullrange_11,94,005e22bdb311788f,005e220211010000,005e220211010000,16925.20,PASS
15,random_fullrange_11,95,005f11deec22720e,005f110222010000,005f110222010000,16784.10,PASS
15,random_fullrange_11,96,006022b6c81105c2,0060220211010000,0060220211010000,16886.10,PASS
15,random_fullrange_11,97,006111b946224d68,0061110222010000,0061110222010000,16815.80,PASS
15,random_fullrange_11,98,006222eb4511e649,0062220211020000,0062220211020000,16929.50,PASS
15,random_fullrange_11,99,006311dcac22ac73,0063110222020000,0063110222020000,16952.20,PASS
16,random_fullrange_12,0,000011a2a52296d8,0000110022000000,0000110022000000,10709.70,PASS
16,random_fullrange_12,1,0001224a3d1128e3,0001220011000000,0001220011000000,16820.00,PASS
16,random_fullrange_12,2,000211db2e22ca27,0002110022000000,0002110022000000,16807.20,PASS
16,random_fullrange_12,3,0003228c81113210,0003220011000000,0003220011000000,16918.30,PASS
16,random_fullrange_12,4,000411d49722800e,0004110022000000,0004110022000000,16945.10,PASS
16,random_fullrange_12,5,0005220aab1180a9,0005220011000000,0005220011000000,17109.70,PASS
16,random_fullrange_12,6,000611ad0f227928,0006110022000000,0006110022000000,16413.60,PASS
16,random_fullrange_12,7,000722d8c5110cab,0007220011000000,0007220011000000,16732.30,PASS
16,random_fullrange_12,8,0008114bfb2211f4,0008110022000000,0008110022000000,17059.40,PASS
16,random_fullrange_12,9,000922d89d118723,0009220011000000,0009220011000000,16532.20,PASS
16,random_fullrange_12,10,000a11662522077d,000a110022000000,000a110022000000,17119.50,PASS
16,random_fullrange_12,11,000b226a0a118413,000b220011000000,000b220011000000,16681.90,PASS
16,random_fullrange_12,12,000c11e5a4229ac5,000c110022000000,000c110022000000,16791.40,PASS
16,random_fullrange_12,13,000d2284ce1198a7,000d220011000000,000d220011000000,16735.40,PASS
16,random_fullrange_12,14,000e119d7d229fc3,000e110022000000,000e110022000000,16732.70,PASS
16,random_fullrange_12,15,000f2221dc11808c,000f220011000000,000f220011000000,16876.60,PASS
16,random_fullrange_12,16,001011946e22dc49,0010110222020000,0010110222020000,16870.50,PASS
16,random_fullrange_12,17,001122ccbd11f9b0,0011220211020000,0011220211020000,16752.50,PASS
16,random_fullrange_12,18,0012112f99221205,0012110122010000,0012110122010000,17022.10,PASS
16,random_fullrange_12,19,001322971111e8df,0013220211020000,0013220211020000,16640.10,PASS
16,random_fullrange_12,20,00141163c7223c3b,0014110122010000,0014110122010000,17040.20,PASS
16,random_fullrange_12,21,0015221ab2119f10,0015220111020000,0015220111020000,17293.40,PASS
16,random_fullrange_12,22,001611feaa22ced0,0016110222020000,0016110222020000,16064.80,PASS
16,random_fullrange_12,23,001722e028110b94,0017220211010000,0017220211010000,17313.40,PASS
16,random_fullrange_12,24,001811a78a2209a8,0018110222010000,0018110222010000,16532.10,PASS
16,random_fullrange_12,25,0019229ffe11bb09,0019220211020000,0019220211020000,16567.50,PASS
16,random_fullrange_12,26,001a11ba4722e5f7,001a110222020000,001a110222020000,17084.90,PASS
16,random_fullrange_12,27,001b22ba411193c3,001b220211010000,001b220211010000,16737.20,PASS
16,random_fullrange_12,28,001c11de1e229428,001c110222020000,001c110222020000,17162.20,PASS
16,random_fullrange_12,29,001d226e5e1108e5,001d220111010000,001d220111010000,16584.20,PASS
16,random_fullrange_12,30,001e11da7b222977,001e110222010000,001e110222010000,16700.60,PASS
16,random_fullrange_12,31,001f22f8d4112641,001f220211010000,001f220211010000,16831.10,PASS
16,random_fullrange_12,32,002011119822e031,0020110122020000,0020110122020000,16660.00,PASS
16,random_fullrange_12,33,002122e7f3118999,0021220211020000,0021220211020000,16943.30,PASS
16,random_fullrange_12,34,002211cb6d22d1fe,0022110222020000,0022110222020000,17351.80,PASS
16,random_fullrange_12,35,0023226bbf11276b,0023220111010000,0023220111010000,16326.90,PASS
16,random_fullrange_12,36,002411a11c22c0c6,0024110222020000,0024110222020000,16619.40,PASS
16,random_fullrange_12,37,0025221c2e11f554,0025220111020000,0025220111020000,17625.40,PASS
16,random_fullrange_12,38,00261166a9223314,0026110122010000,0026110122010000,16020.10,PASS
16,random_fullrange_12,39,0027221d9711a00d,0027220111020000,0027220111020000,17625.70,PASS
16,random_fullrange_12,40,0028114c212291fc,0028110122010000,0028110122010000,16152.40,PASS
16,random_fullrange_12,41,002922e69e1142f6,0029220211010000,0029220211010000,16945.90,PASS
16,random_fullrange_12,42,002a1120f8224c31,002a110122010000,002a110122010000,16630.30,PASS
16,random_fullrange_12,43,002b22a519119db7,002b220211020000,002b220211020000,16856.70,PASS
16,random_fullrange_12,44,002c1166a42274f0,002c110122010000,002c110122010000,16707.80,PASS
16,random_fullrange_12,45,002d2249e011141c,002d220111010000,002d220111010000,17641.00,PASS
16,random_fullrange_12,46,002e11ee502210f8,002e110222010000,002e110222010000,16542.30,PASS
16,random_fullrange_12,47,002f224b3e1198bb,002f220111020000,002f220111020000,16656.20,PASS
16,random_fullrange_12,48,00301120f8223ebc,0030110122010000,0030110122010000,16736.40,PASS
16,random_fullrange_12,49,003122fd701106eb,0031220211010000,0031220211010000,16728.70,PASS
16,random_fullrange_12,50,00321117022262b0,0032110122010000,0032110122010000,17016.70,PASS
16,random_fullrange_12,51,0033220651114ac1,0033220111010000,0033220111010000,16674.50,PASS
16,random_fullrange_12,52,0034113600220c6d,0034110122010000,0034110122010000,16796.10,PASS
16,random_fullrange_12,53,0035227b24119be0,0035220211020000,0035220211020000,16777.90,PASS
16,random_fullrange_12,54,003611ba5a2289a3,0036110222020000,0036110222020000,16937.50,PASS
16,random_fullrange_12,55,003722a7f911f4b1,0037220211020000,0037220211020000,16775.20,PASS
16,random_fullrange_12,56,003811e756226ba7,0038110222010000,0038110222010000,16577.00,PASS
16,random_fullrange_12,57,003922be42117b28,0039220211020000,0039220211020000,16974.90,PASS
16,random_fullrange_12,58,003a11246d22a394,003a110122020000,003a110122020000,16985.10,PASS
16,random_fullrange_12,59,003b22467d11dcf0,003b220111020000,003b220111020000,16604.50,PASS
16,random_fullrange_12,60,003c1147ed226d29,003c110122020000,003c110122020000,17151.70,PASS
16,random_fullrange_12,61,003d223ad11148d0,003d220111010000,003d220111010000,16605.80,PASS
16,random_fullrange_12,62,003e113584226aff,003e110122010000,003e110122010000,17574.60,PASS
16,random_fullrange_12,63,003f22ec6e11c16e,003f220211020000,003f220211020000,16432.90,PASS
16,random_fullrange_12,64,004011623d22ee49,0040110122020000,0040110122020000,16626.40,PASS
16,random_fullrange_12,65,004122bffc113424,0041220211010000,0041220211010000,17029.30,PASS
16,random_fullrange_12,66,004211baf2228950,0042110222020000,0042110222020000,17301.70,PASS
16,random_fullrange_12,67,004322abfc113702,0043220211010000,0043220211010000,16256.60,PASS
16,random_fullrange_12,68,004411809522a0e0,0044110122020000,0044110122020000,16816.90,PASS
16,random_fullrange_12,69,004522572911c685,0045220111020000,0045220111020000,16862.70,PASS
16,random_fullrange_12,70,004611618f225528,0046110122010000,0046110122010000,16905.70,PASS
16,random_fullrange_12,71,0047224ea711e3da,0047220111020000,0047220111020000,16647.00,PASS
16,random_fullrange_12,72,00481173f722a72f,0048110122020000,0048110122020000,16788.50,PASS
16,random_fullrange_12,73,0049220a3d117f3e,0049220111020000,0049220111020000,17050.10,PASS
16,random_fullrange_12,74,004a11326322f748,004a110122020000,004a110122020000,16645.10,PASS
16,random_fullrange_12,75,004b22cb53111d1b,004b220211010000,004b220211010000,17248.00,PASS
16,random_fullrange_12,76,004c11866a221da2,004c110222010000,004c110222010000,16472.10,PASS
16,random_fullrange_12,77,004d22d49e11ad0e,004d220211020000,004d220211020000,16725.60,PASS
16,random_fullrange_12,78,004e11ed0d227d72,004e110222010000,004e110222010000,16747.40,PASS
16,random_fullrange_12,79,004f22d8e2113d99,004f220211010000,004f220211010000,17466.00,PASS
16,random_fullrange_12,80,00501108b022a035,0050110122020000,0050110122020000,16918.70,PASS
16,random_fullrange_12,81,005122268111b454,0051220111020000,0051220111020000,16013.20,PASS
16,random_fullrange_12,82,00521120a4228f54,0052110122020000,0052110122020000,16770.30,PASS
16,random_fullrange_12,83,005322bce1113994,0053220211010000,0053220211010000,16723.80,PASS
16,random_fullrange_12,84,005411a0c9222a97,0054110222010000,0054110222010000,16905.20,PASS
16,random_fullrange_12,85,005522f5a011f5d2,0055220211020000,0055220211020000,17004.70,PASS
16,random_fullrange_12,86,005611850c229e43,0056110222020000,0056110222020000,16801.20,PASS
16,random_fullrange_12,87,00572230b011a78a,0057220111020000,0057220111020000,16701.50,PASS
16,random_fullrange_12,88,005811412a22dd56,0058110122020000,0058110122020000,16924.80,PASS
16,random_fullrange_12,89,00592227a01122fe,0059220111010000,0059220111010000,16676.70,PASS
16,random_fullrange_12,90,005a11e39122d050,005a110222020000,005a110222020000,17631.00,PASS
16,random_fullrange_12,91,005b2272f51130d5,005b220111010000,005b220111010000,16847.40,PASS
16,random_fullrange_12,92,005c11c42522f19b,005c110222020000,005c110222020000,17318.30,PASS
16,random_fullrange_12,93,005d22b16911ad22,005d220211020000,005d220211020000,15507.00,PASS
16,random_fullrange_12,94,005e11ef4e2231cc,005e110222010000,005e110222010000,17005.90,PASS
16,random_fullrange_12,95,005f221ee8119dcf,005f220111020000,005f220111020000,16780.40,PASS
16,random_fullrange_12,96,00601193252294fa,0060110222020000,0060110222020000,16863.80,PASS
16,random_fullrange_12,97,0061226b3f11bd1e,0061220111020000,0061220111020000,16655.60,PASS
16,random_fullrange_12,98,006211032b22d5bb,0062110122020000,0062110122020000,17375.50,PASS
16,random_fullrange_12,99,0063221f4b1122ef,0063220111010000,0063220111010000,16843.30,PASS
17,random_fullrange_13,0,0000222b1c11126f,0000220011000000,0000220011000000,16635.00,PASS
17,random_fullrange_13,1,0001112701222a05,0001110022000000,0001110022000000,16900.00,PASS
17,random_fullrange_13,2,00022201fe112f6c,0002220011000000,0002220011000000,16615.30,PASS
17,random_fullrange_13,3,00031166b5227a5d,0003110022000000,0003110022000000,16647.80,PASS
17,random_fullrange_13,4,00042219a411a90f,0004220011000000,0004220011000000,17142.80,PASS
17,random_fullrange_13,5,000511c63722ad3c,0005110022000000,0005110022000000,16611.10,PASS
17,random_fullrange_13,6,000622fb4a111fce,0006220011000000,0006220011000000,16834.10,PASS
17,random_fullrange_13,7,000711ce9a22642d,0007110022000000,0007110022000000,16961.40,PASS
17,random_fullrange_13,8,000822e08d11fae4,0008220011000000,0008220011000000,16821.40,PASS
17,random_fullrange_13,9,000911187c220889,0009110022000000,0009110022000000,17436.10,PASS
17,random_fullrange_13,10,000a220d3311ee4b,000a220011000000,000a220011000000,16147.20,PASS
17,random_fullrange_13,11,000b11b09f22a645,000b110022000000,000b110022000000,16782.40,PASS
17,random_fullrange_13,12,000c225f57111af9,000c220011000000,000c220011000000,16746.80,PASS
17,random_fullrange_13,13,000d1138ff227f86,000d110022000000,000d110022000000,16885.10,PASS
17,random_fullrange_13,14,000e225ab11197f8,000e220011000000,000e220011000000,16797.40,PASS
17,random_fullrange_13,15,000f11eae22262b4,000f110022000000,000f110022000000,16792.80,PASS
17,random_fullrange_13,16,0010221be411861f,0010220011000000,0010220011000000,16843.40,PASS
17,random_fullrange_13,17,001111d66c22535f,0011110022000000,0011110022000000,16709.40,PASS
17,random_fullrange_13,18,001222c2b811b2bb,0012220211000000,0012220211000000,16964.00,PASS
17,random_fullrange_13,19,00131171662290aa,0013110122020000,0013110122020000,16975.40,PASS
17,random_fullrange_13,20,0014225d2411840b,0014220111010000,0014220111010000,16741.90,PASS
17,random_fullrange_13,21,00151190ad221b05,0015110122010000,0015110122010000,16950.50,PASS
17,random_fullrange_13,22,001622cea811c57d,0016220211020000,0016220211020000,16891.70,PASS
17,random_fullrange_13,23,00171165a422728e,0017110122020000,0017110122020000,17051.80,PASS
17,random_fullrange_13,24,0018224dba111525,0018220111010000,0018220111010000,16573.20,PASS
17,random_fullrange_13,25,0019116dbb2241cd,0019110122010000,0019110122010000,17081.30,PASS
17,random_fullrange_13,26,001a22bd04119459,001a220211020000,001a220211020000,16710.50,PASS
17,random_fullrange_13,27,001b11a02e22e3c6,001b110222020000,001b110222020000,16932.80,PASS
17,random_fullrange_13,28,001c228d61111916,001c220211010000,001c220211010000,16922.50,PASS
17,random_fullrange_13,29,001d111ba5225d58,001d110122010000,001d110122010000,17084.10,PASS
17,random_fullrange_13,30,001e22b4ba116dc7,001e220211010000,001e220211010000,16911.20,PASS
17,random_fullrange_13,31,001f11f25022839b,001f110222020000,001f110222020000,16713.20,PASS
17,random_fullrange_13,32,002022dac81189ea,0020220211020000,0020220211020000,17044.60,PASS
17,random_fullrange_13,33,002111a9ec22c0f5,0021110222020000,0021110222020000,17121.10,PASS
17,random_fullrange_13,34,00222249c9113a92,0022220111010000,0022220111010000,16297.80,PASS
17,random_fullrange_13,35,002311c10d227e0d,0023110222010000,0023110222010000,16767.40,PASS
17,random_fullrange_13,36,0024222d9c11da09,0024220111020000,0024220111020000,16807.10,PASS
17,random_fullrange_13,37,00251100af22103b,0025110122010000,0025110122010000,16856.70,PASS
17,random_fullrange_13,38,002622288811b7f3,0026220111020000,0026220111020000,17320.00,PASS
17,random_fullrange_13,39,0027117595221f26,0027110122010000,0027110122010000,16729.80,PASS
17,random_fullrange_13,40,0028224cf911b3c7,0028220111020000,0028220111020000,16985.90,PASS
17,random_fullrange_13,41,002911f297226cb3,0029110222010000,0029110222010000,16612.00,PASS
17,random_fullrange_13,42,002a22d150111783,002a220211010000,002a220211010000,16488.40,PASS
17,random_fullrange_13,43,002b1155e4228439,002b110122020000,002b110122020000,16822.90,PASS
17,random_fullrange_13,44,002c226b6011a811,002c220111020000,002c220111020000,16575.60,PASS
17,random_fullrange_13,45,002d11d77a220e76,002d110222010000,002d110222010000,17338.00,PASS
17,random_fullrange_13,46,002e227ecd11c2fe,002e220211020000,002e220211020000,16452.20,PASS
17,random_fullrange_13,47,002f115cea22930a,002f110122020000,002f110122020000,16780.90,PASS
17,random_fullrange_13,48,003022d5f311347c,0030220211010000,0030220211010000,17326.10,PASS
17,random_fullrange_13,49,003111c63f22d786,0031110222020000,0031110222020000,16266.50,PASS
17,random_fullrange_13,50,003222df5b1172ad,0032220211010000,0032220211010000,16962.20,PASS
17,random_fullrange_13,51,003311d0d8222500,0033110222010000,0033110222010000,16765.50,PASS
17,random_fullrange_13,52,003422786c117860,0034220211010000,0034220211010000,16839.60,PASS
17,random_fullrange_13,53,003511865522efa9,0035110122020000,0035110122020000,17294.20,PASS
17,random_fullrange_13,54,0036222d47118022,0036220111010000,0036220111010000,16282.10,PASS
17,random_fullrange_13,55,0037119ee42263f5,0037110222010000,0037110222010000,16588.10,PASS
17,random_fullrange_13,56,00382268cf115c6e,0038220111010000,0038220111010000,16843.40,PASS
17,random_fullrange_13,57,0039114c9322e8dd,0039110122020000,0039110122020000,16840.70,PASS
17,random_fullrange_13,58,003a226e68118eb0,003a220111020000,003a220111020000,17110.20,PASS
17,random_fullrange_13,59,003b11d6f6224136,003b110222010000,003b110222010000,16970.90,PASS
17,random_fullrange_13,60,003c22c0a7111d21,003c220211010000,003c220211010000,16861.80,PASS
17,random_fullrange_13,61,003d1166a72244ad,003d110122010000,003d110122010000,16418.10,PASS
17,random_fullrange_13,62,003e2277d4112c91,003e220111010000,003e220111010000,16961.20,PASS
17,random_fullrange_13,63,003f115caa22da48,003f110122020000,003f110122020000,16851.80,PASS
17,random_fullrange_13,64,004022285f110518,0040220111010000,0040220111010000,16800.10,PASS
17,random_fullrange_13,65,0041114b9c22d178,0041110122020000,0041110122020000,16728.90,PASS
17,random_fullrange_13,66,0042222282115474,0042220111010000,0042220111010000,16679.30,PASS
17,random_fullrange_13,67,004311fd072223c9,0043110222010000,0043110222010000,16864.60,PASS
17,random_fullrange_13,68,004422aa40110145,0044220211010000,0044220211010000,16977.90,PASS
17,random_fullrange_13,69,0045115d1422bc8c,0045110122020000,0045110122020000,17374.00,PASS
17,random_fullrange_13,70,0046220b7511e681,0046220111020000,0046220111020000,16181.30,PASS
17,random_fullrange_13,71,0047119ae222e77b,0047110222020000,0047110222020000,16894.30,PASS
17,random_fullrange_13,72,0048223ba211fe96,0048220111020000,0048220111020000,16886.90,PASS
17,random_fullrange_13,73,00491106ae223534,0049110122010000,0049110122010000,16753.60,PASS
17,random_fullrange_13,74,004a228ef31182ef,004a220211020000,004a220211020000,16783.80,PASS
17,random_fullrange_13,75,004b11a136225d0e,004b110222010000,004b110222010000,16876.30,PASS
17,random_fullrange_13,76,004c22bcc0112012,004c220211010000,004c220211010000,16837.60,PASS
17,random_fullrange_13,77,004d112ef6224946,004d110122010000,004d110122010000,16526.90,PASS
17,random_fullrange_13,78,004e22b00a11e978,004e220211020000,004e220211020000,16808.10,PASS
17,random_fullrange_13,79,004f111f17223d80,004f110122010000,004f110122010000,17075.20,PASS
17,random_fullrange_13,80,00502203d1119270,0050220111020000,0050220111020000,16602.50,PASS
17,random_fullrange_13,81,005111cdda222db4,0051110222010000,0051110222010000,16867.70,PASS
17,random_fullrange_13,82,0052223aae11d7dc,0052220111020000,0052220111020000,16803.20,PASS
17,random_fullrange_13,83,0053114b8522a360,0053110122020000,0053110122020000,16826.80,PASS
17,random_fullrange_13,84,005422850211c9e8,0054220211020000,0054220211020000,16794.70,PASS
17,random_fullrange_13,85,00551123c4227f93,0055110122020000,0055110122020000,16847.00,PASS
17,random_fullrange_13,86,0056222740118ed3,0056220111020000,0056220111020000,16873.80,PASS
17,random_fullrange_13,87,005711819222a761,0057110222020000,0057110222020000,16837.50,PASS
17,random_fullrange_13,88,00582282c31131bf,0058220211010000,0058220211010000,16699.50,PASS
17,random_fullrange_13,89,005911e44022e483,0059110222020000,0059110222020000,17043.60,PASS
17,random_fullrange_13,90,005a226b8f11151a,005a220111010000,005a220111010000,16833.20,PASS
17,random_fullrange_13,91,005b11b90b22643c,005b110222010000,005b110222010000,17011.80,PASS
17,random_fullrange_13,92,005c22a8991107fa,005c220211010000,005c220211010000,16762.30,PASS
17,random_fullrange_13,93,005d112ff4226a10,005d110122010000,005d110122010000,16725.90,PASS
17,random_fullrange_13,94,005e22034d115675,005e220111010000,005e220111010000,16729.50,PASS
17,random_fullrange_13,95,005f11d03d22e885,005f110222020000,005f110222020000,16825.30,PASS
17,random_fullrange_13,96,006022f56511a981,0060220211020000,0060220211020000,16773.80,PASS
17,random_fullrange_13,97,006111199922c480,0061110122020000,0061110122020000,17294.00,PASS
17,random_fullrange_13,98,00622245d311c486,0062220111020000,0062220111020000,16658.10,PASS
17,random_fullrange_13,99,0063117aba22afb8,0063110222020000,0063110222020000,16787.40,PASS
18,random_fullrange_14,0,0000117d0722b4eb,0000110022000000,0000110022000000,3111.40,PASS
18,random_fullrange_14,1,000122c7fc11f442,0001220011000000,0001220011000000,17288.10,PASS
18,random_fullrange_14,2,000211b086226016,0002110022000000,0002110022000000,16897.40,PASS
18,random_fullrange_14,3,000322798b11bd0d,0003220011000000,0003220011000000,16339.80,PASS
18,random_fullrange_14,4,000411cb2522ccc5,0004110022000000,0004110022000000,16680.40,PASS
18,random_fullrange_14,5,000522962c119745,0005220011000000,0005220011000000,16674.90,PASS
18,random_fullrange_14,6,00061162f022642a,0006110022000000,0006110022000000,16938.50,PASS
18,random_fullrange_14,7,000722fe0d11e502,0007220011000000,0007220011000000,16846.60,PASS
18,random_fullrange_14,8,0008110543227c61,0008110022000000,0008110022000000,17192.50,PASS
18,random_fullrange_14,9,0009229e3311a86b,0009220011000000,0009220011000000,17253.30,PASS
18,random_fullrange_14,10,000a113429225e05,000a110022000000,000a110022000000,16679.50,PASS
18,random_fullrange_14,11,000b22af9d11d129,000b220011000000,000b220011000000,16517.10,PASS
18,random_fullrange_14,12,000c11cfd022f4f1,000c110022000000,000c110022000000,16713.00,PASS
18,random_fullrange_14,13,000d221c3e1105f5,000d220011000000,000d220011000000,16719.20,PASS
18,random_fullrange_14,14,000e11fa5422ce98,000e110022000000,000e110022000000,16933.90,PASS
18,random_fullrange_14,15,000f22141d1138f1,000f220011000000,000f220011000000,16778.20,PASS
18,random_fullrange_14,16,001011103022199d,0010110022000000,0010110022000000,16882.20,PASS
18,random_fullrange_14,17,00112253c3114949,0011220011000000,0011220011000000,16872.10,PASS
18,random_fullrange_14,18,0012113d382287a8,0012110022020000,0012110022020000,16979.50,PASS
18,random_fullrange_14,19,00132248c811f556,0013220111020000,0013220111020000,16962.20,PASS
18,random_fullrange_14,20,0014117e5522e3f1,0014110222020000,0014110222020000,17446.80,PASS
18,random_fullrange_14,21,001522456011c922,0015220111020000,0015220111020000,16215.50,PASS
18,random_fullrange_14,22,001611d27822df13,0016110222020000,0016110222020000,17027.60,PASS
18,random_fullrange_14,23,0017225c1c110b31,0017220111010000,0017220111010000,16844.60,PASS
18,random_fullrange_14,24,001811de6422e67c,0018110222020000,0018110222020000,16964.80,PASS
18,random_fullrange_14,25,0019225eab11cbb3,0019220111020000,0019220111020000,17285.90,PASS
18,random_fullrange_14,26,001a1120b8229e2b,001a110122020000,001a110122020000,16202.40,PASS
18,random_fullrange_14,27,001b222bca11b48e,001b220111020000,001b220111020000,17546.90,PASS
18,random_fullrange_14,28,001c11bcb6223187,001c110222010000,001c110222010000,16388.50,PASS
18,random_fullrange_14,29,001d228040115a93,001d220211010000,001d220211010000,16464.20,PASS
18,random_fullrange_14,30,001e11935022d7ab,001e110222020000,001e110222020000,16806.30,PASS
18,random_fullrange_14,31,001f22b455111b49,001f220211010000,001f220211010000,17032.40,PASS
18,random_fullrange_14,32,00201126f9221ff4,0020110122010000,0020110122010000,17370.00,PASS
18,random_fullrange_14,33,0021225183114f33,0021220111010000,0021220111010000,16105.30,PASS
18,random_fullrange_14,34,002211320b222160,0022110122010000,0022110122010000,16767.20,PASS
18,random_fullrange_14,35,002322565a1170fa,0023220111010000,0023220111010000,16991.30,PASS
18,random_fullrange_14,36,0024119245222899,0024110222010000,0024110222010000,16879.10,PASS
18,random_fullrange_14,37,00252247eb115576,0025220111010000,0025220111010000,16794.50,PASS
18,random_fullrange_14,38,002611e3e022824d,0026110222020000,0026110222020000,16675.30,PASS
18,random_fullrange_14,39,0027229b2911f3c7,0027220211020000,0027220211020000,16838.50,PASS
18,random_fullrange_14,40,0028111a0522a579,0028110122020000,0028110122020000,16725.40,PASS
18,random_fullrange_14,41,002922d326115bcd,0029220211010000,0029220211010000,16938.30,PASS
18,random_fullrange_14,42,002a11068b221f6e,002a110122010000,002a110122010000,16840.00,PASS
18,random_fullrange_14,43,002b22e037114022,002b220211010000,002b220211010000,16988.20,PASS
18,random_fullrange_14,44,002c112de2228d23,002c110122020000,002c110122020000,16825.60,PASS
18,random_fullrange_14,45,002d22910211ff48,002d220211020000,002d220211020000,17631.00,PASS
18,random_fullrange_14,46,002e116e1b226045,002e110222010000,002e110222010000,16456.70,PASS
18,random_fullrange_14,47,002f229aa111040f,002f220211010000,002f220211010000,16674.60,PASS
18,random_fullrange_14,48,0030112e79225f92,0030110122010000,0030110122010000,16752.90,PASS
18,random_fullrange_14,49,0031227dce114f15,0031220211010000,0031220211010000,16762.30,PASS
18,random_fullrange_14,50,003211150c226133,0032110122010000,0032110122010000,16852.10,PASS
18,random_fullrange_14,51,003322565211933a,0033220111020000,0033220111020000,16898.70,PASS
18,random_fullrange_14,52,003411de452283e9,0034110222020000,0034110222020000,16830.30,PASS
18,random_fullrange_14,53,003522403e118227,0035220111020000,0035220111020000,16952.90,PASS
18,random_fullrange_14,54,00361163442219f7,0036110122010000,0036110122010000,16696.50,PASS
18,random_fullrange_14,55,003722673211edfc,0037220111020000,0037220111020000,16885.50,PASS
18,random_fullrange_14,56,0038118d2c228ed7,0038110222020000,0038110222020000,16845.10,PASS
18,random_fullrange_14,57,00392221d9116d9b,0039220111020000,0039220111020000,17063.00,PASS
18,random_fullrange_14,58,003a119b4022bc00,003a110222020000,003a110222020000,16729.90,PASS
18,random_fullrange_14,59,003b22e4ed11ddd9,003b220211020000,003b220211020000,16691.00,PASS
18,random_fullrange_14,60,003c1111ce22b94f,003c110122020000,003c110122020000,17209.40,PASS
18,random_fullrange_14,61,003d222200118dbb,003d220111020000,003d220111020000,17341.10,PASS
18,random_fullrange_14,62,003e114dc522ade3,003e110122020000,003e110122020000,16087.80,PASS
18,random_fullrange_14,63,003f2221e3111854,003f220111010000,003f220111010000,17482.60,PASS
18,random_fullrange_14,64,0040111f4922bea7,0040110122020000,0040110122020000,16237.70,PASS
18,random_fullrange_14,65,004122ba0d112098,0041220211010000,0041220211010000,16536.80,PASS
18,random_fullrange_14,66,004211845222356c,0042110222010000,0042110222010000,16855.20,PASS
18,random_fullrange_14,67,004322d6d711d31f,0043220211020000,0043220211020000,16816.40,PASS
18,random_fullrange_14,68,0044113048228f36,0044110122020000,0044110122020000,17324.40,PASS
18,random_fullrange_14,69,004522a584118952,0045220211020000,0045220211020000,16239.40,PASS
18,random_fullrange_14,70,004611d4c122f756,0046110222020000,0046110222020000,16962.20,PASS
18,random_fullrange_14,71,004722d8de114dd4,0047220211010000,0047220211010000,16714.90,PASS
18,random_fullrange_14,72,004811c26222a0c5,0048110222020000,0048110222020000,16943.60,PASS
18,random_fullrange_14,73,004922a26711dc6d,0049220211020000,0049220211020000,16874.70,PASS
18,random_fullrange_14,74,004a113c95227fe1,004a110122010000,004a110122010000,16634.80,PASS
18,random_fullrange_14,75,004b2277ee117313,004b220111020000,004b220111020000,16940.40,PASS
18,random_fullrange_14,76,004c1130b6229bf4,004c110122020000,004c110122020000,16935.10,PASS
18,random_fullrange_14,77,004d228fd7117612,004d220111020000,004d220111020000,16490.70,PASS
18,random_fullrange_14,78,004e113109228756,004e110122010000,004e110122010000,17292.80,PASS
18,random_fullrange_14,79,004f2231c1119577,004f220111020000,004f220111020000,16240.20,PASS
18,random_fullrange_14,80,0050117a8e22306c,0050110222010000,0050110222010000,16876.20,PASS
18,random_fullrange_14,81,005122f4e811dc9f,0051220211020000,0051220211020000,16895.50,PASS
18,random_fullrange_14,82,005211ca8022f274,0052110222020000,0052110222020000,16906.90,PASS
18,random_fullrange_14,83,0053221a8e11d8a5,0053220111020000,0053220111020000,16791.70,PASS
18,random_fullrange_14,84,00541182722244c2,0054110122010000,0054110122010000,17078.20,PASS
18,random_fullrange_14,85,005522112711534b,0055220111010000,0055220111010000,16868.40,PASS
18,random_fullrange_14,86,0056119cf92268ed,0056110222010000,0056110222010000,16339.20,PASS
18,random_fullrange_14,87,0057224ac81112d7,0057220111010000,0057220111010000,16823.80,PASS
18,random_fullrange_14,88,0058110d76226c80,0058110122010000,0058110122010000,16839.30,PASS
18,random_fullrange_14,89,0059222df911cb61,0059220111020000,0059220111020000,16871.10,PASS
18,random_fullrange_14,90,005a11a4b022aae4,005a110222020000,005a110222020000,16659.80,PASS
18,random_fullrange_14,91,005b220af811c750,005b220111020000,005b220111020000,17022.80,PASS
18,random_fullrange_14,92,005c1189ac22d691,005c110222020000,005c110222020000,17229.20,PASS
18,random_fullrange_14,93,005d22756e11a48b,005d220211020000,005d220211020000,16127.90,PASS
18,random_fullrange_14,94,005e1139bb2208c6,005e110122010000,005e110122010000,17348.40,PASS
18,random_fullrange_14,95,005f22144a11429b,005f220111010000,005f220111010000,16528.30,PASS
18,random_fullrange_14,96,0060112421226b23,0060110122020000,0060110122020000,16839.10,PASS
18,random_fullrange_14,97,0061223e62112c03,0061220111010000,0061220111010000,16887.70,PASS
18,random_fullrange_14,98,006211a6b3223570,0062110222010000,0062110222010000,16559.70,PASS
18,random_fullrange_14,99,006322b3b3114749,0063220211010000,0063220211010000,17501.10,PASS
19,random_fullrange_15,0,00002263a911be45,0000220011000000,0000220011000000,16742.40,PASS
19,random_fullrange_15,1,00011169a122e3c4,0001110022000000,0001110022000000,16985.30,PASS
19,random_fullrange_15,2,000222bdae113b19,0002220011000000,0002220011000000,16730.60,PASS
19,random_fullrange_15,3,0003117c4e225c91,0003110022000000,0003110022000000,16731.90,PASS
19,random_fullrange_15,4,000422318a11c18f,0004220011000000,0004220011000000,17018.80,PASS
19,random_fullrange_15,5,000511273f225409,0005110022000000,0005110022000000,17020.80,PASS
19,random_fullrange_15,6,0006223e7911a857,0006220011000000,0006220011000000,16846.90,PASS
19,random_fullrange_15,7,00071196ec2214ef,0007110022000000,0007110022000000,16661.60,PASS
19,random_fullrange_15,8,000822893b11c511,0008220011000000,0008220011000000,17600.50,PASS
19,random_fullrange_15,9,000911a1f522414d,0009110022000000,0009110022000000,16140.80,PASS
19,random_fullrange_15,10,000a225e4d115de4,000a220011000000,000a220011000000,16828.90,PASS
19,random_fullrange_15,11,000b11c0fd22519c,000b110022000000,000b110022000000,16862.50,PASS
19,random_fullrange_15,12,000c22ab3511fc5a,000c220011000000,000c220011000000,16927.50,PASS
19,random_fullrange_15,13,000d115ade228ce8,000d110022000000,000d110022000000,16757.60,PASS
19,random_fullrange_15,14,000e22a20e11cca5,000e220011000000,000e220011000000,16883.70,PASS
19,random_fullrange_15,15,000f11b80f2256fd,000f110022000000,000f110022000000,16749.50,PASS
19,random_fullrange_15,16,001022979511afd8,0010220211000000,0010220211000000,16926.90,PASS
19,random_fullrange_15,17,0011117cdf223ddb,0011110122010000,0011110122010000,16806.70,PASS
19,random_fullrange_15,18,0012226cef117cd5,0012220211010000,0012220211010000,16845.60,PASS
19,random_fullrange_15,19,001311450d228d0a,0013110122020000,0013110122020000,16846.30,PASS
19,random_fullrange_15,20,0014226190112398,0014220111010000,0014220111010000,17083.40,PASS
19,random_fullrange_15,21,001511a0d22221b5,0015110222010000,0015110222010000,16864.30,PASS
19,random_fullrange_15,22,0016225fe61107db,0016220111010000,0016220111010000,16790.60,PASS
19,random_fullrange_15,23,0017113bc12214df,0017110122010000,0017110122010000,16649.00,PASS
19,random_fullrange_15,24,001822542b112fef,0018220111010000,0018220111010000,17580.30,PASS
19,random_fullrange_15,25,001911b87c220d6d,0019110222010000,0019110222010000,16192.00,PASS
19,random_fullrange_15,26,001a224183110e3b,001a220111010000,001a220111010000,17167.20,PASS
19,random_fullrange_15,27,001b11aa0022ccfd,001b110222020000,001b110222020000,16550.30,PASS
19,random_fullrange_15,28,001c22742e118908,001c220211020000,001c220211020000,16978.20,PASS
19,random_fullrange_15,29,001d11eec3220a53,001d110222010000,001d110222010000,16355.30,PASS
19,random_fullrange_15,30,001e22a52d11815c,001e220211020000,001e220211020000,16900.20,PASS
19,random_fullrange_15,31,001f119b1e221b41,001f110222010000,001f110222010000,16904.60,PASS
19,random_fullrange_15,32,0020229402115638,0020220211010000,0020220211010000,16755.60,PASS
19,random_fullrange_15,33,00211119c2228223,0021110122020000,0021110122020000,16928.40,PASS
19,random_fullrange_15,34,0022222627118e16,0022220111020000,0022220111020000,17530.50,PASS
19,random_fullrange_15,35,00231144cd22450c,0023110122010000,0023110122010000,16337.90,PASS
19,random_fullrange_15,36,002422a37311850e,0024220211020000,0024220211020000,16555.50,PASS
19,random_fullrange_15,37,002511478f229949,0025110122020000,0025110122020000,16853.30,PASS
19,random_fullrange_15,38,002622918d114889,0026220211010000,0026220211010000,16898.20,PASS
19,random_fullrange_15,39,0027113e5c22240f,0027110122010000,0027110122010000,16677.60,PASS
19,random_fullrange_15,40,002822d2f711a9a4,0028220211020000,0028220211020000,16862.60,PASS
19,random_fullrange_15,41,002911401e228c01,0029110122020000,0029110122020000,16646.50,PASS
19,random_fullrange_15,42,002a226a1a118c5d,002a220111020000,002a220111020000,16727.60,PASS
19,random_fullrange_15,43,002b11962e22fed0,002b110222020000,002b110222020000,17248.80,PASS
19,random_fullrange_15,44,002c221426118a6d,002c220111020000,002c220111020000,16439.10,PASS
19,random_fullrange_15,45,002d1134de22479f,002d110122010000,002d110122010000,16993.00,PASS
19,random_fullrange_15,46,002e22c60b113ad8,002e220211010000,002e220211010000,17220.00,PASS
19,random_fullrange_15,47,002f11195122eed6,002f110122020000,002f110122020000,15892.10,PASS
19,random_fullrange_15,48,00302250d1119f1a,0030220111020000,0030220111020000,16682.90,PASS
19,random_fullrange_15,49,003111db392299c4,0031110222020000,0031110222020000,16851.20,PASS
19,random_fullrange_15,50,003222311b118f2c,0032220111020000,0032220111020000,16820.60,PASS
19,random_fullrange_15,51,0033115d03224a26,0033110122010000,0033110122010000,16989.50,PASS
19,random_fullrange_15,52,0034224b9411996f,0034220111020000,0034220111020000,16977.90,PASS
19,random_fullrange_15,53,003511b1442211d0,0035110222010000,0035110222010000,16350.60,PASS
19,random_fullrange_15,54,003622e6f1114f32,0036220211010000,0036220211010000,16924.20,PASS
19,random_fullrange_15,55,003711e07f22aaed,0037110222020000,0037110222020000,16838.00,PASS
19,random_fullrange_15,56,00382261a3111ba5,0038220111010000,0038220111010000,16813.50,PASS
19,random_fullrange_15,57,0039119c4722fd62,0039110222020000,0039110222020000,17424.00,PASS
19,random_fullrange_15,58,003a222a7811ecdc,003a220111020000,003a220111020000,16158.80,PASS
19,random_fullrange_15,59,003b115cc9228991,003b110122020000,003b110122020000,16737.10,PASS
19,random_fullrange_15,60,003c22cd1d119c77,003c220211020000,003c220211020000,16983.60,PASS
19,random_fullrange_15,61,003d11c66822e23c,003d110222020000,003d110222020000,16922.20,PASS
19,random_fullrange_15,62,003e22037b11a658,003e220111020000,003e220111020000,16743.90,PASS
19,random_fullrange_15,63,003f11cc9e220752,003f110222010000,003f110222010000,16837.10,PASS
19,random_fullrange_15,64,00402201a9112890,0040220111010000,0040220111010000,16890.50,PASS
19,random_fullrange_15,65,0041111e73226cb4,0041110122020000,0041110122020000,16807.80,PASS
19,random_fullrange_15,66,00422227f211d3c5,0042220111020000,0042220111020000,16900.10,PASS
19,random_fullrange_15,67,004311d61322f45a,0043110222020000,0043110222020000,16915.20,PASS
19,random_fullrange_15,68,004422bc6411a601,0044220211020000,0044220211020000,17043.70,PASS
19,random_fullrange_15,69,004511c52422c770,0045110222020000,0045110222020000,17254.20,PASS
19,random_fullrange_15,70,004622d4e311e221,0046220211020000,0046220211020000,16402.00,PASS
19,random_fullrange_15,71,004711683c22563e,0047110122010000,0047110122010000,17426.10,PASS
19,random_fullrange_15,72,004822b95a115006,0048220211010000,0048220211010000,16223.30,PASS
19,random_fullrange_15,73,004911a9e4226f82,0049110222010000,0049110222010000,16783.50,PASS
19,random_fullrange_15,74,004a2275b9118743,004a220111010000,004a220111010000,16817.30,PASS
19,random_fullrange_15,75,004b118fd3227381,004b110122010000,004b110122010000,17111.50,PASS
19,random_fullrange_15,76,004c22425d114ed7,004c220111010000,004c220111010000,16436.90,PASS
19,random_fullrange_15,77,004d11893e2278a0,004d110122020000,004d110122020000,16924.70,PASS
19,random_fullrange_15,78,004e22b3ab11c56d,004e220211020000,004e220211020000,16638.80,PASS
19,random_fullrange_15,79,004f1158ee2211b0,004f110122010000,004f110122010000,16995.70,PASS
19,random_fullrange_15,80,00502217091196c1,0050220111020000,0050220111020000,16772.70,PASS
19,random_fullrange_15,81,005111d983223fd1,0051110222010000,0051110222010000,16714.70,PASS
19,random_fullrange_15,82,005222be3a11a008,0052220211020000,0052220211020000,16913.40,PASS
19,random_fullrange_15,83,005311bb5c22c32f,0053110222020000,0053110222020000,16993.70,PASS
19,random_fullrange_15,84,005422a6ad112ff3,0054220211010000,0054220211010000,16820.50,PASS
19,random_fullrange_15,85,005511c9a0225e94,0055110222010000,0055110222010000,16930.30,PASS
19,random_fullrange_15,86,0056227184118014,0056220111010000,0056220111010000,16939.30,PASS
19,random_fullrange_15,87,0057113ae6224e62,0057110122010000,0057110122010000,16828.90,PASS
19,random_fullrange_15,88,005822ef6511a9ab,0058220211020000,0058220211020000,16825.70,PASS
19,random_fullrange_15,89,00591105d122d517,0059110122020000,0059110122020000,17434.60,PASS
19,random_fullrange_15,90,005a22de9c118b00,005a220211020000,005a220211020000,16350.10,PASS
19,random_fullrange_15,91,005b11bc9422db43,005b110222020000,005b110222020000,17044.30,PASS
19,random_fullrange_15,92,005c2216d3116838,005c220111010000,005c220111010000,16952.90,PASS
19,random_fullrange_15,93,005d113555228c9c,005d110122020000,005d110122020000,16939.10,PASS
19,random_fullrange_15,94,005e2210fb111c4e,005e220111010000,005e220111010000,16400.00,PASS
19,random_fullrange_15,95,005f11b8c5228162,005f110222010000,005f110222010000,16817.60,PASS
19,random_fullrange_15,96,0060222eb511bc84,0060220111020000,0060220111020000,16722.20,PASS
19,random_fullrange_15,97,0061112874228d99,0061110122020000,0061110122020000,16888.40,PASS
19,random_fullrange_15,98,0062223c4a11a1cb,0062220111020000,0062220111020000,16766.30,PASS
19,random_fullrange_15,99,0063111ff822fc39,0063110122020000,0063110122020000,16800.40,PASS
