session,name,index,request_hex,expected_hex,actual_hex,latency_us,status
0,constant_max_zero,0,000011ffff220000,0000110022000000,0000110022000000,3798.90,PASS
0,constant_max_zero,1,000122000011ffff,0001220011000000,0001220011000000,16973.40,PASS
0,constant_max_zero,2,000211ffff220000,0002110022000000,0002110022000000,16688.90,PASS
0,constant_max_zero,3,000322000011ffff,0003220011000000,0003220011000000,16981.80,PASS
0,constant_max_zero,4,000411ffff220000,0004110022000000,0004110022000000,16868.00,PASS
0,constant_max_zero,5,000522000011ffff,0005220011000000,0005220011000000,16875.30,PASS
0,constant_max_zero,6,000611ffff220000,0006110022000000,0006110022000000,16839.10,PASS
0,constant_max_zero,7,000722000011ffff,0007220011000000,0007220011000000,16904.40,PASS
0,constant_max_zero,8,000811ffff220000,0008110022000000,0008110022000000,16352.40,PASS
0,constant_max_zero,9,000922000011ffff,0009220011000000,0009220011000000,16920.90,PASS
0,constant_max_zero,10,000a11ffff220000,000a110022000000,000a110022000000,16799.70,PASS
0,constant_max_zero,11,000b22000011ffff,000b220011000000,000b220011000000,16839.10,PASS
0,constant_max_zero,12,000c11ffff220000,000c110022000000,000c110022000000,16937.20,PASS
0,constant_max_zero,13,000d22000011ffff,000d220011000000,000d220011000000,17007.10,PASS
0,constant_max_zero,14,000e11ffff220000,000e110022000000,000e110022000000,16850.00,PASS
0,constant_max_zero,15,000f22000011ffff,000f220011000000,000f220011000000,16746.80,PASS
0,constant_max_zero,16,001011ffff220000,0010110022000000,0010110022000000,17082.00,PASS
0,constant_max_zero,17,001122000011ffff,0011220011000000,0011220011000000,16696.90,PASS
0,constant_max_zero,18,001211ffff220000,0012110022000000,0012110022000000,16825.90,PASS
0,constant_max_zero,19,001322000011ffff,0013220011000000,0013220011000000,16922.10,PASS
0,constant_max_zero,20,001411ffff220000,0014110022000000,0014110022000000,16902.20,PASS
0,constant_max_zero,21,001522000011ffff,0015220011000000,0015220011000000,16818.10,PASS
0,constant_max_zero,22,001611ffff220000,0016110022000000,0016110022000000,16822.60,PASS
0,constant_max_zero,23,001722000011ffff,0017220011000000,0017220011000000,17034.70,PASS
0,constant_max_zero,24,001811ffff220000,0018110022000000,0018110022000000,16803.00,PASS
0,constant_max_zero,25,001922000011ffff,0019220011000000,0019220011000000,16659.90,PASS
0,constant_max_zero,26,001a11ffff220000,001a110022000000,001a110022000000,16795.20,PASS
0,constant_max_zero,27,001b22000011ffff,001b220011000000,001b220011000000,16935.60,PASS
0,constant_max_zero,28,001c11ffff220000,001c110022000000,001c110022000000,16813.90,PASS
0,constant_max_zero,29,001d22000011ffff,001d220011000000,001d220011000000,16827.70,PASS
0,constant_max_zero,30,001e11ffff220000,001e110022000000,001e110022000000,16976.50,PASS
0,constant_max_zero,31,001f22000011ffff,001f220011000000,001f220011000000,17021.00,PASS
0,constant_max_zero,32,002011ffff220000,0020110022000000,0020110022000000,16782.50,PASS
0,constant_max_zero,33,002122000011ffff,0021220011000000,0021220011000000,16736.70,PASS
0,constant_max_zero,34,002211ffff220000,0022110022000000,0022110022000000,16904.00,PASS
0,constant_max_zero,35,002322000011ffff,0023220011000000,0023220011000000,16998.40,PASS
0,constant_max_zero,36,002411ffff220000,0024110022000000,0024110022000000,16824.10,PASS
0,constant_max_zero,37,002522000011ffff,0025220011000000,0025220011000000,16911.90,PASS
0,constant_max_zero,38,002611ffff220000,0026110022000000,0026110022000000,16871.70,PASS
0,constant_max_zero,39,002722000011ffff,0027220011000000,0027220011000000,17043.10,PASS
0,constant_max_zero,40,002811ffff220000,0028110022000000,0028110022000000,16698.80,PASS
0,constant_max_zero,41,002922000011ffff,0029220011000000,0029220011000000,16991.90,PASS
0,constant_max_zero,42,002a11ffff220000,002a110022000000,002a110022000000,16890.60,PASS
0,constant_max_zero,43,002b22000011ffff,002b220011000000,002b220011000000,16776.00,PASS
0,constant_max_zero,44,002c11ffff220000,002c110022000000,002c110022000000,16930.20,PASS
0,constant_max_zero,45,002d22000011ffff,002d220011000000,002d220011000000,16893.50,PASS
0,constant_max_zero,46,002e11ffff220000,002e110022000000,002e110022000000,16874.80,PASS
0,constant_max_zero,47,002f22000011ffff,002f220011000000,002f220011000000,16826.90,PASS
0,constant_max_zero,48,003011ffff220000,0030110022000000,0030110022000000,16924.30,PASS
0,constant_max_zero,49,003122000011ffff,0031220011000000,0031220011000000,16926.30,PASS
0,constant_max_zero,50,003211ffff220000,0032110022000000,0032110022000000,16564.40,PASS
0,constant_max_zero,51,003322000011ffff,0033220011000000,0033220011000000,16974.00,PASS
0,constant_max_zero,52,003411ffff220000,0034110022000000,0034110022000000,16913.10,PASS
0,constant_max_zero,53,003522000011ffff,0035220011000000,0035220011000000,16854.80,PASS
0,constant_max_zero,54,003611ffff220000,0036110022000000,0036110022000000,16865.00,PASS
0,constant_max_zero,55,003722000011ffff,0037220011000000,0037220011000000,16973.20,PASS
0,constant_max_zero,56,003811ffff220000,0038110022000000,0038110022000000,16905.40,PASS
0,constant_max_zero,57,003922000011ffff,0039220011000000,0039220011000000,16917.30,PASS
0,constant_max_zero,58,003a11ffff220000,003a110022000000,003a110022000000,16915.90,PASS
0,constant_max_zero,59,003b22000011ffff,003b220011000000,003b220011000000,16721.30,PASS
0,constant_max_zero,60,003c11ffff220000,003c110022000000,003c110022000000,16993.80,PASS
0,constant_max_zero,61,003d22000011ffff,003d220011000000,003d220011000000,16926.90,PASS
0,constant_max_zero,62,003e11ffff220000,003e110022000000,003e110022000000,16703.30,PASS
0,constant_max_zero,63,003f22000011ffff,003f220011000000,003f220011000000,16921.60,PASS
0,constant_max_zero,64,004011ffff220000,0040110022000000,0040110022000000,16878.90,PASS
0,constant_max_zero,65,004122000011ffff,0041220011000000,0041220011000000,16936.80,PASS
0,constant_max_zero,66,004211ffff220000,0042110022000000,0042110022000000,16854.50,PASS
0,constant_max_zero,67,004322000011ffff,0043220011000000,0043220011000000,17015.60,PASS
0,constant_max_zero,68,004411ffff220000,0044110022000000,0044110022000000,16708.60,PASS
0,constant_max_zero,69,004522000011ffff,0045220011000000,0045220011000000,16946.70,PASS
0,constant_max_zero,70,004611ffff220000,0046110022000000,0046110022000000,16846.20,PASS
0,constant_max_zero,71,004722000011ffff,0047220011000000,0047220011000000,16911.80,PASS
0,constant_max_zero,72,004811ffff220000,0048110022000000,0048110022000000,16768.70,PASS
0,constant_max_zero,73,004922000011ffff,0049220011000000,0049220011000000,16904.80,PASS
0,constant_max_zero,74,004a11ffff220000,004a110022000000,004a110022000000,17018.20,PASS
0,constant_max_zero,75,004b22000011ffff,004b220011000000,004b220011000000,16672.50,PASS
0,constant_max_zero,76,004c11ffff220000,004c110022000000,004c110022000000,16903.40,PASS
0,constant_max_zero,77,004d22000011ffff,004d220011000000,004d220011000000,16912.10,PASS
0,constant_max_zero,78,004e11ffff220000,004e110022000000,004e110022000000,16861.90,PASS
0,constant_max_zero,79,004f22000011ffff,004f220011000000,004f220011000000,16875.40,PASS
0,constant_max_zero,80,005011ffff220000,0050110022000000,0050110022000000,16942.40,PASS
0,constant_max_zero,81,005122000011ffff,0051220011000000,0051220011000000,16833.40,PASS
0,constant_max_zero,82,005211ffff220000,0052110022000000,0052110022000000,17004.60,PASS
0,constant_max_zero,83,005322000011ffff,0053220011000000,0053220011000000,16893.50,PASS
0,constant_max_zero,84,005411ffff220000,0054110022000000,0054110022000000,17489.10,PASS
0,constant_max_zero,85,005522000011ffff,0055220011000000,0055220011000000,16823.90,PASS
0,constant_max_zero,86,005611ffff220000,0056110022000000,0056110022000000,16436.10,PASS
0,constant_max_zero,87,005722000011ffff,0057220011000000,0057220011000000,17288.50,PASS
0,constant_max_zero,88,005811ffff220000,0058110022000000,0058110022000000,16196.30,PASS
0,constant_max_zero,89,005922000011ffff,0059220011000000,0059220011000000,16696.40,PASS
0,constant_max_zero,90,005a11ffff220000,005a110022000000,005a110022000000,16822.40,PASS
0,constant_max_zero,91,005b22000011ffff,005b220011000000,005b220011000000,16912.00,PASS
0,constant_max_zero,92,005c11ffff220000,005c110022000000,005c110022000000,16758.50,PASS
0,constant_max_zero,93,005d22000011ffff,005d220011000000,005d220011000000,16783.80,PASS
0,constant_max_zero,94,005e11ffff220000,005e110022000000,005e110022000000,16599.90,PASS
0,constant_max_zero,95,005f22000011ffff,005f220011000000,005f220011000000,16940.70,PASS
0,constant_max_zero,96,006011ffff220000,0060110022000000,0060110022000000,16924.80,PASS
0,constant_max_zero,97,006122000011ffff,0061220011000000,0061220011000000,16760.80,PASS
0,constant_max_zero,98,006211ffff220000,0062110022000000,0062110022000000,16887.70,PASS
0,constant_max_zero,99,006322000011ffff,0063220011000000,0063220011000000,17006.50,PASS
1,constant_zero_max,0,000022ffff110000,0000220011000000,0000220011000000,15471.30,PASS
1,constant_zero_max,1,000111000022ffff,0001110022000000,0001110022000000,17137.30,PASS
1,constant_zero_max,2,000222ffff110000,0002220011000000,0002220011000000,16892.80,PASS
1,constant_zero_max,3,000311000022ffff,0003110022000000,0003110022000000,16730.20,PASS
1,constant_zero_max,4,000422ffff110000,0004220011000000,0004220011000000,16872.80,PASS
1,constant_zero_max,5,000511000022ffff,0005110022000000,0005110022000000,16878.00,PASS
1,constant_zero_max,6,000622ffff110000,0006220011000000,0006220011000000,16858.80,PASS
1,constant_zero_max,7,000711000022ffff,0007110022000000,0007110022000000,16795.70,PASS
1,constant_zero_max,8,000822ffff110000,0008220011000000,0008220011000000,16948.30,PASS
1,constant_zero_max,9,000911000022ffff,0009110022000000,0009110022000000,16833.70,PASS
1,constant_zero_max,10,000a22ffff110000,000a220011000000,000a220011000000,16919.60,PASS
1,constant_zero_max,11,000b11000022ffff,000b110022000000,000b110022000000,17117.90,PASS
1,constant_zero_max,12,000c22ffff110000,000c220011000000,000c220011000000,16506.30,PASS
1,constant_zero_max,13,000d11000022ffff,000d110022000000,000d110022000000,16961.70,PASS
1,constant_zero_max,14,000e22ffff110000,000e220011000000,000e220011000000,16972.50,PASS
1,constant_zero_max,15,000f11000022ffff,000f110022000000,000f110022000000,16806.10,PASS
1,constant_zero_max,16,001022ffff110000,0010220011000000,0010220011000000,17261.90,PASS
1,constant_zero_max,17,001111000022ffff,0011110022000000,0011110022000000,16457.20,PASS
1,constant_zero_max,18,001222ffff110000,0012220011000000,0012220011000000,17215.10,PASS
1,constant_zero_max,19,001311000022ffff,0013110022000000,0013110022000000,16505.20,PASS
1,constant_zero_max,20,001422ffff110000,0014220011000000,0014220011000000,16871.80,PASS
1,constant_zero_max,21,001511000022ffff,0015110022000000,0015110022000000,16645.60,PASS
1,constant_zero_max,22,001622ffff110000,0016220011000000,0016220011000000,17388.10,PASS
1,constant_zero_max,23,001711000022ffff,0017110022000000,0017110022000000,16355.70,PASS
1,constant_zero_max,24,001822ffff110000,0018220011000000,0018220011000000,16897.20,PASS
1,constant_zero_max,25,001911000022ffff,0019110022000000,0019110022000000,16528.60,PASS
1,constant_zero_max,26,001a22ffff110000,001a220011000000,001a220011000000,16954.30,PASS
1,constant_zero_max,27,001b11000022ffff,001b110022000000,001b110022000000,16996.70,PASS
1,constant_zero_max,28,001c22ffff110000,001c220011000000,001c220011000000,17053.20,PASS
1,constant_zero_max,29,001d11000022ffff,001d110022000000,001d110022000000,16625.00,PASS
1,constant_zero_max,30,001e22ffff110000,001e220011000000,001e220011000000,16748.30,PASS
1,constant_zero_max,31,001f11000022ffff,001f110022000000,001f110022000000,16497.10,PASS
1,constant_zero_max,32,002022ffff110000,0020220011000000,0020220011000000,17273.30,PASS
1,constant_zero_max,33,002111000022ffff,0021110022000000,0021110022000000,16973.10,PASS
1,constant_zero_max,34,002222ffff110000,0022220011000000,0022220011000000,16165.60,PASS
1,constant_zero_max,35,002311000022ffff,0023110022000000,0023110022000000,17404.70,PASS
1,constant_zero_max,36,002422ffff110000,0024220011000000,0024220011000000,16281.40,PASS
1,constant_zero_max,37,002511000022ffff,0025110022000000,0025110022000000,16758.00,PASS
1,constant_zero_max,38,002622ffff110000,0026220011000000,0026220011000000,16921.40,PASS
1,constant_zero_max,39,002711000022ffff,0027110022000000,0027110022000000,16688.00,PASS
1,constant_zero_max,40,002822ffff110000,0028220011000000,0028220011000000,16736.20,PASS
1,constant_zero_max,41,002911000022ffff,0029110022000000,0029110022000000,16888.20,PASS
1,constant_zero_max,42,002a22ffff110000,002a220011000000,002a220011000000,17517.20,PASS
1,constant_zero_max,43,002b11000022ffff,002b110022000000,002b110022000000,17017.00,PASS
1,constant_zero_max,44,002c22ffff110000,002c220011000000,002c220011000000,16857.80,PASS
1,constant_zero_max,45,002d11000022ffff,002d110022000000,002d110022000000,16419.70,PASS
1,constant_zero_max,46,002e22ffff110000,002e220011000000,002e220011000000,17239.90,PASS
1,constant_zero_max,47,002f11000022ffff,002f110022000000,002f110022000000,16003.70,PASS
1,constant_zero_max,48,003022ffff110000,0030220011000000,0030220011000000,16965.80,PASS
1,constant_zero_max,49,003111000022ffff,0031110022000000,0031110022000000,16757.60,PASS
1,constant_zero_max,50,003222ffff110000,0032220011000000,0032220011000000,17378.50,PASS
1,constant_zero_max,51,003311000022ffff,0033110022000000,0033110022000000,16491.80,PASS
1,constant_zero_max,52,003422ffff110000,0034220011000000,0034220011000000,16544.80,PASS
1,constant_zero_max,53,003511000022ffff,0035110022000000,0035110022000000,16736.30,PASS
1,constant_zero_max,54,003622ffff110000,0036220011000000,0036220011000000,16725.40,PASS
1,constant_zero_max,55,003711000022ffff,0037110022000000,0037110022000000,17398.30,PASS
1,constant_zero_max,56,003822ffff110000,0038220011000000,0038220011000000,16380.10,PASS
1,constant_zero_max,57,003911000022ffff,0039110022000000,0039110022000000,17452.80,PASS
1,constant_zero_max,58,003a22ffff110000,003a220011000000,003a220011000000,16273.10,PASS
1,constant_zero_max,59,003b11000022ffff,003b110022000000,003b110022000000,16489.20,PASS
1,constant_zero_max,60,003c22ffff110000,003c220011000000,003c220011000000,16938.20,PASS
1,constant_zero_max,61,003d11000022ffff,003d110022000000,003d110022000000,16933.40,PASS
1,constant_zero_max,62,003e22ffff110000,003e220011000000,003e220011000000,16676.60,PASS
1,constant_zero_max,63,003f11000022ffff,003f110022000000,003f110022000000,16926.80,PASS
1,constant_zero_max,64,004022ffff110000,0040220011000000,0040220011000000,16893.40,PASS
1,constant_zero_max,65,004111000022ffff,0041110022000000,0041110022000000,16994.20,PASS
1,constant_zero_max,66,004222ffff110000,0042220011000000,0042220011000000,16889.30,PASS
1,constant_zero_max,67,004311000022ffff,0043110022000000,0043110022000000,16983.60,PASS
1,constant_zero_max,68,004422ffff110000,0044220011000000,0044220011000000,16962.10,PASS
1,constant_zero_max,69,004511000022ffff,0045110022000000,0045110022000000,16851.40,PASS
1,constant_zero_max,70,004622ffff110000,0046220011000000,0046220011000000,16730.80,PASS
1,constant_zero_max,71,004711000022ffff,0047110022000000,0047110022000000,16799.20,PASS
1,constant_zero_max,72,004822ffff110000,0048220011000000,0048220011000000,16798.00,PASS
1,constant_zero_max,73,004911000022ffff,0049110022000000,0049110022000000,16788.90,PASS
1,constant_zero_max,74,004a22ffff110000,004a220011000000,004a220011000000,16844.40,PASS
1,constant_zero_max,75,004b11000022ffff,004b110022000000,004b110022000000,17497.20,PASS
1,constant_zero_max,76,004c22ffff110000,004c220011000000,004c220011000000,16274.60,PASS
1,constant_zero_max,77,004d11000022ffff,004d110022000000,004d110022000000,17192.10,PASS
1,constant_zero_max,78,004e22ffff110000,004e220011000000,004e220011000000,16937.60,PASS
1,constant_zero_max,79,004f11000022ffff,004f110022000000,004f110022000000,16368.80,PASS
1,constant_zero_max,80,005022ffff110000,0050220011000000,0050220011000000,16796.20,PASS
1,constant_zero_max,81,005111000022ffff,0051110022000000,0051110022000000,17390.40,PASS
1,constant_zero_max,82,005222ffff110000,0052220011000000,0052220011000000,16457.60,PASS
1,constant_zero_max,83,005311000022ffff,0053110022000000,0053110022000000,17035.90,PASS
1,constant_zero_max,84,005422ffff110000,0054220011000000,0054220011000000,16109.50,PASS
1,constant_zero_max,85,005511000022ffff,0055110022000000,0055110022000000,16867.30,PASS
1,constant_zero_max,86,005622ffff110000,0056220011000000,0056220011000000,17344.50,PASS
1,constant_zero_max,87,005711000022ffff,0057110022000000,0057110022000000,16374.40,PASS
1,constant_zero_max,88,005822ffff110000,0058220011000000,0058220011000000,17390.10,PASS
1,constant_zero_max,89,005911000022ffff,0059110022000000,0059110022000000,16487.70,PASS
1,constant_zero_max,90,005a22ffff110000,005a220011000000,005a220011000000,17032.10,PASS
1,constant_zero_max,91,005b11000022ffff,005b110022000000,005b110022000000,16364.40,PASS
1,constant_zero_max,92,005c22ffff110000,005c220011000000,005c220011000000,16909.60,PASS
1,constant_zero_max,93,005d11000022ffff,005d110022000000,005d110022000000,16626.60,PASS
1,constant_zero_max,94,005e22ffff110000,005e220011000000,005e220011000000,16766.40,PASS
1,constant_zero_max,95,005f11000022ffff,005f110022000000,005f110022000000,17058.30,PASS
1,constant_zero_max,96,006022ffff110000,0060220011000000,0060220011000000,16631.50,PASS
1,constant_zero_max,97,006111000022ffff,0061110022000000,0061110022000000,16776.30,PASS
1,constant_zero_max,98,006222ffff110000,0062220011000000,0062220011000000,17500.80,PASS
1,constant_zero_max,99,006311000022ffff,0063110022000000,0063110022000000,16484.00,PASS
2,alternating_extremes,0,000011000022ffff,0000110022000000,0000110022000000,18510.50,PASS
2,alternating_extremes,1,000122000011ffff,0001220011000000,0001220011000000,17354.40,PASS
2,alternating_extremes,2,000211000022ffff,0002110022000000,0002110022000000,16081.00,PASS
2,alternating_extremes,3,000322000011ffff,0003220011000000,0003220011000000,16844.20,PASS
2,alternating_extremes,4,000411000022ffff,0004110022000000,0004110022000000,16696.00,PASS
2,alternating_extremes,5,000522000011ffff,0005220011000000,0005220011000000,16774.00,PASS
2,alternating_extremes,6,000611000022ffff,0006110022000000,0006110022000000,16896.30,PASS
2,alternating_extremes,7,000722000011ffff,0007220011000000,0007220011000000,16912.50,PASS
2,alternating_extremes,8,000811000022ffff,0008110022000000,0008110022000000,17096.60,PASS
2,alternating_extremes,9,000922000011ffff,0009220011000000,0009220011000000,16675.90,PASS
2,alternating_extremes,10,000a11000022ffff,000a110022000000,000a110022000000,17178.10,PASS
2,alternating_extremes,11,000b22000011ffff,000b220011000000,000b220011000000,17113.50,PASS
2,alternating_extremes,12,000c11000022ffff,000c110022000000,000c110022000000,16383.20,PASS
2,alternating_extremes,13,000d22000011ffff,000d220011000000,000d220011000000,16780.10,PASS
2,alternating_extremes,14,000e11000022ffff,000e110022000000,000e110022000000,16655.20,PASS
2,alternating_extremes,15,000f22000011ffff,000f220011000000,000f220011000000,16932.70,PASS
2,alternating_extremes,16,001011000022ffff,0010110122020000,0010110122020000,17523.80,PASS
2,alternating_extremes,17,001122000011ffff,0011220111020000,0011220111020000,16400.70,PASS
2,alternating_extremes,18,001211000022ffff,0012110122020000,0012110122020000,16651.80,PASS
2,alternating_extremes,19,001322000011ffff,0013220111020000,0013220111020000,16866.20,PASS
2,alternating_extremes,20,001411000022ffff,0014110122020000,0014110122020000,17433.10,PASS
2,alternating_extremes,21,001522000011ffff,0015220111020000,0015220111020000,16339.20,PASS
2,alternating_extremes,22,001611000022ffff,0016110122020000,0016110122020000,16950.00,PASS
2,alternating_extremes,23,001722000011ffff,0017220111020000,0017220111020000,16540.50,PASS
2,alternating_extremes,24,001811000022ffff,0018110122020000,0018110122020000,16635.90,PASS
2,alternating_extremes,25,001922000011ffff,0019220111020000,0019220111020000,16835.30,PASS
2,alternating_extremes,26,001a11000022ffff,001a110122020000,001a110122020000,16758.10,PASS
2,alternating_extremes,27,001b22000011ffff,001b220111020000,001b220111020000,16850.30,PASS
2,alternating_extremes,28,001c11000022ffff,001c110122020000,001c110122020000,16780.00,PASS
2,alternating_extremes,29,001d22000011ffff,001d220111020000,001d220111020000,16892.80,PASS
2,alternating_extremes,30,001e11000022ffff,001e110122020000,001e110122020000,16774.90,PASS
2,alternating_extremes,31,001f22000011ffff,001f220111020000,001f220111020000,16892.50,PASS
2,alternating_extremes,32,002011000022ffff,0020110122020000,0020110122020000,17072.40,PASS
2,alternating_extremes,33,002122000011ffff,0021220111020000,0021220111020000,16828.00,PASS
2,alternating_extremes,34,002211000022ffff,0022110122020000,0022110122020000,16775.60,PASS
2,alternating_extremes,35,002322000011ffff,0023220111020000,0023220111020000,17036.80,PASS
2,alternating_extremes,36,002411000022ffff,0024110122020000,0024110122020000,16734.70,PASS
2,alternating_extremes,37,002522000011ffff,0025220111020000,0025220111020000,16867.80,PASS
2,alternating_extremes,38,002611000022ffff,0026110122020000,0026110122020000,17007.10,PASS
2,alternating_extremes,39,002722000011ffff,0027220111020000,0027220111020000,17095.90,PASS
2,alternating_extremes,40,002811000022ffff,0028110122020000,0028110122020000,16661.90,PASS
2,alternating_extremes,41,002922000011ffff,0029220111020000,0029220111020000,16804.10,PASS
2,alternating_extremes,42,002a11000022ffff,002a110122020000,002a110122020000,16860.80,PASS
2,alternating_extremes,43,002b22000011ffff,002b220111020000,002b220111020000,17385.40,PASS
2,alternating_extremes,44,002c11000022ffff,002c110122020000,002c110122020000,16660.60,PASS
2,alternating_extremes,45,002d22000011ffff,002d220111020000,002d220111020000,16829.10,PASS
2,alternating_extremes,46,002e11000022ffff,002e110122020000,002e110122020000,17036.50,PASS
2,alternating_extremes,47,002f22000011ffff,002f220111020000,002f220111020000,15991.30,PASS
2,alternating_extremes,48,003011000022ffff,0030110122020000,0030110122020000,16616.60,PASS
2,alternating_extremes,49,003122000011ffff,0031220111020000,0031220111020000,17003.20,PASS
2,alternating_extremes,50,003211000022ffff,0032110122020000,0032110122020000,16851.90,PASS
2,alternating_extremes,51,003322000011ffff,0033220111020000,0033220111020000,16985.90,PASS
2,alternating_extremes,52,003411000022ffff,0034110122020000,0034110122020000,16790.10,PASS
2,alternating_extremes,53,003522000011ffff,0035220111020000,0035220111020000,16821.80,PASS
2,alternating_extremes,54,003611000022ffff,0036110122020000,0036110122020000,16748.60,PASS
2,alternating_extremes,55,003722000011ffff,0037220111020000,0037220111020000,16867.20,PASS
2,alternating_extremes,56,003811000022ffff,0038110122020000,0038110122020000,17190.40,PASS
2,alternating_extremes,57,003922000011ffff,0039220111020000,0039220111020000,16889.80,PASS
2,alternating_extremes,58,003a11000022ffff,003a110122020000,003a110122020000,16181.70,PASS
2,alternating_extremes,59,003b22000011ffff,003b220111020000,003b220111020000,16923.60,PASS
2,alternating_extremes,60,003c11000022ffff,003c110122020000,003c110122020000,17019.50,PASS
2,alternating_extremes,61,003d22000011ffff,003d220111020000,003d220111020000,17200.50,PASS
2,alternating_extremes,62,003e11000022ffff,003e110122020000,003e110122020000,16167.70,PASS
2,alternating_extremes,63,003f22000011ffff,003f220111020000,003f220111020000,16832.40,PASS
2,alternating_extremes,64,004011000022ffff,0040110122020000,0040110122020000,16730.70,PASS
2,alternating_extremes,65,004122000011ffff,0041220111020000,0041220111020000,17172.00,PASS
2,alternating_extremes,66,004211000022ffff,0042110122020000,0042110122020000,16656.70,PASS
2,alternating_extremes,67,004322000011ffff,0043220111020000,0043220111020000,16673.80,PASS
2,alternating_extremes,68,004411000022ffff,0044110122020000,0044110122020000,16829.70,PASS
2,alternating_extremes,69,004522000011ffff,0045220111020000,0045220111020000,17382.80,PASS
2,alternating_extremes,70,004611000022ffff,0046110122020000,0046110122020000,16331.00,PASS
2,alternating_extremes,71,004722000011ffff,0047220111020000,0047220111020000,16801.20,PASS
2,alternating_extremes,72,004811000022ffff,0048110122020000,0048110122020000,16936.60,PASS
2,alternating_extremes,73,004922000011ffff,0049220111020000,0049220111020000,16390.40,PASS
2,alternating_extremes,74,004a11000022ffff,004a110122020000,004a110122020000,16858.30,PASS
2,alternating_extremes,75,004b22000011ffff,004b220111020000,004b220111020000,16875.30,PASS
2,alternating_extremes,76,004c11000022ffff,004c110122020000,004c110122020000,16697.00,PASS
2,alternating_extremes,77,004d22000011ffff,004d220111020000,004d220111020000,17160.40,PASS
2,alternating_extremes,78,004e11000022ffff,004e110122020000,004e110122020000,16995.60,PASS
2,alternating_extremes,79,004f22000011ffff,004f220111020000,004f220111020000,16483.80,PASS
2,alternating_extremes,80,005011000022ffff,0050110122020000,0050110122020000,16646.60,PASS
2,alternating_extremes,81,005122000011ffff,0051220111020000,0051220111020000,16923.50,PASS
2,alternating_extremes,82,005211000022ffff,0052110122020000,0052110122020000,17338.20,PASS
2,alternating_extremes,83,005322000011ffff,0053220111020000,0053220111020000,16758.00,PASS
2,alternating_extremes,84,005411000022ffff,0054110122020000,0054110122020000,16504.70,PASS
2,alternating_extremes,85,005522000011ffff,0055220111020000,0055220111020000,16583.30,PASS
2,alternating_extremes,86,005611000022ffff,0056110122020000,0056110122020000,16814.80,PASS
2,alternating_extremes,87,005722000011ffff,0057220111020000,0057220111020000,17120.80,PASS
2,alternating_extremes,88,005811000022ffff,0058110122020000,0058110122020000,17188.40,PASS
2,alternating_extremes,89,005922000011ffff,0059220111020000,0059220111020000,16450.80,PASS
2,alternating_extremes,90,005a11000022ffff,005a110122020000,005a110122020000,16592.00,PASS
2,alternating_extremes,91,005b22000011ffff,005b220111020000,005b220111020000,16723.20,PASS
2,alternating_extremes,92,005c11000022ffff,005c110122020000,005c110122020000,16854.10,PASS
2,alternating_extremes,93,005d22000011ffff,005d220111020000,005d220111020000,16895.90,PASS
2,alternating_extremes,94,005e11000022ffff,005e110122020000,005e110122020000,16864.60,PASS
2,alternating_extremes,95,005f22000011ffff,005f220111020000,005f220111020000,16739.20,PASS
2,alternating_extremes,96,006011000022ffff,0060110122020000,0060110122020000,16892.40,PASS
2,alternating_extremes,97,006122000011ffff,0061220111020000,0061220111020000,16956.70,PASS
2,alternating_extremes,98,006211000022ffff,0062110122020000,0062110122020000,16688.20,PASS
2,alternating_extremes,99,006322000011ffff,0063220111020000,0063220111020000,16798.90,PASS
3,rounding_and_held_actions,0,000022006411000f,0000220011000000,0000220011000000,13302.10,PASS
3,rounding_and_held_actions,1,000111000f220064,0001110022000000,0001110022000000,16345.90,PASS
3,rounding_and_held_actions,2,000222006411000f,0002220011000000,0002220011000000,16812.70,PASS
3,rounding_and_held_actions,3,000311000f220064,0003110022000000,0003110022000000,16783.80,PASS
3,rounding_and_held_actions,4,000422006411000f,0004220011000000,0004220011000000,16849.10,PASS
3,rounding_and_held_actions,5,000511000f220064,0005110022000000,0005110022000000,16718.10,PASS
3,rounding_and_held_actions,6,000622006411000f,0006220011000000,0006220011000000,16934.20,PASS
3,rounding_and_held_actions,7,000711000f220064,0007110022000000,0007110022000000,16830.30,PASS
3,rounding_and_held_actions,8,000822006411000f,0008220011000000,0008220011000000,17320.70,PASS
3,rounding_and_held_actions,9,000911000f220064,0009110022000000,0009110022000000,16273.40,PASS
3,rounding_and_held_actions,10,000a22006411000f,000a220011000000,000a220011000000,16862.00,PASS
3,rounding_and_held_actions,11,000b11000f220064,000b110022000000,000b110022000000,16712.60,PASS
3,rounding_and_held_actions,12,000c22006411000f,000c220011000000,000c220011000000,16776.20,PASS
3,rounding_and_held_actions,13,000d11000f220064,000d110022000000,000d110022000000,17518.70,PASS
3,rounding_and_held_actions,14,000e22006411000f,000e220011000000,000e220011000000,16229.60,PASS
3,rounding_and_held_actions,15,000f110010220064,000f110022000000,000f110022000000,16835.50,PASS
3,rounding_and_held_actions,16,001022006511000f,0010220211000000,0010220211000000,17345.90,PASS
3,rounding_and_held_actions,17,0011110010220065,0011110222020000,0011110222020000,16245.80,PASS
3,rounding_and_held_actions,18,001222006511000e,0012220211010000,0012220211010000,16853.70,PASS
3,rounding_and_held_actions,19,0013110000220065,0013110122020000,0013110122020000,17121.20,PASS
3,rounding_and_held_actions,20,001422006511ffff,0014220211020000,0014220211020000,17117.50,PASS
3,rounding_and_held_actions,21,001511000f220065,0015110122020000,0015110122020000,16105.60,PASS
3,rounding_and_held_actions,22,0016220065110010,0016220211010000,0016220211010000,16671.00,PASS
3,rounding_and_held_actions,23,001711000e220065,0017110122020000,0017110122020000,16755.20,PASS
3,rounding_and_held_actions,24,0018220065110000,0018220211010000,0018220211010000,16918.70,PASS
3,rounding_and_held_actions,25,001911ffff220065,0019110222020000,0019110222020000,16939.40,PASS
3,rounding_and_held_actions,26,001a22006511000f,001a220211010000,001a220211010000,16623.90,PASS
3,rounding_and_held_actions,27,001b110010220065,001b110122020000,001b110122020000,16800.70,PASS
3,rounding_and_held_actions,28,001c22006511000e,001c220211010000,001c220211010000,17511.30,PASS
3,rounding_and_held_actions,29,001d110000220065,001d110122020000,001d110122020000,16710.50,PASS
3,rounding_and_held_actions,30,001e22006511ffff,001e220211020000,001e220211020000,16247.80,PASS
3,rounding_and_held_actions,31,001f11000f220065,001f110122020000,001f110122020000,17420.20,PASS
3,rounding_and_held_actions,32,0020220065110010,0020220211010000,0020220211010000,16125.40,PASS
3,rounding_and_held_actions,33,002111000e220065,0021110122020000,0021110122020000,17040.10,PASS
3,rounding_and_held_actions,34,0022220065110000,0022220211010000,0022220211010000,17114.40,PASS
3,rounding_and_held_actions,35,002311ffff220065,0023110222020000,0023110222020000,17057.60,PASS
3,rounding_and_held_actions,36,002422006311000f,0024220111010000,0024220111010000,16441.70,PASS
3,rounding_and_held_actions,37,0025110010220063,0025110122010000,0025110122010000,16872.50,PASS
3,rounding_and_held_actions,38,002622006311000e,0026220111010000,0026220111010000,17132.30,PASS
3,rounding_and_held_actions,39,0027110000220063,0027110122010000,0027110122010000,16331.50,PASS
3,rounding_and_held_actions,40,002822006311ffff,0028220111020000,0028220111020000,17205.70,PASS
3,rounding_and_held_actions,41,002911000f220063,0029110122010000,0029110122010000,16570.40,PASS
3,rounding_and_held_actions,42,002a220063110010,002a220111010000,002a220111010000,16489.00,PASS
3,rounding_and_held_actions,43,002b11000e220063,002b110122010000,002b110122010000,16868.30,PASS
3,rounding_and_held_actions,44,002c220063110000,002c220111010000,002c220111010000,16871.40,PASS
3,rounding_and_held_actions,45,002d11ffff220063,002d110222010000,002d110222010000,16728.60,PASS
3,rounding_and_held_actions,46,002e22006311000f,002e220111010000,002e220111010000,17358.80,PASS
3,rounding_and_held_actions,47,002f110010220063,002f110122010000,002f110122010000,16275.00,PASS
3,rounding_and_held_actions,48,003022006311000e,0030220111010000,0030220111010000,16810.60,PASS
3,rounding_and_held_actions,49,0031110000220063,0031110122010000,0031110122010000,16774.50,PASS
3,rounding_and_held_actions,50,003222006311ffff,0032220111020000,0032220111020000,16757.50,PASS
3,rounding_and_held_actions,51,003311000f220063,0033110122010000,0033110122010000,16774.00,PASS
3,rounding_and_held_actions,52,0034220063110010,0034220111010000,0034220111010000,16927.40,PASS
3,rounding_and_held_actions,53,003511000e220063,0035110122010000,0035110122010000,17030.20,PASS
3,rounding_and_held_actions,54,0036220063110000,0036220111010000,0036220111010000,16767.20,PASS
3,rounding_and_held_actions,55,003711ffff220063,0037110222010000,0037110222010000,16850.70,PASS
3,rounding_and_held_actions,56,003822006411000f,0038220211010000,0038220211010000,16768.70,PASS
3,rounding_and_held_actions,57,0039110010220064,0039110122020000,0039110122020000,17040.70,PASS
3,rounding_and_held_actions,58,003a22006411000e,003a220211010000,003a220211010000,16863.00,PASS
3,rounding_and_held_actions,59,003b110000220064,003b110122020000,003b110122020000,16594.10,PASS
3,rounding_and_held_actions,60,003c22006411ffff,003c220211020000,003c220211020000,16937.30,PASS
3,rounding_and_held_actions,61,003d11000f220064,003d110122020000,003d110122020000,16792.50,PASS
3,rounding_and_held_actions,62,003e220064110010,003e220211010000,003e220211010000,16964.00,PASS
3,rounding_and_held_actions,63,003f11000e220064,003f110122020000,003f110122020000,17541.90,PASS
3,rounding_and_held_actions,64,0040220064110000,0040220211010000,0040220211010000,16309.90,PASS
3,rounding_and_held_actions,65,004111ffff220064,0041110222020000,0041110222020000,16823.40,PASS
3,rounding_and_held_actions,66,004222006411000f,0042220211010000,0042220211010000,16729.50,PASS
3,rounding_and_held_actions,67,0043110010220064,0043110122020000,0043110122020000,17328.00,PASS
3,rounding_and_held_actions,68,004422006411000e,0044220211010000,0044220211010000,16340.00,PASS
3,rounding_and_held_actions,69,0045110000220064,0045110122020000,0045110122020000,16868.70,PASS
3,rounding_and_held_actions,70,004622006411ffff,0046220211020000,0046220211020000,16992.70,PASS
3,rounding_and_held_actions,71,004711000f220064,0047110122020000,0047110122020000,16610.20,PASS
3,rounding_and_held_actions,72,0048220064110010,0048220211010000,0048220211010000,16761.10,PASS
3,rounding_and_held_actions,73,004911000e220064,0049110122020000,0049110122020000,16728.40,PASS
3,rounding_and_held_actions,74,004a220064110000,004a220211010000,004a220211010000,16833.20,PASS
3,rounding_and_held_actions,75,004b11ffff220064,004b110222020000,004b110222020000,16805.30,PASS
3,rounding_and_held_actions,76,004c22006411000f,004c220211010000,004c220211010000,17196.90,PASS
3,rounding_and_held_actions,77,004d110010220064,004d110122020000,004d110122020000,16375.40,PASS
3,rounding_and_held_actions,78,004e22006411000e,004e220211010000,004e220211010000,16910.40,PASS
3,rounding_and_held_actions,79,004f110000220064,004f110122020000,004f110122020000,16880.80,PASS
3,rounding_and_held_actions,80,005022006411ffff,0050220211020000,0050220211020000,16715.90,PASS
3,rounding_and_held_actions,81,005111000f220064,0051110122020000,0051110122020000,16761.30,PASS
3,rounding_and_held_actions,82,0052220064110010,0052220211010000,0052220211010000,17583.10,PASS
3,rounding_and_held_actions,83,005311000e220064,0053110122020000,0053110122020000,16215.20,PASS
3,rounding_and_held_actions,84,0054220064110000,0054220211010000,0054220211010000,17432.50,PASS
3,rounding_and_held_actions,85,005511ffff220064,0055110222020000,0055110222020000,16147.90,PASS
3,rounding_and_held_actions,86,005622006411000f,0056220211010000,0056220211010000,16907.10,PASS
3,rounding_and_held_actions,87,0057110010220064,0057110122020000,0057110122020000,17351.00,PASS
3,rounding_and_held_actions,88,005822006411000e,0058220211010000,0058220211010000,16013.10,PASS
3,rounding_and_held_actions,89,0059110000220064,0059110122020000,0059110122020000,16835.40,PASS
3,rounding_and_held_actions,90,005a22006411ffff,005a220211020000,005a220211020000,15750.30,PASS
3,rounding_and_held_actions,91,005b11000f220064,005b110122020000,005b110122020000,16832.70,PASS
3,rounding_and_held_actions,92,005c220064110010,005c220211010000,005c220211010000,16961.80,PASS
3,rounding_and_held_actions,93,005d11000e220064,005d110122020000,005d110122020000,17452.70,PASS
3,rounding_and_held_actions,94,005e220064110000,005e220211010000,005e220211010000,16398.40,PASS
3,rounding_and_held_actions,95,005f11ffff220064,005f110222020000,005f110222020000,16885.70,PASS
3,rounding_and_held_actions,96,0060220064110064,0060220211010000,0060220211010000,17358.80,PASS
3,rounding_and_held_actions,97,0061110064220064,0061110122020000,0061110122020000,16189.30,PASS
3,rounding_and_held_actions,98,0062220064110064,0062220211010000,0062220211010000,16710.60,PASS
3,rounding_and_held_actions,99,0063110064220064,0063110122020000,0063110122020000,16921.40,PASS
4,random_fullrange_0,0,0000116b3422b3f5,0000110022000000,0000110022000000,4062.70,PASS
4,random_fullrange_0,1,000122a31d11dce8,0001220011000000,0001220011000000,17086.50,PASS
4,random_fullrange_0,2,0002113ca522a610,0002110022000000,0002110022000000,16937.00,PASS
4,random_fullrange_0,3,00032212a21104e6,0003220011000000,0003220011000000,16935.70,PASS
4,random_fullrange_0,4,000411d5af225fc5,0004110022000000,0004110022000000,16360.70,PASS
4,random_fullrange_0,5,000522c56111c608,0005220011000000,0005220011000000,16803.10,PASS
4,random_fullrange_0,6,000611cc4e228c9e,0006110022000000,0006110022000000,16779.90,PASS
4,random_fullrange_0,7,000722f8f811dbe9,0007220011000000,0007220011000000,16843.20,PASS
4,random_fullrange_0,8,000811f248228891,0008110022000000,0008110022000000,16636.00,PASS
4,random_fullrange_0,9,0009224f5211ba5c,0009220011000000,0009220011000000,16943.50,PASS
4,random_fullrange_0,10,000a11198322f0ff,000a110022000000,000a110022000000,16981.40,PASS
4,random_fullrange_0,11,000b22561c11ac44,000b220011000000,000b220011000000,17082.80,PASS
4,random_fullrange_0,12,000c11737e22530c,000c110022000000,000c110022000000,16297.40,PASS
4,random_fullrange_0,13,000d22ba7611703e,000d220011000000,000d220011000000,16989.90,PASS
4,random_fullrange_0,14,000e1135c4227ead,000e110022000000,000e110022000000,17088.00,PASS
4,random_fullrange_0,15,000f222e73114d75,000f220011000000,000f220011000000,16484.70,PASS
4,random_fullrange_0,16,00101199a32282be,0010110222000000,0010110222000000,17273.00,PASS
4,random_fullrange_0,17,0011222f0d119abf,0011220011020000,0011220011020000,16316.60,PASS
4,random_fullrange_0,18,0012119d99229548,0012110222020000,0012110222020000,16934.30,PASS
4,random_fullrange_0,19,001322f6ff119446,0013220211010000,0013220211010000,16601.70,PASS
4,random_fullrange_0,20,0014110134225b9c,0014110122010000,0014110122010000,16742.00,PASS
4,random_fullrange_0,21,001522fac111cff3,0015220211020000,0015220211020000,16771.20,PASS
4,random_fullrange_0,22,0016113af622e58c,0016110122020000,0016110122020000,16901.20,PASS
4,random_fullrange_0,23,0017222d6311c1b0,0017220111020000,0017220111020000,17028.00,PASS
4,random_fullrange_0,24,0018116db222c53f,0018110122020000,0018110122020000,16798.30,PASS
4,random_fullrange_0,25,001922f66d11bac7,0019220211020000,0019220211020000,16973.70,PASS
4,random_fullrange_0,26,001a11a4d222aea4,001a110222020000,001a110222020000,16959.70,PASS
4,random_fullrange_0,27,001b22ebdb11d685,001b220211020000,001b220211020000,16862.70,PASS
4,random_fullrange_0,28,001c11ceb8223c44,001c110222010000,001c110222010000,17225.80,PASS
4,random_fullrange_0,29,001d2278801176a2,001d220111010000,001d220111010000,16301.80,PASS
4,random_fullrange_0,30,001e119a4a22aa4a,001e110222020000,001e110222020000,17369.60,PASS
4,random_fullrange_0,31,001f22857c118b56,001f220111010000,001f220111010000,16986.30,PASS
4,random_fullrange_0,32,00201178072226d1,0020110122010000,0020110122010000,16239.90,PASS
4,random_fullrange_0,33,0021222a5811caba,0021220111020000,0021220111020000,16827.60,PASS
4,random_fullrange_0,34,0022116cf122ccb0,0022110122020000,0022110122020000,16763.90,PASS
4,random_fullrange_0,35,0023228a0011a70f,0023220111020000,0023220111020000,16871.70,PASS
4,random_fullrange_0,36,0024117b4522c2d7,0024110122020000,0024110122020000,17004.30,PASS
4,random_fullrange_0,37,002522673811d1d3,0025220111020000,0025220111020000,16594.10,PASS
4,random_fullrange_0,38,002611208d227e7a,0026110122010000,0026110122010000,16940.70,PASS
4,random_fullrange_0,39,0027223f7e11f0c7,0027220111020000,0027220111020000,16854.70,PASS
4,random_fullrange_0,40,0028115fc9226c65,0028110122010000,0028110122010000,17269.10,PASS
4,random_fullrange_0,41,002922306b11301b,0029220111010000,0029220111010000,16806.50,PASS
4,random_fullrange_0,42,002a11f841227eec,002a110222020000,002a110222020000,16101.20,PASS
4,random_fullrange_0,43,002b229f961116bd,002b220211010000,002b220211010000,17542.00,PASS
4,random_fullrange_0,44,002c112f8d22fd0e,002c110122020000,002c110122020000,16210.30,PASS
4,random_fullrange_0,45,002d22fd7411aa54,002d220211020000,002d220211020000,16808.40,PASS
4,random_fullrange_0,46,002e11dfe6227de9,002e110222010000,002e110222010000,16675.00,PASS
4,random_fullrange_0,47,002f225b3811cda2,002f220111020000,002f220111020000,16739.20,PASS
4,random_fullrange_0,48,0030119b6622abc6,0030110222020000,0030110222020000,16898.30,PASS
4,random_fullrange_0,49,003122174211b510,0031220111020000,0031220111020000,16620.90,PASS
4,random_fullrange_0,50,00321166862260ad,0032110122010000,0032110122010000,17658.80,PASS
4,random_fullrange_0,51,003322139a113061,0033220111010000,0033220111010000,16185.80,PASS
4,random_fullrange_0,52,00341174f5227d77,0034110122020000,0034110122020000,16821.90,PASS
4,random_fullrange_0,53,003522279f11f4b2,0035220111020000,0035220111020000,16732.80,PASS
4,random_fullrange_0,54,003611a85922e8bf,0036110222020000,0036110222020000,17455.20,PASS
4,random_fullrange_0,55,003722b73411581f,0037220211010000,0037220211010000,16266.20,PASS
4,random_fullrange_0,56,003811b0ad22f6f9,0038110222020000,0038110222020000,17504.50,PASS
4,random_fullrange_0,57,003922a02f1117ac,0039220211010000,0039220211010000,16229.80,PASS
4,random_fullrange_0,58,003a11117222ee83,003a110122020000,003a110122020000,16752.50,PASS
4,random_fullrange_0,59,003b22b6c811bf28,003b220211020000,003b220211020000,16818.90,PASS
4,random_fullrange_0,60,003c1106ea223a07,003c110122010000,003c110122010000,17437.60,PASS
4,random_fullrange_0,61,003d225d7411b463,003d220111020000,003d220111020000,16427.00,PASS
4,random_fullrange_0,62,003e11afb022c1cf,003e110222020000,003e110222020000,16956.30,PASS
4,random_fullrange_0,63,003f22546611c667,003f220111020000,003f220111020000,16381.50,PASS
4,random_fullrange_0,64,004011e0df22c4ab,0040110222020000,0040110222020000,17248.30,PASS
4,random_fullrange_0,65,0041223e711129a2,0041220111010000,0041220111010000,17037.50,PASS
4,random_fullrange_0,66,004211bb9822c899,0042110222020000,0042110222020000,16666.70,PASS
4,random_fullrange_0,67,004322c614110895,0043220211010000,0043220211010000,16968.30,PASS
4,random_fullrange_0,68,004411e51522033f,0044110222010000,0044110222010000,16345.00,PASS
4,random_fullrange_0,69,0045225ba4112203,0045220111010000,0045220111010000,16758.70,PASS
4,random_fullrange_0,70,004611af9d221fa2,0046110222010000,0046110222010000,16752.80,PASS
4,random_fullrange_0,71,0047224a36118095,0047220111020000,0047220111020000,16645.40,PASS
4,random_fullrange_0,72,004811adf82219ff,0048110222010000,0048110222010000,16884.90,PASS
4,random_fullrange_0,73,004922bc7411c7b3,0049220211020000,0049220211020000,16812.20,PASS
4,random_fullrange_0,74,004a11fb8a22ab4a,004a110222020000,004a110222020000,16815.50,PASS
4,random_fullrange_0,75,004b2257a6113209,004b220111010000,004b220111010000,16967.40,PASS
4,random_fullrange_0,76,004c11adad227d21,004c110222020000,004c110222020000,16792.40,PASS
4,random_fullrange_0,77,004d2251f211d69a,004d220111020000,004d220111020000,16968.30,PASS
4,random_fullrange_0,78,004e1102ee226714,004e110122010000,004e110122010000,17196.00,PASS
4,random_fullrange_0,79,004f22de2611f5c6,004f220211020000,004f220211020000,16567.70,PASS
4,random_fullrange_0,80,005011c1b42252e3,0050110222010000,0050110222010000,16999.10,PASS
4,random_fullrange_0,81,005122783e1117b4,0051220211010000,0051220211010000,17392.70,PASS
4,random_fullrange_0,82,0052111766229c29,0052110122020000,0052110122020000,16504.80,PASS
4,random_fullrange_0,83,00532201b811f8f9,0053220111020000,0053220111020000,16713.40,PASS
4,random_fullrange_0,84,0054111efe2203fb,0054110122010000,0054110122010000,16743.20,PASS
4,random_fullrange_0,85,0055221576119c48,0055220111020000,0055220111020000,16840.90,PASS
4,random_fullrange_0,86,005611ee2522ebaf,0056110222020000,0056110222020000,16856.00,PASS
4,random_fullrange_0,87,0057227c561151ff,0057220211010000,0057220211010000,16839.80,PASS
4,random_fullrange_0,88,00581109b722dc79,0058110122020000,0058110122020000,16752.00,PASS
4,random_fullrange_0,89,005922e79111f701,0059220211020000,0059220211020000,16739.30,PASS
4,random_fullrange_0,90,005a117f38222f22,005a110122010000,005a110122010000,16985.60,PASS
4,random_fullrange_0,91,005b22f4ed11882f,005b220211020000,005b220211020000,16947.40,PASS
4,random_fullrange_0,92,005c1165d1224834,005c110122010000,005c110122010000,16768.40,PASS
4,random_fullrange_0,93,005d221d631111d4,005d220111010000,005d220111010000,16913.70,PASS
4,random_fullrange_0,94,005e112a95227124,005e110122010000,005e110122010000,16831.10,PASS
4,random_fullrange_0,95,005f22c3e9119323,005f220211020000,005f220211020000,16691.10,PASS
4,random_fullrange_0,96,006011271f22d2df,0060110122020000,0060110122020000,16919.80,PASS
4,random_fullrange_0,97,006122f89c118807,0061220211020000,0061220211020000,16863.40,PASS
4,random_fullrange_0,98,0062113a86225930,0062110122010000,0062110122010000,16683.30,PASS
4,random_fullrange_0,99,006322ff7611fd91,0063220211020000,0063220211020000,16970.20,PASS
5,random_fullrange_1,0,000022e09511bd06,0000220011000000,0000220011000000,3189.50,PASS
5,random_fullrange_1,1,00011185af225d35,0001110022000000,0001110022000000,16761.10,PASS
5,random_fullrange_1,2,0002221dc5119777,0002220011000000,0002220011000000,17283.60,PASS
5,random_fullrange_1,3,000311793e22af52,0003110022000000,0003110022000000,16739.10,PASS
5,random_fullrange_1,4,000422547e115e0f,0004220011000000,0004220011000000,16591.30,PASS
5,random_fullrange_1,5,000511df7b228d00,0005110022000000,0005110022000000,16746.00,PASS
5,random_fullrange_1,6,0006220f23118811,0006220011000000,0006220011000000,16926.60,PASS
5,random_fullrange_1,7,000711c24022f13c,0007110022000000,0007110022000000,17077.10,PASS
5,random_fullrange_1,8,0008222bb9110951,0008220011000000,0008220011000000,16518.40,PASS
5,random_fullrange_1,9,000911757a22fffb,0009110022000000,0009110022000000,16725.70,PASS
5,random_fullrange_1,10,000a22139011e651,000a220011000000,000a220011000000,16900.50,PASS
5,random_fullrange_1,11,000b11543f221486,000b110022000000,000b110022000000,16795.70,PASS
5,random_fullrange_1,12,000c22b29e11db5d,000c220011000000,000c220011000000,16969.10,PASS
5,random_fullrange_1,13,000d117ae22239fe,000d110022000000,000d110022000000,17175.40,PASS
5,random_fullrange_1,14,000e220350118a1a,000e220011000000,000e220011000000,17070.00,PASS
5,random_fullrange_1,15,000f11cb4422c014,000f110022000000,000f110022000000,16544.80,PASS
5,random_fullrange_1,16,00102273ee11d139,0010220011000000,0010220011000000,16703.10,PASS
5,random_fullrange_1,17,0011113c55224f50,0011110122010000,0011110122010000,16904.40,PASS
5,random_fullrange_1,18,001222ac12113aa8,0012220211010000,0012220211010000,16762.20,PASS
5,random_fullrange_1,19,0013110fa222d50a,0013110122020000,0013110122020000,16538.20,PASS
5,random_fullrange_1,20,001422af0e11c5df,0014220211020000,0014220211020000,16599.90,PASS
5,random_fullrange_1,21,001511395c22449e,0015110122010000,0015110122010000,16748.80,PASS
5,random_fullrange_1,22,001622f444112a91,0016220211010000,0016220211010000,16874.60,PASS
5,random_fullrange_1,23,001711c887229d95,0017110222020000,0017110222020000,16848.50,PASS
5,random_fullrange_1,24,00182221a611b9a0,0018220111020000,0018220111020000,16902.40,PASS
5,random_fullrange_1,25,0019114d13225371,0019110122010000,0019110122010000,17329.30,PASS
5,random_fullrange_1,26,001a222033116147,001a220111010000,001a220111010000,16596.60,PASS
5,random_fullrange_1,27,001b1183f1228c4d,001b110222020000,001b110222020000,16713.30,PASS
5,random_fullrange_1,28,001c2286f3110029,001c220211010000,001c220211010000,17001.20,PASS
5,random_fullrange_1,29,001d11805e2292eb,001d110222020000,001d110222020000,16761.70,PASS
5,random_fullrange_1,30,001e225f0e1118da,001e220111010000,001e220111010000,16471.30,PASS
5,random_fullrange_1,31,001f11be2a2295b1,001f110222020000,001f110222020000,17134.30,PASS
5,random_fullrange_1,32,002022d7e711ade6,0020220211020000,0020220211020000,16405.70,PASS
5,random_fullrange_1,33,0021118fe5228656,0021110222010000,0021110222010000,17513.70,PASS
5,random_fullrange_1,34,002222b5ce11bc26,0022220211020000,0022220211020000,16229.50,PASS
5,random_fullrange_1,35,002311321d226360,0023110122010000,0023110122010000,17425.20,PASS
5,random_fullrange_1,36,0024220d611151fa,0024220111010000,0024220111010000,16493.50,PASS
5,random_fullrange_1,37,0025113407223025,0025110122010000,0025110122010000,16647.00,PASS
5,random_fullrange_1,38,0026226e2211ec4b,0026220111020000,0026220111020000,16817.40,PASS
5,random_fullrange_1,39,0027117eae228107,0027110222020000,0027110222020000,16539.50,PASS
5,random_fullrange_1,40,002822acd811fcfe,0028220211020000,0028220211020000,16878.40,PASS
5,random_fullrange_1,41,002911a24a2210d1,0029110222010000,0029110222010000,16757.30,PASS
5,random_fullrange_1,42,002a220cc411b759,002a220111020000,002a220111020000,17151.90,PASS
5,random_fullrange_1,43,002b11b4102205b7,002b110222010000,002b110222010000,16721.10,PASS
5,random_fullrange_1,44,002c227a4e112de3,002c220211010000,002c220211010000,17088.20,PASS
5,random_fullrange_1,45,002d119ab622c25e,002d110222020000,002d110222020000,16429.50,PASS
5,random_fullrange_1,46,002e223bb8116ce4,002e220111010000,002e220111010000,16648.20,PASS
5,random_fullrange_1,47,002f11214c22d9e7,002f110122020000,002f110122020000,16917.40,PASS
5,random_fullrange_1,48,003022dd7611cd19,0030220211020000,0030220211020000,16753.50,PASS
5,random_fullrange_1,49,00311128a322a2f2,0031110122020000,0031110122020000,16785.00,PASS
5,random_fullrange_1,50,003222f22c1105b5,0032220211010000,0032220211010000,16913.60,PASS
5,random_fullrange_1,51,003311534722aead,0033110122020000,0033110122020000,16755.60,PASS
5,random_fullrange_1,52,003422d08c119e57,0034220211020000,0034220211020000,16802.70,PASS
5,random_fullrange_1,53,0035117e9f22b830,0035110122020000,0035110122020000,16966.30,PASS
5,random_fullrange_1,54,003622ceeb11dbe3,0036220211020000,0036220211020000,17051.00,PASS
5,random_fullrange_1,55,003711323c2270a8,0037110122010000,0037110122010000,16598.10,PASS
5,random_fullrange_1,56,003822a1901127eb,0038220211010000,0038220211010000,17019.40,PASS
5,random_fullrange_1,57,0039112b52227e73,0039110122010000,0039110122010000,16835.60,PASS
5,random_fullrange_1,58,003a22b26d1184fb,003a220211020000,003a220211020000,17109.40,PASS
5,random_fullrange_1,59,003b11e94a22d956,003b110222020000,003b110222020000,17259.90,PASS
5,random_fullrange_1,60,003c22402811ab88,003c220111020000,003c220111020000,16650.10,PASS
5,random_fullrange_1,61,003d11dfaa226e46,003d110222010000,003d110222010000,16850.70,PASS
5,random_fullrange_1,62,003e22fda1110101,003e220211010000,003e220211010000,16651.70,PASS
5,random_fullrange_1,63,003f11e8e722ac3b,003f110222010000,003f110222010000,17065.50,PASS
5,random_fullrange_1,64,0040221107118942,0040220111020000,0040220111020000,16261.00,PASS
5,random_fullrange_1,65,004111d0d722dab7,0041110222020000,0041110222020000,16780.30,PASS
5,random_fullrange_1,66,0042229012111265,0042220111010000,0042220111010000,16834.90,PASS
5,random_fullrange_1,67,0043119cc622407c,0043110222010000,0043110222010000,16844.20,PASS
5,random_fullrange_1,68,004422ac1b110951,0044220211010000,0044220211010000,16730.40,PASS
5,random_fullrange_1,69,0045117745229398,0045110122010000,0045110122010000,17077.90,PASS
5,random_fullrange_1,70,004622af7611c312,0046220211020000,0046220211020000,16867.10,PASS
5,random_fullrange_1,71,00471180d52228da,0047110222010000,0047110222010000,17196.10,PASS
5,random_fullrange_1,72,0048223c0811b7f0,0048220111020000,0048220111020000,16616.00,PASS
5,random_fullrange_1,73,004911340b2270c6,0049110122010000,0049110122010000,16736.60,PASS
5,random_fullrange_1,74,004a225c4611f3e3,004a220111020000,004a220111020000,16775.90,PASS
5,random_fullrange_1,75,004b11c57e22f464,004b110222020000,004b110222020000,17429.70,PASS
5,random_fullrange_1,76,004c2206a811df9b,004c220111020000,004c220111020000,16388.00,PASS
5,random_fullrange_1,77,004d11bd40221baa,004d110222010000,004d110222010000,17138.10,PASS
5,random_fullrange_1,78,004e227fc8114e78,004e220211010000,004e220211010000,16695.00,PASS
5,random_fullrange_1,79,004f11dd3722029f,004f110222010000,004f110222010000,16974.50,PASS
5,random_fullrange_1,80,005022770f11b2d8,0050220211020000,0050220211020000,16427.00,PASS
5,random_fullrange_1,81,0051113303228638,0051110122020000,0051110122020000,17094.70,PASS
5,random_fullrange_1,82,0052228ad511b94d,0052220211020000,0052220211020000,16398.20,PASS
5,random_fullrange_1,83,005311aa29227b9d,0053110222020000,0053110222020000,17201.10,PASS
5,random_fullrange_1,84,005422ba4b11b1a2,0054220211020000,0054220211020000,17054.40,PASS
5,random_fullrange_1,85,00551138ed22b6d3,0055110122020000,0055110122020000,15979.10,PASS
5,random_fullrange_1,86,0056224e95116893,0056220111010000,0056220111010000,16877.20,PASS
5,random_fullrange_1,87,00571163f722e9c4,0057110122020000,0057110122020000,16740.00,PASS
5,random_fullrange_1,88,0058229d2c116e9e,0058220211010000,0058220211010000,17150.20,PASS
5,random_fullrange_1,89,005911e8932296dc,0059110222020000,0059110222020000,16633.00,PASS
5,random_fullrange_1,90,005a223a0311387a,005a220111010000,005a220111010000,16715.40,PASS
5,random_fullrange_1,91,005b1111ab224d3a,005b110122010000,005b110122010000,17001.00,PASS
5,random_fullrange_1,92,005c228c2d11f7bb,005c220211020000,005c220211020000,16796.30,PASS
5,random_fullrange_1,93,005d1106da223016,005d110122010000,005d110122010000,16757.70,PASS
5,random_fullrange_1,94,005e22552e1158a3,005e220111010000,005e220111010000,16866.50,PASS
5,random_fullrange_1,95,005f1123da22bfc6,005f110122020000,005f110122020000,16743.40,PASS
5,random_fullrange_1,96,0060229678119725,0060220211020000,0060220211020000,16919.40,PASS
5,random_fullrange_1,97,006111c92a2281c2,0061110222010000,0061110222010000,16872.90,PASS
5,random_fullrange_1,98,006222abfc116a0b,0062220211010000,0062220211010000,17036.40,PASS
5,random_fullrange_1,99,0063113f22225c1d,0063110122010000,0063110122010000,16618.50,PASS
6,random_fullrange_2,0,0000114b6a2251fc,0000110022000000,0000110022000000,16258.50,PASS
6,random_fullrange_2,1,0001229cd2114056,0001220011000000,0001220011000000,16812.80,PASS
6,random_fullrange_2,2,000211fa5122244e,0002110022000000,0002110022000000,16891.70,PASS
6,random_fullrange_2,3,00032270f7119c0c,0003220011000000,0003220011000000,16911.40,PASS
6,random_fullrange_2,4,000411a59c22b2bc,0004110022000000,0004110022000000,17001.10,PASS
6,random_fullrange_2,5,000522069411b7d9,0005220011000000,0005220011000000,17040.80,PASS
6,random_fullrange_2,6,000611229e22e1f3,0006110022000000,0006110022000000,16529.60,PASS
6,random_fullrange_2,7,000722aa54114871,0007220011000000,0007220011000000,16804.80,PASS
6,random_fullrange_2,8,000811054822f242,0008110022000000,0008110022000000,17000.30,PASS
6,random_fullrange_2,9,0009222f3c115ca7,0009220011000000,0009220011000000,17059.30,PASS
6,random_fullrange_2,10,000a116095220a94,000a110022000000,000a110022000000,16542.70,PASS
6,random_fullrange_2,11,000b22dafa11dfe0,000b220011000000,000b220011000000,16759.90,PASS
6,random_fullrange_2,12,000c11f152224a63,000c110022000000,000c110022000000,16668.60,PASS
6,random_fullrange_2,13,000d22e9491166ac,000d220011000000,000d220011000000,16902.80,PASS
6,random_fullrange_2,14,000e111f8c22e764,000e110022000000,000e110022000000,16802.10,PASS
6,random_fullrange_2,15,000f2255cf119158,000f220011000000,000f220011000000,16874.70,PASS
6,random_fullrange_2,16,0010110d12227bc4,0010110122000000,0010110122000000,16766.00,PASS
6,random_fullrange_2,17,001122208e112fe2,0011220011010000,0011220011010000,16949.00,PASS
6,random_fullrange_2,18,0012114f0422147f,0012110122000000,0012110122000000,16808.50,PASS
6,random_fullrange_2,19,0013221f92112c43,0013220011010000,0013220011010000,16605.00,PASS
6,random_fullrange_2,20,00141106da226775,0014110122000000,0014110122000000,16997.90,PASS
6,random_fullrange_2,21,0015225e95115b2b,0015220011020000,0015220011020000,16840.20,PASS
6,random_fullrange_2,22,001611ceb2220ca4,0016110222000000,0016110222000000,17041.00,PASS
6,random_fullrange_2,23,001722ab4e11fc9e,0017220211020000,0017220211020000,16793.70,PASS
6,random_fullrange_2,24,001811b1db2250a1,0018110222010000,0018110222010000,17231.60,PASS
6,random_fullrange_2,25,001922a50311d6fd,0019220211020000,0019220211020000,17205.60,PASS
6,random_fullrange_2,26,001a11e78422c8dd,001a110222020000,001a110222020000,16237.70,PASS
6,random_fullrange_2,27,001b22d58d1107ea,001b220211010000,001b220211010000,16760.80,PASS
6,random_fullrange_2,28,001c11140a22be21,001c110122020000,001c110122020000,16851.20,PASS
6,random_fullrange_2,29,001d22c7a3116f12,001d220211020000,001d220211020000,16859.10,PASS
6,random_fullrange_2,30,001e11584922654c,001e110122010000,001e110122010000,16880.60,PASS
6,random_fullrange_2,31,001f22c32b117dbb,001f220211020000,001f220211020000,16643.30,PASS
6,random_fullrange_2,32,002011d5c0229448,0020110222020000,0020110222020000,16758.20,PASS
6,random_fullrange_2,33,0021223dc0114343,0021220111010000,0021220111010000,17494.90,PASS
6,random_fullrange_2,34,00221157a622bc1f,0022110122020000,0022110122020000,16242.30,PASS
6,random_fullrange_2,35,002322655811d793,0023220111020000,0023220111020000,17402.70,PASS
6,random_fullrange_2,36,002411051c22585f,0024110122010000,0024110122010000,16447.30,PASS
6,random_fullrange_2,37,0025227cf111b6d1,0025220111020000,0025220111020000,16675.60,PASS
6,random_fullrange_2,38,00261164402216f8,0026110122010000,0026110122010000,17086.50,PASS
6,random_fullrange_2,39,00272242eb11527e,0027220111010000,0027220111010000,16572.70,PASS
6,random_fullrange_2,40,002811e5152266ed,0028110222010000,0028110222010000,16600.00,PASS
6,random_fullrange_2,41,00292275d611eb9c,0029220111020000,0029220111020000,17101.60,PASS
6,random_fullrange_2,42,002a11c79f227390,002a110222010000,002a110222010000,17225.40,PASS
6,random_fullrange_2,43,002b221c381115b1,002b220111010000,002b220111010000,16342.30,PASS
6,random_fullrange_2,44,002c114004229e8e,002c110122020000,002c110122020000,16706.60,PASS
6,random_fullrange_2,45,002d22e480110747,002d220211010000,002d220211010000,16610.80,PASS
6,random_fullrange_2,46,002e11aa75227891,002e110222020000,002e110222020000,16904.50,PASS
6,random_fullrange_2,47,002f2280281188f2,002f220211020000,002f220211020000,16992.50,PASS
6,random_fullrange_2,48,003011af7b222f55,0030110222010000,0030110222010000,17016.30,PASS
6,random_fullrange_2,49,003122cf1f11aa22,0031220211020000,0031220211020000,16967.50,PASS
6,random_fullrange_2,50,00321195f722aa77,0032110222020000,0032110222020000,16327.00,PASS
6,random_fullrange_2,51,00332287ff1134da,0033220211010000,0033220211010000,16731.00,PASS
6,random_fullrange_2,52,0034110c46224acb,0034110122010000,0034110122010000,17375.70,PASS
6,random_fullrange_2,53,003522251b11a7da,0035220111020000,0035220111020000,16289.40,PASS
6,random_fullrange_2,54,003611c7af2206fa,0036110222010000,0036110222010000,16710.80,PASS
6,random_fullrange_2,55,0037226afe11d75d,0037220111020000,0037220111020000,17477.90,PASS
6,random_fullrange_2,56,003811c7c2220add,0038110222010000,0038110222010000,16251.60,PASS
6,random_fullrange_2,57,0039225233112ebb,0039220111010000,0039220111010000,17178.60,PASS
6,random_fullrange_2,58,003a11643322104b,003a110122010000,003a110122010000,16938.60,PASS
6,random_fullrange_2,59,003b220f2a11128b,003b220111010000,003b220111010000,16353.40,PASS
6,random_fullrange_2,60,003c1187a622998f,003c110222020000,003c110222020000,16834.80,PASS
6,random_fullrange_2,61,003d22368d112a49,003d220111010000,003d220111010000,17076.40,PASS
6,random_fullrange_2,62,003e11a75222d6a3,003e110222020000,003e110222020000,16664.80,PASS
6,random_fullrange_2,63,003f22090311320c,003f220111010000,003f220111010000,16671.80,PASS
6,random_fullrange_2,64,004011f31522d3a4,0040110222020000,0040110222020000,16693.10,PASS
6,random_fullrange_2,65,004122e24c110a4e,0041220211010000,0041220211010000,17588.90,PASS
6,random_fullrange_2,66,004211eafc22f2d2,0042110222020000,0042110222020000,16240.80,PASS
6,random_fullrange_2,67,004322401f118315,0043220111020000,0043220111020000,17502.80,PASS
6,random_fullrange_2,68,0044117d0322637f,0044110122020000,0044110122020000,16177.70,PASS
6,random_fullrange_2,69,004522db60112d82,0045220211010000,0045220211010000,16990.40,PASS
6,random_fullrange_2,70,004611374722029a,0046110122010000,0046110122010000,16372.00,PASS
6,random_fullrange_2,71,0047229c6b110dce,0047220211010000,0047220211010000,16955.90,PASS
6,random_fullrange_2,72,004811fca42267d1,0048110222010000,0048110222010000,16853.20,PASS
6,random_fullrange_2,73,0049220f9b11033f,0049220111010000,0049220111010000,17652.40,PASS
6,random_fullrange_2,74,004a11112022e106,004a110122020000,004a110122020000,16004.60,PASS
6,random_fullrange_2,75,004b220749112ca9,004b220111010000,004b220111010000,16685.10,PASS
6,random_fullrange_2,76,004c11560f223da4,004c110122010000,004c110122010000,17013.00,PASS
6,random_fullrange_2,77,004d228e8a1121fa,004d220211010000,004d220211010000,17356.40,PASS
6,random_fullrange_2,78,004e117995224117,004e110222010000,004e110222010000,16491.10,PASS
6,random_fullrange_2,79,004f22a00311d83b,004f220211020000,004f220211020000,17212.60,PASS
6,random_fullrange_2,80,0050112ebb22e546,0050110122020000,0050110122020000,16148.90,PASS
6,random_fullrange_2,81,005122ca07115890,0051220211010000,0051220211010000,16814.20,PASS
6,random_fullrange_2,82,00521146a622d7f0,0052110122020000,0052110122020000,16637.10,PASS
6,random_fullrange_2,83,005322b8de115814,0053220211020000,0053220211020000,16922.40,PASS
6,random_fullrange_2,84,005411ab182295de,0054110222020000,0054110222020000,16942.50,PASS
6,random_fullrange_2,85,005522f27a11070c,0055220211010000,0055220211010000,16725.70,PASS
6,random_fullrange_2,86,005611bee92248b2,0056110222010000,0056110222010000,16907.60,PASS
6,random_fullrange_2,87,005722b4fe119439,0057220211020000,0057220211020000,16778.90,PASS
6,random_fullrange_2,88,0058110b0522237a,0058110122010000,0058110122010000,16824.60,PASS
6,random_fullrange_2,89,00592291531193ce,0059220211020000,0059220211020000,16869.80,PASS
6,random_fullrange_2,90,005a11678822518a,005a110222010000,005a110222010000,16952.10,PASS
6,random_fullrange_2,91,005b224546112754,005b220111010000,005b220111010000,16845.60,PASS
6,random_fullrange_2,92,005c11e7f12270e2,005c110222010000,005c110222010000,16763.80,PASS
6,random_fullrange_2,93,005d22cd0f119999,005d220211020000,005d220211020000,16821.20,PASS
6,random_fullrange_2,94,005e11068722088b,005e110122010000,005e110122010000,16901.90,PASS
6,random_fullrange_2,95,005f2217b211644c,005f220111010000,005f220111010000,16638.40,PASS
6,random_fullrange_2,96,006011b564220789,0060110222010000,0060110222010000,16966.20,PASS
6,random_fullrange_2,97,0061229a47110df8,0061220211010000,0061220211010000,16793.50,PASS
6,random_fullrange_2,98,00621157d122cbda,0062110122020000,0062110122020000,16795.50,PASS
6,random_fullrange_2,99,006322b11811eca2,0063220211020000,0063220211020000,16902.90,PASS
7,random_fullrange_3,0,000022e838112e48,0000220011000000,0000220011000000,2490.40,PASS
7,random_fullrange_3,1,0001117e03227b62,0001110022000000,0001110022000000,16697.50,PASS
7,random_fullrange_3,2,000222d6b811b78c,0002220011000000,0002220011000000,17353.40,PASS
7,random_fullrange_3,3,000311f9a7221aee,0003110022000000,0003110022000000,16189.50,PASS
7,random_fullrange_3,4,00042295c3111085,0004220011000000,0004220011000000,17125.90,PASS
7,random_fullrange_3,5,000511dd4f226578,0005110022000000,0005110022000000,17205.00,PASS
7,random_fullrange_3,6,0006228e18119c7a,0006220011000000,0006220011000000,16234.70,PASS
7,random_fullrange_3,7,0007118242228dfd,0007110022000000,0007110022000000,16605.50,PASS
7,random_fullrange_3,8,00082241a7118306,0008220011000000,0008220011000000,17371.80,PASS
7,random_fullrange_3,9,000911aaba22deee,0009110022000000,0009110022000000,16585.70,PASS
7,random_fullrange_3,10,000a22920a11eac0,000a220011000000,000a220011000000,17046.70,PASS
7,random_fullrange_3,11,000b11ec31223222,000b110022000000,000b110022000000,16363.30,PASS
7,random_fullrange_3,12,000c2245f8116a9a,000c220011000000,000c220011000000,16978.80,PASS
7,random_fullrange_3,13,000d11349d22ef73,000d110022000000,000d110022000000,16583.10,PASS
7,random_fullrange_3,14,000e22ad2111e8e6,000e220011000000,000e220011000000,16760.90,PASS
7,random_fullrange_3,15,000f11504d22d3eb,000f110022000000,000f110022000000,17139.90,PASS
7,random_fullrange_3,16,00102237371149fb,0010220111000000,0010220111000000,16775.30,PASS
7,random_fullrange_3,17,00111152ae227064,0011110022010000,0011110022010000,16810.40,PASS
7,random_fullrange_3,18,0012222ac4115998,0012220111000000,0012220111000000,17032.10,PASS
7,random_fullrange_3,19,00131116e02259d5,0013110022010000,0013110022010000,16530.50,PASS
7,random_fullrange_3,20,00142205491110c6,0014220111000000,0014220111000000,16888.30,PASS
7,random_fullrange_3,21,00151184ad22f20c,0015110222020000,0015110222020000,16830.30,PASS
7,random_fullrange_3,22,001622216c111b23,0016220111010000,0016220111010000,16997.30,PASS
7,random_fullrange_3,23,0017114a4522ecc2,0017110122020000,0017110122020000,16801.20,PASS
7,random_fullrange_3,24,0018221da711b39f,0018220111020000,0018220111020000,17067.80,PASS
7,random_fullrange_3,25,001911374022e1a5,0019110122020000,0019110122020000,16851.90,PASS
7,random_fullrange_3,26,001a22dbda11de94,001a220211020000,001a220211020000,16821.20,PASS
7,random_fullrange_3,27,001b119dc522e719,001b110222020000,001b110222020000,17253.80,PASS
7,random_fullrange_3,28,001c222c8511f972,001c220111020000,001c220111020000,16715.00,PASS
7,random_fullrange_3,29,001d11c8a2228bf1,001d110222020000,001d110222020000,16382.10,PASS
7,random_fullrange_3,30,001e22ac03112dca,001e220211010000,001e220211010000,16747.40,PASS
7,random_fullrange_3,31,001f117c2322f60d,001f110222020000,001f110222020000,17081.20,PASS
7,random_fullrange_3,32,0020221f5c115af3,0020220111010000,0020220111010000,16953.40,PASS
7,random_fullrange_3,33,0021118e93227b6a,0021110222010000,0021110222010000,16821.40,PASS
7,random_fullrange_3,34,002222d9e211aa47,0022220211020000,0022220211020000,16785.70,PASS
7,random_fullrange_3,35,002311c9ab224b9f,0023110222010000,0023110222010000,16762.70,PASS
7,random_fullrange_3,36,0024227523114c89,0024220111010000,0024220111010000,16995.80,PASS
7,random_fullrange_3,37,002511505d229a2a,0025110122020000,0025110122020000,16860.80,PASS
7,random_fullrange_3,38,002622223e11aa01,0026220111020000,0026220111020000,16676.10,PASS
7,random_fullrange_3,39,002711bac6225487,0027110222010000,0027110222010000,16900.00,PASS
7,random_fullrange_3,40,002822d931111de8,0028220211010000,0028220211010000,16912.50,PASS
7,random_fullrange_3,41,00291146b222258c,0029110122010000,0029110122010000,16563.00,PASS
7,random_fullrange_3,42,002a22cece11ab79,002a220211020000,002a220211020000,16906.20,PASS
7,random_fullrange_3,43,002b119b10222f2e,002b110222010000,002b110222010000,17041.10,PASS
7,random_fullrange_3,44,002c224c741109af,002c220111010000,002c220111010000,16517.20,PASS
7,random_fullrange_3,45,002d1194e3228a5d,002d110222020000,002d110222020000,16788.60,PASS
7,random_fullrange_3,46,002e22ab3611829a,002e220211020000,002e220211020000,16744.90,PASS
7,random_fullrange_3,47,002f11d52322727f,002f110222010000,002f110222010000,16945.20,PASS
7,random_fullrange_3,48,00302260a811c33c,0030220111020000,0030220111020000,16737.10,PASS
7,random_fullrange_3,49,003111a5b62247d4,0031110222010000,0031110222010000,17089.80,PASS
7,random_fullrange_3,50,003222ea6e11090b,0032220211010000,0032220211010000,16821.30,PASS
7,random_fullrange_3,51,003311731022191d,0033110122010000,0033110122010000,16640.00,PASS
7,random_fullrange_3,52,003422519a11507e,0034220111010000,0034220111010000,16875.60,PASS
7,random_fullrange_3,53,003511ae18227a12,0035110222020000,0035110222020000,16818.70,PASS
7,random_fullrange_3,54,003622d2c011b703,0036220211020000,0036220211020000,17299.30,PASS
7,random_fullrange_3,55,003711efda221da7,0037110222010000,0037110222010000,16457.10,PASS
7,random_fullrange_3,56,003822b78d1108a8,0038220211010000,0038220211010000,17123.40,PASS
7,random_fullrange_3,57,00391195332267e8,0039110222010000,0039110222010000,17157.60,PASS
7,random_fullrange_3,58,003a2241251118de,003a220111010000,003a220111010000,16505.00,PASS
7,random_fullrange_3,59,003b119aee22460a,003b110222010000,003b110222010000,17274.70,PASS
7,random_fullrange_3,60,003c2288bd114e7e,003c220211010000,003c220211010000,16317.20,PASS
7,random_fullrange_3,61,003d119a162215dd,003d110222010000,003d110222010000,16870.90,PASS
7,random_fullrange_3,62,003e2228bf118518,003e220111020000,003e220111020000,16591.20,PASS
7,random_fullrange_3,63,003f118ed3227fbb,003f110222020000,003f110222020000,17277.80,PASS
7,random_fullrange_3,64,0040222aa5117a53,0040220111020000,0040220111020000,16955.00,PASS
7,random_fullrange_3,65,0041114d9822cc9d,0041110122020000,0041110122020000,16183.60,PASS
7,random_fullrange_3,66,004222295d11e9bb,0042220111020000,0042220111020000,17002.60,PASS
7,random_fullrange_3,67,0043111f7b22bd9a,0043110122020000,0043110122020000,16753.90,PASS
7,random_fullrange_3,68,0044226f6f11946e,0044220211020000,0044220211020000,17053.80,PASS
7,random_fullrange_3,69,004511963a222355,0045110222010000,0045110222010000,16508.40,PASS
7,random_fullrange_3,70,004622016411bf08,0046220111020000,0046220111020000,16655.10,PASS
7,random_fullrange_3,71,00471132ad225d85,0047110122020000,0047110122020000,17036.90,PASS
7,random_fullrange_3,72,004822dd96118f47,0048220211020000,0048220211020000,16631.70,PASS
7,random_fullrange_3,73,004911f7e422c020,0049110222020000,0049110222020000,16966.80,PASS
7,random_fullrange_3,74,004a22b7771116c6,004a220211010000,004a220211010000,16929.40,PASS
7,random_fullrange_3,75,004b11982022f97a,004b110222020000,004b110222020000,16689.30,PASS
7,random_fullrange_3,76,004c22a44811ee6b,004c220211020000,004c220211020000,16677.60,PASS
7,random_fullrange_3,77,004d115cbb22e61e,004d110122020000,004d110122020000,17070.80,PASS
7,random_fullrange_3,78,004e2250e7116780,004e220111010000,004e220111010000,16786.00,PASS
7,random_fullrange_3,79,004f11f39c224b65,004f110222010000,004f110222010000,16883.90,PASS
7,random_fullrange_3,80,005022668f11bccb,0050220111020000,0050220111020000,16909.90,PASS
7,random_fullrange_3,81,005111c82b2200c1,0051110222010000,0051110222010000,16819.60,PASS
7,random_fullrange_3,82,005222653d11789b,0052220111010000,0052220111010000,17048.90,PASS
7,random_fullrange_3,83,0053110e0b222d18,0053110122010000,0053110122010000,16901.70,PASS
7,random_fullrange_3,84,0054225f8b11fa1e,0054220111020000,0054220111020000,16863.70,PASS
7,random_fullrange_3,85,005511ac2422e07f,0055110222020000,0055110222020000,16883.70,PASS
7,random_fullrange_3,86,00562286b91118d5,0056220111010000,0056220111010000,16982.50,PASS
7,random_fullrange_3,87,00571108622265c9,0057110122010000,0057110122010000,16767.40,PASS
7,random_fullrange_3,88,005822cb9d11f2a2,0058220211020000,0058220211020000,16895.90,PASS
7,random_fullrange_3,89,005911414922df2e,0059110122020000,0059110122020000,16818.20,PASS
7,random_fullrange_3,90,005a22a9ed1169b4,005a220211010000,005a220211010000,16970.20,PASS
7,random_fullrange_3,91,005b117879228c1d,005b110122020000,005b110122020000,16850.00,PASS
7,random_fullrange_3,92,005c22c76e11723d,005c220211010000,005c220211010000,16869.80,PASS
7,random_fullrange_3,93,005d1117e5220f81,005d110122010000,005d110122010000,16862.70,PASS
7,random_fullrange_3,94,005e227a4a1107fe,005e220211010000,005e220211010000,16649.00,PASS
7,random_fullrange_3,95,005f1105e922cff8,005f110122020000,005f110122020000,16935.70,PASS
7,random_fullrange_3,96,0060222a17110abd,0060220111010000,0060220111010000,16841.00,PASS
7,random_fullrange_3,97,006111535d220a8f,0061110122010000,0061110122010000,16890.30,PASS
7,random_fullrange_3,98,006222dde611a88e,0062220211020000,0062220211020000,16815.80,PASS
7,random_fullrange_3,99,0063118e3b223652,0063110222010000,0063110222010000,16854.60,PASS
8,random_fullrange_4,0,000011a42b22effb,0000110022000000,0000110022000000,11652.40,PASS
8,random_fullrange_4,1,000122c0cf114774,0001220011000000,0001220011000000,16858.30,PASS
8,random_fullrange_4,2,000211d863228973,0002110022000000,0002110022000000,16829.60,PASS
8,random_fullrange_4,3,000322cace1105d0,0003220011000000,0003220011000000,17046.80,PASS
8,random_fullrange_4,4,0004112f24224975,0004110022000000,0004110022000000,16780.10,PASS
8,random_fullrange_4,5,000522652f11709a,0005220011000000,0005220011000000,16948.10,PASS
8,random_fullrange_4,6,000611d98722f46a,0006110022000000,0006110022000000,16859.90,PASS
8,random_fullrange_4,7,000722980411a56a,0007220011000000,0007220011000000,16818.90,PASS
8,random_fullrange_4,8,0008111ff5227e6c,0008110022000000,0008110022000000,16894.10,PASS
8,random_fullrange_4,9,00092259fe11ec5b,0009220011000000,0009220011000000,16791.30,PASS
8,random_fullrange_4,10,000a119cb022ebe3,000a110022000000,000a110022000000,16987.80,PASS
8,random_fullrange_4,11,000b225d1211962f,000b220011000000,000b220011000000,16912.80,PASS
8,random_fullrange_4,12,000c1121fd22fcee,000c110022000000,000c110022000000,16730.80,PASS
8,random_fullrange_4,13,000d2234b611c12e,000d220011000000,000d220011000000,16757.50,PASS
8,random_fullrange_4,14,000e11c61322a3fa,000e110022000000,000e110022000000,16966.10,PASS
8,random_fullrange_4,15,000f225ed0118f0c,000f220011000000,000f220011000000,16912.00,PASS
8,random_fullrange_4,16,001011469b22e9cf,0010110122020000,0010110122020000,16751.40,PASS
8,random_fullrange_4,17,0011227b6d11df01,0011220111020000,0011220111020000,16934.30,PASS
8,random_fullrange_4,18,0012116af022066f,0012110122010000,0012110122010000,16820.70,PASS
8,random_fullrange_4,19,001322444b11245d,0013220111010000,0013220111010000,17023.00,PASS
8,random_fullrange_4,20,00141182e222b395,0014110122020000,0014110122020000,17024.20,PASS
8,random_fullrange_4,21,00152225cc113fa2,0015220111010000,0015220111010000,16860.50,PASS
8,random_fullrange_4,22,001611555b221985,0016110122010000,0016110122010000,16741.50,PASS
8,random_fullrange_4,23,00172260f9111829,0017220111010000,0017220111010000,16763.00,PASS
8,random_fullrange_4,24,00181122ba22d536,0018110122020000,0018110122020000,17144.10,PASS
8,random_fullrange_4,25,0019229af511b48a,0019220211020000,0019220211020000,16658.10,PASS
8,random_fullrange_4,26,001a1144d522d2bb,001a110122020000,001a110122020000,16969.80,PASS
8,random_fullrange_4,27,001b22035d111bed,001b220111010000,001b220111010000,16757.90,PASS
8,random_fullrange_4,28,001c1176ac22cee1,001c110222020000,001c110222020000,16891.50,PASS
8,random_fullrange_4,29,001d22df5311fa6a,001d220211020000,001d220211020000,16970.30,PASS
8,random_fullrange_4,30,001e11a6b022e766,001e110222020000,001e110222020000,16893.80,PASS
8,random_fullrange_4,31,001f220f781173df,001f220111020000,001f220111020000,16937.80,PASS
8,random_fullrange_4,32,00201169de22ad9f,0020110122020000,0020110122020000,16891.30,PASS
8,random_fullrange_4,33,002122350211c921,0021220111020000,0021220111020000,16889.30,PASS
8,random_fullrange_4,34,0022111c8922ba44,0022110122020000,0022110122020000,16969.80,PASS
8,random_fullrange_4,35,002322a4bb112e22,0023220211010000,0023220211010000,16819.40,PASS
8,random_fullrange_4,36,0024115ee222ed6e,0024110122020000,0024110122020000,16858.30,PASS
8,random_fullrange_4,37,0025224f37111d1a,0025220111010000,0025220111010000,16973.90,PASS
8,random_fullrange_4,38,00261129c1222ad4,0026110122010000,0026110122010000,16744.20,PASS
8,random_fullrange_4,39,0027223fe5115d92,0027220111010000,0027220111010000,16990.20,PASS
8,random_fullrange_4,40,00281123aa2238b7,0028110122010000,0028110122010000,16887.90,PASS
8,random_fullrange_4,41,002922468f1181ae,0029220111020000,0029220111020000,16894.60,PASS
8,random_fullrange_4,42,002a118cc0226e40,002a110222010000,002a110222010000,16831.20,PASS
8,random_fullrange_4,43,002b22174911d254,002b220111020000,002b220111020000,16682.90,PASS
8,random_fullrange_4,44,002c111142223409,002c110122010000,002c110122010000,17028.50,PASS
8,random_fullrange_4,45,002d2210b0113f98,002d220111010000,002d220111010000,16805.20,PASS
8,random_fullrange_4,46,002e1125d922aab5,002e110122020000,002e110122020000,16983.30,PASS
8,random_fullrange_4,47,002f2299811102c5,002f220211010000,002f220211010000,16865.40,PASS
8,random_fullrange_4,48,0030111775225a7a,0030110122010000,0030110122010000,16948.60,PASS
8,random_fullrange_4,49,003122106211396e,0031220111010000,0031220111010000,16783.80,PASS
8,random_fullrange_4,50,00321129d222ff0c,0032110122020000,0032110122020000,16815.90,PASS
8,random_fullrange_4,51,003322b6ef114c83,0033220211020000,0033220211020000,16853.70,PASS
8,random_fullrange_4,52,003411aa67225db6,0034110222020000,0034110222020000,16885.50,PASS
8,random_fullrange_4,53,003522a0cf1149b8,0035220211010000,0035220211010000,16752.80,PASS
8,random_fullrange_4,54,00361197e522d986,0036110222020000,0036110222020000,16927.90,PASS
8,random_fullrange_4,55,003722c5f0112fb5,0037220211010000,0037220211010000,17683.80,PASS
8,random_fullrange_4,56,003811288e22249f,0038110122010000,0038110122010000,16403.90,PASS
8,random_fullrange_4,57,003922846f1187f6,0039220211020000,0039220211020000,17356.60,PASS
8,random_fullrange_4,58,003a111ca92224d5,003a110122010000,003a110122010000,16359.30,PASS
8,random_fullrange_4,59,003b22aa0c117538,003b220211020000,003b220211020000,16769.00,PASS
8,random_fullrange_4,60,003c1155ef22e1cc,003c110222020000,003c110222020000,17022.90,PASS
8,random_fullrange_4,61,003d22ed72112fea,003d220211010000,003d220211010000,17095.90,PASS
8,random_fullrange_4,62,003e116d5a223ab6,003e110222010000,003e110222010000,16558.50,PASS
8,random_fullrange_4,63,003f22e57111602b,003f220211020000,003f220211020000,16481.80,PASS
8,random_fullrange_4,64,004011cc2822b226,0040110222020000,0040110222020000,16811.90,PASS
8,random_fullrange_4,65,0041225f39112c67,0041220111010000,0041220111010000,16975.80,PASS
8,random_fullrange_4,66,0042111ae5228095,0042110122010000,0042110122010000,16735.30,PASS
8,random_fullrange_4,67,004322497411aa5f,0043220111020000,0043220111020000,17278.60,PASS
8,random_fullrange_4,68,004411ef21228ad4,0044110222010000,0044110222010000,16179.40,PASS
8,random_fullrange_4,69,004522781f119ccf,0045220111020000,0045220111020000,16873.00,PASS
8,random_fullrange_4,70,0046111c0022ac9f,0046110122020000,0046110122020000,16964.30,PASS
8,random_fullrange_4,71,004722e744113082,0047220211010000,0047220211010000,16986.70,PASS
8,random_fullrange_4,72,0048118c7a225de1,0048110222010000,0048110222010000,16864.70,PASS
8,random_fullrange_4,73,00492240dd11988d,0049220111020000,0049220111020000,16904.20,PASS
8,random_fullrange_4,74,004a117933228163,004a110222010000,004a110222010000,16284.80,PASS
8,random_fullrange_4,75,004b224e0511ddf7,004b220111020000,004b220111020000,16944.60,PASS
8,random_fullrange_4,76,004c11dfb52250a7,004c110222010000,004c110222010000,16762.50,PASS
8,random_fullrange_4,77,004d227bf111a590,004d220111020000,004d220111020000,16796.60,PASS
8,random_fullrange_4,78,004e11f7f322d15e,004e110222020000,004e110222020000,16885.80,PASS
8,random_fullrange_4,79,004f22547c11af89,004f220111020000,004f220111020000,16689.00,PASS
8,random_fullrange_4,80,0050111b6b22c4cf,0050110122020000,0050110122020000,16932.20,PASS
8,random_fullrange_4,81,005122f375112e8b,0051220211010000,0051220211010000,16960.80,PASS
8,random_fullrange_4,82,005211cc3c227337,0052110222010000,0052110222010000,16941.10,PASS
8,random_fullrange_4,83,005322010811ed90,0053220111020000,0053220111020000,16810.30,PASS
8,random_fullrange_4,84,005411716222af1d,0054110122020000,0054110122020000,17495.10,PASS
8,random_fullrange_4,85,005522ccbd11bb82,0055220211020000,0055220211020000,16520.80,PASS
8,random_fullrange_4,86,00561184ab22306e,0056110122010000,0056110122010000,16800.70,PASS
8,random_fullrange_4,87,005722491911e03f,0057220111020000,0057220111020000,16541.20,PASS
8,random_fullrange_4,88,00581185b7220baf,0058110122010000,0058110122010000,17385.80,PASS
8,random_fullrange_4,89,0059225c2e11a9c7,0059220111020000,0059220111020000,16568.70,PASS
8,random_fullrange_4,90,005a11639622078c,005a110122010000,005a110122010000,17159.80,PASS
8,random_fullrange_4,91,005b2203ac11f9ea,005b220111020000,005b220111020000,16488.60,PASS
8,random_fullrange_4,92,005c11d3322235fb,005c110222010000,005c110222010000,16710.20,PASS
8,random_fullrange_4,93,005d22d2ee115f91,005d220211010000,005d220211010000,16667.10,PASS
8,random_fullrange_4,94,005e112e6a2257d1,005e110122010000,005e110122010000,16657.90,PASS
8,random_fullrange_4,95,005f22945e1101a3,005f220211010000,005f220211010000,16925.80,PASS
8,random_fullrange_4,96,006011cb3522b108,0060110222020000,0060110222020000,17161.20,PASS
8,random_fullrange_4,97,006122be1811fb8c,0061220211020000,0061220211020000,16559.70,PASS
8,random_fullrange_4,98,006211f952229052,0062110222020000,0062110222020000,16733.50,PASS
8,random_fullrange_4,99,00632241ec11100d,0063220111010000,0063220111010000,17371.10,PASS
9,random_fullrange_5,0,000022517e116bde,0000220011000000,0000220011000000,13628.00,PASS
9,random_fullrange_5,1,0001118c2522910a,0001110022000000,0001110022000000,16953.50,PASS
9,random_fullrange_5,2,000222af0011fb48,0002220011000000,0002220011000000,16567.70,PASS
9,random_fullrange_5,3,0003114d4b229ff5,0003110022000000,0003110022000000,16583.00,PASS
9,random_fullrange_5,4,0004226c9e11f954,0004220011000000,0004220011000000,17115.00,PASS
9,random_fullrange_5,5,000511509322b20c,0005110022000000,0005110022000000,16336.90,PASS
9,random_fullrange_5,6,000622a5c4111d33,0006220011000000,0006220011000000,17360.70,PASS
9,random_fullrange_5,7,00071178f3220d75,0007110022000000,0007110022000000,16720.10,PASS
9,random_fullrange_5,8,000822bc8f117c80,0008220011000000,0008220011000000,16457.60,PASS
9,random_fullrange_5,9,000911880722b423,0009110022000000,0009110022000000,17207.90,PASS
9,random_fullrange_5,10,000a2289321154c4,000a220011000000,000a220011000000,17002.10,PASS
9,random_fullrange_5,11,000b1170e422ac6f,000b110022000000,000b110022000000,15977.90,PASS
9,random_fullrange_5,12,000c221312115e84,000c220011000000,000c220011000000,16868.60,PASS
9,random_fullrange_5,13,000d111288229f87,000d110022000000,000d110022000000,16842.60,PASS
9,random_fullrange_5,14,000e221bf01147dc,000e220011000000,000e220011000000,16857.60,PASS
9,random_fullrange_5,15,000f114f8d22edc5,000f110022000000,000f110022000000,16756.40,PASS
9,random_fullrange_5,16,0010229fe8118eb5,0010220011020000,0010220011020000,16955.40,PASS
9,random_fullrange_5,17,001111b3bb22e616,0011110222000000,0011110222000000,16656.90,PASS
9,random_fullrange_5,18,00122211221190b2,0012220111020000,0012220111020000,17137.50,PASS
9,random_fullrange_5,19,001311e9eb229e3e,0013110222020000,0013110222020000,17421.90,PASS
9,random_fullrange_5,20,00142219b311f703,0014220111020000,0014220111020000,15899.40,PASS
9,random_fullrange_5,21,001511293d2222ab,0015110122010000,0015110122010000,16829.70,PASS
9,random_fullrange_5,22,001622c7e711e99c,0016220211020000,0016220211020000,16916.90,PASS
9,random_fullrange_5,23,0017111f862257f0,0017110122010000,0017110122010000,16754.90,PASS
9,random_fullrange_5,24,00182251391157dc,0018220111010000,0018220111010000,17649.60,PASS
9,random_fullrange_5,25,001911c42822c7b5,0019110222020000,0019110222020000,16557.00,PASS
9,random_fullrange_5,26,001a22dfb511034a,001a220211010000,001a220211010000,17025.40,PASS
9,random_fullrange_5,27,001b1110d322e815,001b110122020000,001b110122020000,16190.30,PASS
9,random_fullrange_5,28,001c22d8de11fc96,001c220211020000,001c220211020000,16965.80,PASS
9,random_fullrange_5,29,001d119afe226624,001d110222010000,001d110222010000,17353.60,PASS
9,random_fullrange_5,30,001e223a2f114593,001e220111010000,001e220111010000,16535.00,PASS
9,random_fullrange_5,31,001f11b544220e94,001f110222010000,001f110222010000,16318.80,PASS
9,random_fullrange_5,32,002022ed93117d6a,0020220211010000,0020220211010000,16978.50,PASS
9,random_fullrange_5,33,00211179d822045b,0021110122010000,0021110122010000,16772.00,PASS
9,random_fullrange_5,34,00222240c8113323,0022220111010000,0022220111010000,16907.10,PASS
9,random_fullrange_5,35,002311346f227998,0023110122020000,0023110122020000,17032.20,PASS
9,random_fullrange_5,36,002422d5a6111ba0,0024220211010000,0024220211010000,17061.60,PASS
9,random_fullrange_5,37,00251197fd222f11,0025110222010000,0025110222010000,16359.40,PASS
9,random_fullrange_5,38,002622980811a362,0026220211020000,0026220211020000,17407.20,PASS
9,random_fullrange_5,39,002711ea3022f93a,0027110222020000,0027110222020000,16083.60,PASS
9,random_fullrange_5,40,0028226cac111416,0028220111010000,0028220111010000,16777.20,PASS
9,random_fullrange_5,41,0029115b4622a3c0,0029110122020000,0029110122020000,16962.30,PASS
9,random_fullrange_5,42,002a22fd02117fa2,002a220211020000,002a220211020000,16656.70,PASS
9,random_fullrange_5,43,002b11adb22213a0,002b110222010000,002b110222010000,16919.70,PASS
9,random_fullrange_5,44,002c223458114577,002c220111010000,002c220111010000,16868.50,PASS
9,random_fullrange_5,45,002d111bca222e89,002d110122010000,002d110122010000,16887.20,PASS
9,random_fullrange_5,46,002e22098b117136,002e220111020000,002e220111020000,16730.10,PASS
9,random_fullrange_5,47,002f11ca7822d323,002f110222020000,002f110222020000,16907.30,PASS
9,random_fullrange_5,48,003022d4b211c134,0030220211020000,0030220211020000,16892.00,PASS
9,random_fullrange_5,49,00311123a422890f,0031110122020000,0031110122020000,16994.20,PASS
9,random_fullrange_5,50,0032220bab11463a,0032220111010000,0032220111010000,16851.40,PASS
9,random_fullrange_5,51,00331194a7222ea8,0033110222010000,0033110222010000,16871.00,PASS
9,random_fullrange_5,52,0034222a5d117662,0034220111010000,0034220111010000,16701.60,PASS
9,random_fullrange_5,53,003511c1ad225b46,0035110222010000,0035110222010000,16718.90,PASS
9,random_fullrange_5,54,0036221e8f119551,0036220111020000,0036220111020000,16999.70,PASS
9,random_fullrange_5,55,003711056d22d288,0037110122020000,0037110122020000,16709.20,PASS
9,random_fullrange_5,56,003822cf881183a7,0038220211020000,0038220211020000,16787.70,PASS
9,random_fullrange_5,57,0039112504226d6d,0039110122020000,0039110122020000,16785.50,PASS
9,random_fullrange_5,58,003a229f3711d3da,003a220211020000,003a220211020000,16897.40,PASS
9,random_fullrange_5,59,003b11f837224607,003b110222010000,003b110222010000,16829.90,PASS
9,random_fullrange_5,60,003c22be99117d1c,003c220211010000,003c220211010000,16884.00,PASS
9,random_fullrange_5,61,003d117b0c224504,003d110122010000,003d110122010000,16780.40,PASS
9,random_fullrange_5,62,003e22ac7f11003c,003e220211010000,003e220211010000,16886.20,PASS
9,random_fullrange_5,63,003f11279522ced7,003f110122020000,003f110122020000,17040.70,PASS
9,random_fullrange_5,64,004022c99011642a,0040220211010000,0040220211010000,16870.30,PASS
9,random_fullrange_5,65,00411130cc221d6a,0041110122010000,0041110122010000,16753.20,PASS
9,random_fullrange_5,66,00422244fe116700,0042220111010000,0042220111010000,16784.40,PASS
9,random_fullrange_5,67,004311d82722be2f,0043110222020000,0043110222020000,16872.80,PASS
9,random_fullrange_5,68,0044223453115b72,0044220111010000,0044220111010000,16748.80,PASS
9,random_fullrange_5,69,004511db59222318,0045110222010000,0045110222010000,16916.60,PASS
9,random_fullrange_5,70,004622bdcb1115ea,0046220211010000,0046220211010000,16983.70,PASS
9,random_fullrange_5,71,00471124db22d53b,0047110122020000,0047110122020000,16882.20,PASS
9,random_fullrange_5,72,004822dce611561d,0048220211010000,0048220211010000,16912.60,PASS
9,random_fullrange_5,73,004911e46d2235ba,0049110222010000,0049110222010000,16654.80,PASS
9,random_fullrange_5,74,004a2296fb11ae71,004a220211020000,004a220211020000,16836.80,PASS
9,random_fullrange_5,75,004b11ede322db93,004b110222020000,004b110222020000,16899.90,PASS
9,random_fullrange_5,76,004c224e39114041,004c220111010000,004c220111010000,17001.80,PASS
9,random_fullrange_5,77,004d119e91220d0b,004d110222010000,004d110222010000,16921.50,PASS
9,random_fullrange_5,78,004e22b37c11a1f9,004e220211020000,004e220211020000,17428.60,PASS
9,random_fullrange_5,79,004f117ff8224c6d,004f110122010000,004f110122010000,16148.20,PASS
9,random_fullrange_5,80,005022612911322e,0050220111010000,0050220111010000,16950.20,PASS
9,random_fullrange_5,81,005111cbc2222a2c,0051110222010000,0051110222010000,16707.40,PASS
9,random_fullrange_5,82,00522245b811b17d,0052220111020000,0052220111020000,17134.10,PASS
9,random_fullrange_5,83,005311caa9227ff9,0053110222020000,0053110222020000,17048.10,PASS
9,random_fullrange_5,84,0054228719112fab,0054220211010000,0054220211010000,16530.10,PASS
9,random_fullrange_5,85,005511310e22525a,0055110122010000,0055110122010000,16680.60,PASS
9,random_fullrange_5,86,0056225ab3118824,0056220111020000,0056220111020000,16988.40,PASS
9,random_fullrange_5,87,005711417522dd2f,0057110122020000,0057110122020000,17091.20,PASS
9,random_fullrange_5,88,00582210891175fb,0058220111010000,0058220111010000,16507.40,PASS
9,random_fullrange_5,89,00591100a322da49,0059110122020000,0059110122020000,16706.20,PASS
9,random_fullrange_5,90,005a22fcab11b70e,005a220211020000,005a220211020000,17460.40,PASS
9,random_fullrange_5,91,005b11e53822044e,005b110222010000,005b110222010000,16351.30,PASS
9,random_fullrange_5,92,005c22a84311e1eb,005c220211020000,005c220211020000,16742.00,PASS
9,random_fullrange_5,93,005d11a37a22fcf3,005d110222020000,005d110222020000,16549.00,PASS
9,random_fullrange_5,94,005e22e2541187ae,005e220211020000,005e220211020000,16857.30,PASS
9,random_fullrange_5,95,005f119b9622499e,005f110222010000,005f110222010000,16812.10,PASS
9,random_fullrange_5,96,00602290901151e0,0060220211010000,0060220211010000,17350.20,PASS
9,random_fullrange_5,97,006111df0422f299,0061110222020000,0061110222020000,16357.60,PASS
9,random_fullrange_5,98,006222b3da114bca,0062220211010000,0062220211010000,17709.60,PASS
9,random_fullrange_5,99,006311ad5122a2b4,0063110222020000,0063110222020000,16136.70,PASS
10,random_fullrange_6,0,0000116e7622f82c,0000110022000000,0000110022000000,17842.60,PASS
10,random_fullrange_6,1,0001220c7811e7db,0001220011000000,0001220011000000,16210.50,PASS
10,random_fullrange_6,2,0002117751224de2,0002110022000000,0002110022000000,16921.40,PASS
10,random_fullrange_6,3,000322742511991c,0003220011000000,0003220011000000,16747.40,PASS
10,random_fullrange_6,4,0004116a3422a2ab,0004110022000000,0004110022000000,16803.60,PASS
10,random_fullrange_6,5,000522598a1136e5,0005220011000000,0005220011000000,16867.90,PASS
10,random_fullrange_6,6,000611d71a22dff0,0006110022000000,0006110022000000,16667.20,PASS
10,random_fullrange_6,7,000722f87f11142d,0007220011000000,0007220011000000,16697.90,PASS
10,random_fullrange_6,8,000811720822da4f,0008110022000000,0008110022000000,16991.30,PASS
10,random_fullrange_6,9,000922198d1183aa,0009220011000000,0009220011000000,16939.10,PASS
10,random_fullrange_6,10,000a11df22225ee4,000a110022000000,000a110022000000,16600.10,PASS
10,random_fullrange_6,11,000b2291c911f2b6,000b220011000000,000b220011000000,16881.80,PASS
10,random_fullrange_6,12,000c11b8ba228bd7,000c110022000000,000c110022000000,17148.60,PASS
10,random_fullrange_6,13,000d222b75119b35,000d220011000000,000d220011000000,17171.10,PASS
10,random_fullrange_6,14,000e11f847229f5e,000e110022000000,000e110022000000,16861.50,PASS
10,random_fullrange_6,15,000f2297e411197c,000f220011000000,000f220011000000,16409.30,PASS
10,random_fullrange_6,16,001011591622fbc5,0010110022000000,0010110022000000,16930.50,PASS
10,random_fullrange_6,17,001122718911dcad,0011220111020000,0011220111020000,16669.80,PASS
10,random_fullrange_6,18,0012112c0e22a0b7,0012110122020000,0012110122020000,17141.10,PASS
10,random_fullrange_6,19,00132262a71100a7,0013220111010000,0013220111010000,16856.50,PASS
10,random_fullrange_6,20,0014119036220efb,0014110222010000,0014110222010000,16550.70,PASS
10,random_fullrange_6,21,0015222e1911deec,0015220111020000,0015220111020000,16928.40,PASS
10,random_fullrange_6,22,0016112351223e18,0016110122010000,0016110122010000,16601.80,PASS
10,random_fullrange_6,23,0017225d441155fd,0017220111010000,0017220111010000,17391.00,PASS
10,random_fullrange_6,24,00181135112208f6,0018110122010000,0018110122010000,16722.40,PASS
10,random_fullrange_6,25,001922ca3e111e30,0019220211010000,0019220211010000,17129.50,PASS
10,random_fullrange_6,26,001a11f0a922442f,001a110222010000,001a110222010000,16172.00,PASS
10,random_fullrange_6,27,001b225dd011e865,001b220111020000,001b220111020000,17187.30,PASS
10,random_fullrange_6,28,001c118c98223ae2,001c110222010000,001c110222010000,16537.40,PASS
10,random_fullrange_6,29,001d22ac0a111d95,001d220211010000,001d220211010000,16638.90,PASS
10,random_fullrange_6,30,001e1182db2226ce,001e110222010000,001e110222010000,16930.50,PASS
10,random_fullrange_6,31,001f22666611ffae,001f220211020000,001f220211020000,16875.80,PASS
10,random_fullrange_6,32,00201175a522cf0d,0020110122020000,0020110122020000,16737.60,PASS
10,random_fullrange_6,33,00212297f8116017,0021220211010000,0021220211010000,16813.30,PASS
10,random_fullrange_6,34,002211f5b0221b95,0022110222010000,0022110222010000,17418.20,PASS
10,random_fullrange_6,35,002322994f116a8b,0023220211010000,0023220211010000,16362.70,PASS
10,random_fullrange_6,36,0024118254223570,0024110122010000,0024110122010000,16665.90,PASS
10,random_fullrange_6,37,002522539d112e86,0025220111010000,0025220111010000,17213.30,PASS
10,random_fullrange_6,38,00261166f922be72,0026110122020000,0026110122020000,16620.60,PASS
10,random_fullrange_6,39,00272287aa119672,0027220211020000,0027220211020000,16745.90,PASS
10,random_fullrange_6,40,00281195aa225312,0028110222010000,0028110222010000,16766.90,PASS
10,random_fullrange_6,41,002922003611eae6,0029220111020000,0029220111020000,16794.50,PASS
10,random_fullrange_6,42,002a1160ad222bf6,002a110122010000,002a110122010000,16911.90,PASS
10,random_fullrange_6,43,002b223073112c4b,002b220111010000,002b220111010000,17316.50,PASS
10,random_fullrange_6,44,002c11b141223285,002c110222010000,002c110222010000,16734.20,PASS
10,random_fullrange_6,45,002d2223cd11a41f,002d220111020000,002d220111020000,16910.70,PASS
10,random_fullrange_6,46,002e11be0622dbda,002e110222020000,002e110222020000,16348.30,PASS
10,random_fullrange_6,47,002f222bbe119dfa,002f220111020000,002f220111020000,16743.30,PASS
10,random_fullrange_6,48,0030117b6e22cfc1,0030110122020000,0030110122020000,17343.60,PASS
10,random_fullrange_6,49,00312215a111beba,0031220111020000,0031220111020000,16499.30,PASS
10,random_fullrange_6,50,00321192a92269db,0032110222020000,0032110222020000,16617.90,PASS
10,random_fullrange_6,51,003322189b113340,0033220111010000,0033220111010000,16720.00,PASS
10,random_fullrange_6,52,0034112c7422e2e5,0034110122020000,0034110122020000,16891.50,PASS
10,random_fullrange_6,53,003522093e117b11,0035220111010000,0035220111010000,16953.00,PASS
10,random_fullrange_6,54,0036114eaf228847,0036110122020000,0036110122020000,16763.00,PASS
10,random_fullrange_6,55,003722a98611965d,0037220211020000,0037220211020000,16769.00,PASS
10,random_fullrange_6,56,003811cbdd22743f,0038110222020000,0038110222020000,17351.00,PASS
10,random_fullrange_6,57,003922edf6115550,0039220211010000,0039220211010000,16278.30,PASS
10,random_fullrange_6,58,003a112fed22ac82,003a110122020000,003a110122020000,17424.00,PASS
10,random_fullrange_6,59,003b220932117b6a,003b220111010000,003b220111010000,16426.80,PASS
10,random_fullrange_6,60,003c11895022710d,003c110222010000,003c110222010000,16443.60,PASS
10,random_fullrange_6,61,003d22e45211a5ed,003d220211020000,003d220211020000,17437.00,PASS
10,random_fullrange_6,62,003e11b17f220836,003e110222010000,003e110222010000,16467.40,PASS
10,random_fullrange_6,63,003f22c2b411c6ce,003f220211020000,003f220211020000,17338.00,PASS
10,random_fullrange_6,64,004011c0302220da,0040110222010000,0040110222010000,16399.40,PASS
10,random_fullrange_6,65,004122108a11f41c,0041220111020000,0041220111020000,16449.10,PASS
10,random_fullrange_6,66,00421112e122590f,0042110122010000,0042110122010000,16834.50,PASS
10,random_fullrange_6,67,0043223c14115258,0043220111010000,0043220111010000,17262.80,PASS
10,random_fullrange_6,68,004411daf022332f,0044110222010000,0044110222010000,16625.30,PASS
10,random_fullrange_6,69,004522b93611b9a7,0045220211020000,0045220211020000,16680.40,PASS
10,random_fullrange_6,70,0046119df7227483,0046110222020000,0046110222020000,16835.70,PASS
10,random_fullrange_6,71,0047222c1c1181a0,0047220111010000,0047220111010000,16658.90,PASS
10,random_fullrange_6,72,004811097422ec8e,0048110122020000,0048110122020000,16896.00,PASS
10,random_fullrange_6,73,004922185211db2c,0049220111020000,0049220111020000,16798.20,PASS
10,random_fullrange_6,74,004a11ed2f22bf18,004a110222020000,004a110222020000,16781.50,PASS
10,random_fullrange_6,75,004b225a61118757,004b220111010000,004b220111010000,16880.30,PASS
10,random_fullrange_6,76,004c1193c822cede,004c110122020000,004c110122020000,16883.90,PASS
10,random_fullrange_6,77,004d225c5a119ab5,004d220111010000,004d220111010000,16807.60,PASS
10,random_fullrange_6,78,004e118034223a1d,004e110122010000,004e110122010000,16940.00,PASS
10,random_fullrange_6,79,004f22c167118666,004f220211010000,004f220211010000,16799.30,PASS
10,random_fullrange_6,80,005011093422a96a,0050110122020000,0050110122020000,16984.20,PASS
10,random_fullrange_6,81,00512204351166f8,0051220111010000,0051220111010000,16628.70,PASS
10,random_fullrange_6,82,00521140372230e7,0052110122010000,0052110122010000,17137.60,PASS
10,random_fullrange_6,83,005322cf2b113721,0053220211010000,0053220211010000,16751.20,PASS
10,random_fullrange_6,84,005411864d22c250,0054110222020000,0054110222020000,16825.70,PASS
10,random_fullrange_6,85,0055221af6115d13,0055220111010000,0055220111010000,16927.70,PASS
10,random_fullrange_6,86,00561121e822d4f2,0056110122020000,0056110122020000,16914.00,PASS
10,random_fullrange_6,87,0057226f6a1176bb,0057220111020000,0057220111020000,16749.30,PASS
10,random_fullrange_6,88,0058113ee2228875,0058110122020000,0058110122020000,16894.60,PASS
10,random_fullrange_6,89,005922dbd211c7f5,0059220211020000,0059220211020000,16884.60,PASS
10,random_fullrange_6,90,005a115ea722d28a,005a110122020000,005a110122020000,16762.10,PASS
10,random_fullrange_6,91,005b22a65311a805,005b220211020000,005b220211020000,16827.10,PASS
10,random_fullrange_6,92,005c11b2c322c0f8,005c110222020000,005c110222020000,17245.60,PASS
10,random_fullrange_6,93,005d2201ea110d15,005d220111010000,005d220111010000,16825.10,PASS
10,random_fullrange_6,94,005e118660223374,005e110222010000,005e110222010000,16875.90,PASS
10,random_fullrange_6,95,005f227ef911fc93,005f220111020000,005f220111020000,17376.60,PASS
10,random_fullrange_6,96,00601179d8226e37,0060110222010000,0060110222010000,16218.40,PASS
10,random_fullrange_6,97,006122e78b11cf63,0061220211020000,0061220211020000,17391.90,PASS
10,random_fullrange_6,98,006211b39022e640,0062110222020000,0062110222020000,16144.40,PASS
10,random_fullrange_6,99,006322747411dc35,0063220111020000,0063220111020000,17480.80,PASS
11,random_fullrange_7,0,000022488611fb43,0000220011000000,0000220011000000,17469.00,PASS
11,random_fullrange_7,1,00011105c62217c7,0001110022000000,0001110022000000,16651.50,PASS
11,random_fullrange_7,2,000222ffaf117139,0002220011000000,0002220011000000,16866.90,PASS
11,random_fullrange_7,3,000311c98522fba7,0003110022000000,0003110022000000,16838.50,PASS
11,random_fullrange_7,4,000422ac681193f1,0004220011000000,0004220011000000,16759.30,PASS
11,random_fullrange_7,5,00051162d022c9c0,0005110022000000,0005110022000000,17143.90,PASS
11,random_fullrange_7,6,0006223b9911143f,0006220011000000,0006220011000000,16553.50,PASS
11,random_fullrange_7,7,000711002f22e8e0,0007110022000000,0007110022000000,17173.20,PASS
11,random_fullrange_7,8,0008226f4911ba73,0008220011000000,0008220011000000,16531.30,PASS
11,random_fullrange_7,9,000911ba0022f7ee,0009110022000000,0009110022000000,14818.00,PASS
11,random_fullrange_7,10,000a22d77b1192c8,000a220011000000,000a220011000000,16843.50,PASS
11,random_fullrange_7,11,000b1189e622cc46,000b110022000000,000b110022000000,16926.40,PASS
11,random_fullrange_7,12,000c226d1d110435,000c220011000000,000c220011000000,16812.20,PASS
11,random_fullrange_7,13,000d1171842202b4,000d110022000000,000d110022000000,16820.50,PASS
11,random_fullrange_7,14,000e22685111e4de,000e220011000000,000e220011000000,16699.40,PASS
11,random_fullrange_7,15,000f11cec022b43f,000f110022000000,000f110022000000,16955.20,PASS
11,random_fullrange_7,16,001022b39e115536,0010220011010000,0010220011010000,17006.20,PASS
11,random_fullrange_7,17,0011115e89227b80,0011110122010000,0011110122010000,17056.80,PASS
11,random_fullrange_7,18,001222bb9c110c45,0012220211010000,0012220211010000,16439.50,PASS
11,random_fullrange_7,19,0013115c402251ff,0013110122010000,0013110122010000,16817.20,PASS
11,random_fullrange_7,20,001422fbb511d750,0014220211020000,0014220211020000,16826.20,PASS
11,random_fullrange_7,21,001511eaf9221f7e,0015110222010000,0015110222010000,17433.30,PASS
11,random_fullrange_7,22,0016224934114c21,0016220111010000,0016220111010000,16742.00,PASS
11,random_fullrange_7,23,001711db55229b29,0017110222020000,0017110222020000,16370.40,PASS
11,random_fullrange_7,24,001822292d114021,0018220111010000,0018220111010000,16963.40,PASS
11,random_fullrange_7,25,001911833a22e2b3,0019110222020000,0019110222020000,16576.50,PASS
11,random_fullrange_7,26,001a22edeb1183b3,001a220211020000,001a220211020000,16762.70,PASS
11,random_fullrange_7,27,001b11ca0a223cdf,001b110222010000,001b110222010000,17357.00,PASS
11,random_fullrange_7,28,001c224cf4110496,001c220111010000,001c220111010000,16978.80,PASS
11,random_fullrange_7,29,001d117326226141,001d110122010000,001d110122010000,16194.90,PASS
11,random_fullrange_7,30,001e2245ce1175af,001e220111010000,001e220111010000,17036.70,PASS
11,random_fullrange_7,31,001f11afba2240ec,001f110222010000,001f110222010000,16661.10,PASS
11,random_fullrange_7,32,0020222ed611f6aa,0020220111020000,0020220111020000,16804.40,PASS
11,random_fullrange_7,33,002111160722516e,0021110122010000,0021110122010000,17030.60,PASS
11,random_fullrange_7,34,0022223086117c4e,0022220111010000,0022220111010000,16510.70,PASS
11,random_fullrange_7,35,002311e8c8227b29,0023110222020000,0023110222020000,16790.80,PASS
11,random_fullrange_7,36,002422043b111306,0024220111010000,0024220111010000,16894.20,PASS
11,random_fullrange_7,37,002511a0b4223248,0025110222010000,0025110222010000,16753.80,PASS
11,random_fullrange_7,38,002622e81b11f149,0026220211020000,0026220211020000,16643.30,PASS
11,random_fullrange_7,39,00271155a422dc6a,0027110122020000,0027110122020000,16922.80,PASS
11,random_fullrange_7,40,002822d49c110722,0028220211010000,0028220211010000,16950.70,PASS
11,random_fullrange_7,41,002911c848224ae8,0029110222010000,0029110222010000,16886.70,PASS
11,random_fullrange_7,42,002a2227cb116be5,002a220111010000,002a220111010000,16925.00,PASS
11,random_fullrange_7,43,002b119f3622edc7,002b110222020000,002b110222020000,16693.60,PASS
11,random_fullrange_7,44,002c22534c114366,002c220111010000,002c220111010000,17037.00,PASS
11,random_fullrange_7,45,002d113fc822ca32,002d110122020000,002d110122020000,16832.40,PASS
11,random_fullrange_7,46,002e22d46111677a,002e220211010000,002e220211010000,16756.90,PASS
11,random_fullrange_7,47,002f119e68223edb,002f110222010000,002f110222010000,16857.50,PASS
11,random_fullrange_7,48,00302219f5111809,0030220111010000,0030220111010000,17014.10,PASS
11,random_fullrange_7,49,0031116c9f223bfe,0031110122010000,0031110122010000,16597.10,PASS
11,random_fullrange_7,50,003222985611a494,0032220211020000,0032220211020000,16756.90,PASS
11,random_fullrange_7,51,0033110c58229e16,0033110122020000,0033110122020000,16823.50,PASS
11,random_fullrange_7,52,0034225fc5113472,0034220111010000,0034220111010000,17601.20,PASS
11,random_fullrange_7,53,003511f2422299b7,0035110222020000,0035110222020000,16976.20,PASS
11,random_fullrange_7,54,003622b11711181d,0036220211010000,0036220211010000,16345.50,PASS
11,random_fullrange_7,55,00371174af226292,0037110222010000,0037110222010000,16708.40,PASS
11,random_fullrange_7,56,0038229f9811effb,0038220211020000,0038220211020000,16984.80,PASS
11,random_fullrange_7,57,003911c9b122612b,0039110222010000,0039110222010000,17295.70,PASS
11,random_fullrange_7,58,003a22b1e7112daa,003a220211010000,003a220211010000,16154.10,PASS
11,random_fullrange_7,59,003b115d3d2264ca,003b110122010000,003b110122010000,17222.00,PASS
11,random_fullrange_7,60,003c22de84115b47,003c220211010000,003c220211010000,16477.80,PASS
11,random_fullrange_7,61,003d1126d8220f48,003d110122010000,003d110122010000,17527.60,PASS
11,random_fullrange_7,62,003e221fba11c3cc,003e220111020000,003e220111020000,16517.90,PASS
11,random_fullrange_7,63,003f1115d52202b5,003f110122010000,003f110122010000,16521.40,PASS
11,random_fullrange_7,64,0040224b821115f8,0040220111010000,0040220111010000,16498.00,PASS
11,random_fullrange_7,65,0041114263229d6a,0041110122020000,0041110122020000,17059.40,PASS
11,random_fullrange_7,66,004222b6d7116a11,0042220211020000,0042220211020000,16721.20,PASS
11,random_fullrange_7,67,0043115c6f22af7d,0043110122020000,0043110122020000,16988.20,PASS
11,random_fullrange_7,68,004422d23e119e7a,0044220211020000,0044220211020000,16542.80,PASS
11,random_fullrange_7,69,0045114aaf221134,0045110122010000,0045110122010000,16887.70,PASS
11,random_fullrange_7,70,004622df97111fb4,0046220211010000,0046220211010000,16699.40,PASS
11,random_fullrange_7,71,00471155ef224650,0047110122010000,0047110122010000,17294.00,PASS
11,random_fullrange_7,72,004822584e116e8b,0048220111020000,0048220111020000,16888.40,PASS
11,random_fullrange_7,73,004911299122c0ee,0049110122020000,0049110122020000,17070.10,PASS
11,random_fullrange_7,74,004a22c6b1114759,004a220211010000,004a220211010000,16171.70,PASS
11,random_fullrange_7,75,004b11c4b8225095,004b110222010000,004b110222010000,16871.30,PASS
11,random_fullrange_7,76,004c223504116072,004c220111020000,004c220111020000,16600.00,PASS
11,random_fullrange_7,77,004d11b189226f76,004d110222010000,004d110222010000,16904.60,PASS
11,random_fullrange_7,78,004e2296e011e65b,004e220211020000,004e220211020000,16850.00,PASS
11,random_fullrange_7,79,004f11ee5c22ffdb,004f110222020000,004f110222020000,16867.40,PASS
11,random_fullrange_7,80,0050221e94119c60,0050220111020000,0050220111020000,16779.90,PASS
11,random_fullrange_7,81,0051111e302257a5,0051110122010000,0051110122010000,16773.00,PASS
11,random_fullrange_7,82,005222655211f079,0052220111020000,0052220111020000,17178.90,PASS
11,random_fullrange_7,83,0053110761228a78,0053110122020000,0053110122020000,16751.00,PASS
11,random_fullrange_7,84,005422fcce1154d8,0054220211010000,0054220211010000,16710.10,PASS
11,random_fullrange_7,85,005511f55c229d85,0055110222020000,0055110222020000,16873.80,PASS
11,random_fullrange_7,86,005622ea7911fb64,0056220211020000,0056220211020000,16982.90,PASS
11,random_fullrange_7,87,005711f0ab22b18c,0057110222020000,0057110222020000,16760.00,PASS
11,random_fullrange_7,88,0058223e691149e0,0058220111010000,0058220111010000,16901.20,PASS
11,random_fullrange_7,89,00591132dd22c134,0059110122020000,0059110122020000,16927.70,PASS
11,random_fullrange_7,90,005a22b78d1126ba,005a220211010000,005a220211010000,17000.90,PASS
11,random_fullrange_7,91,005b117f8f2227b4,005b110122010000,005b110122010000,17062.80,PASS
11,random_fullrange_7,92,005c22fa5511e031,005c220211020000,005c220211020000,16833.60,PASS
11,random_fullrange_7,93,005d11d47a22ccda,005d110222020000,005d110222020000,16789.00,PASS
11,random_fullrange_7,94,005e228c0711f1f1,005e220111020000,005e220111020000,16734.90,PASS
11,random_fullrange_7,95,005f11d1762295fc,005f110222010000,005f110222010000,16686.80,PASS
11,random_fullrange_7,96,00602261c111b73e,0060220111020000,0060220111020000,16730.40,PASS
11,random_fullrange_7,97,006111b9ef22ba95,0061110222020000,0061110222020000,16940.70,PASS
11,random_fullrange_7,98,0062228ce3119d74,0062220111010000,0062220111010000,16769.60,PASS
11,random_fullrange_7,99,00631115cf22bdce,0063110122020000,0063110122020000,16877.90,PASS
12,random_fullrange_8,0,000011de10223273,0000110022000000,0000110022000000,11789.90,PASS
12,random_fullrange_8,1,000122f6931175be,0001220011000000,0001220011000000,16878.00,PASS
12,random_fullrange_8,2,000211b2a022aa48,0002110022000000,0002110022000000,16947.90,PASS
12,random_fullrange_8,3,0003224211115ecd,0003220011000000,0003220011000000,16824.90,PASS
12,random_fullrange_8,4,000411338822801f,0004110022000000,0004110022000000,16926.00,PASS
12,random_fullrange_8,5,0005224af91172c0,0005220011000000,0005220011000000,16919.20,PASS
12,random_fullrange_8,6,000611d4ec229476,0006110022000000,0006110022000000,16892.50,PASS
12,random_fullrange_8,7,0007222bd1114571,0007220011000000,0007220011000000,16724.40,PASS
12,random_fullrange_8,8,0008119d1f22f142,0008110022000000,0008110022000000,16867.80,PASS
12,random_fullrange_8,9,000922f9f71148fc,0009220011000000,0009220011000000,16935.10,PASS
12,random_fullrange_8,10,000a11667722a85f,000a110022000000,000a110022000000,16721.70,PASS
12,random_fullrange_8,11,000b2231c61158b5,000b220011000000,000b220011000000,16974.60,PASS
12,random_fullrange_8,12,000c11391c224681,000c110022000000,000c110022000000,16818.40,PASS
12,random_fullrange_8,13,000d223ea811086d,000d220011000000,000d220011000000,16716.90,PASS
12,random_fullrange_8,14,000e11ecb322c08c,000e110022000000,000e110022000000,16993.10,PASS
12,random_fullrange_8,15,000f2242df11f292,000f220011000000,000f220011000000,16705.80,PASS
12,random_fullrange_8,16,0010113377222e95,0010110122000000,0010110122000000,16814.20,PASS
12,random_fullrange_8,17,0011220718112368,0011220011010000,0011220011010000,17234.20,PASS
12,random_fullrange_8,18,001211d383220683,0012110222000000,0012110222000000,17217.70,PASS
12,random_fullrange_8,19,0013227aa7117431,0013220211020000,0013220211020000,16220.10,PASS
12,random_fullrange_8,20,0014114c4622ac66,0014110122020000,0014110122020000,17260.60,PASS
12,random_fullrange_8,21,0015221534110e15,0015220111010000,0015220111010000,16462.90,PASS
12,random_fullrange_8,22,00161131f022427b,0016110122010000,0016110122010000,16997.00,PASS
12,random_fullrange_8,23,0017228da211eea3,0017220211020000,0017220211020000,16597.00,PASS
12,random_fullrange_8,24,0018110e48221a48,0018110122010000,0018110122010000,17335.00,PASS
12,random_fullrange_8,25,001922393d110b5b,0019220111010000,0019220111010000,16553.70,PASS
12,random_fullrange_8,26,001a11a253229537,001a110222020000,001a110222020000,16590.20,PASS
12,random_fullrange_8,27,001b22fc09118029,001b220211020000,001b220211020000,16700.70,PASS
12,random_fullrange_8,28,001c116311225122,001c110122010000,001c110122010000,16737.90,PASS
12,random_fullrange_8,29,001d220a6811b043,001d220111020000,001d220111020000,17193.60,PASS
12,random_fullrange_8,30,001e116c89223b26,001e110222010000,001e110222010000,16625.10,PASS
12,random_fullrange_8,31,001f22dabc11445a,001f220211010000,001f220211010000,16657.80,PASS
12,random_fullrange_8,32,002011242622c28f,0020110122020000,0020110122020000,17455.00,PASS
12,random_fullrange_8,33,002122fc6011e927,0021220211020000,0021220211020000,16235.40,PASS
12,random_fullrange_8,34,002211538c22d467,0022110122020000,0022110122020000,16648.10,PASS
12,random_fullrange_8,35,00232216611100e9,0023220111010000,0023220111010000,16750.20,PASS
12,random_fullrange_8,36,00241119e722803d,0024110122020000,0024110122020000,17086.20,PASS
12,random_fullrange_8,37,002522a798112b73,0025220211010000,0025220211010000,16800.30,PASS
12,random_fullrange_8,38,002611e256221b02,0026110222010000,0026110222010000,16585.10,PASS
12,random_fullrange_8,39,00272206001115e2,0027220111010000,0027220111010000,16879.20,PASS
12,random_fullrange_8,40,002811202d22ca41,0028110122020000,0028110122020000,17194.20,PASS
12,random_fullrange_8,41,002922cd09113cd3,0029220211010000,0029220211010000,16720.20,PASS
12,random_fullrange_8,42,002a11a952220ab1,002a110222010000,002a110222010000,16678.80,PASS
12,random_fullrange_8,43,002b22a92e112215,002b220211010000,002b220211010000,16826.40,PASS
12,random_fullrange_8,44,002c11bc1922d9b3,002c110222020000,002c110222020000,16851.00,PASS
12,random_fullrange_8,45,002d22a0d211440a,002d220211010000,002d220211010000,16712.00,PASS
12,random_fullrange_8,46,002e1185e4228535,002e110222010000,002e110222010000,16887.10,PASS
12,random_fullrange_8,47,002f2227b9115fe9,002f220111020000,002f220111020000,16717.60,PASS
12,random_fullrange_8,48,003011edff22427a,0030110222010000,0030110222010000,16903.40,PASS
12,random_fullrange_8,49,003122286711d099,0031220111020000,0031220111020000,17287.40,PASS
12,random_fullrange_8,50,003211adab22e4e5,0032110222020000,0032110222020000,16811.20,PASS
12,random_fullrange_8,51,0033220836119f33,0033220111020000,0033220111020000,16301.00,PASS
12,random_fullrange_8,52,003411e831228b23,0034110222020000,0034110222020000,17486.70,PASS
12,random_fullrange_8,53,0035220dfa114d59,0035220111010000,0035220111010000,16562.40,PASS
12,random_fullrange_8,54,00361100b422b92a,0036110122020000,0036110122020000,16895.00,PASS
12,random_fullrange_8,55,003722469e11e25a,0037220111020000,0037220111020000,16268.10,PASS
12,random_fullrange_8,56,003811c6a122d56f,0038110222020000,0038110222020000,16715.00,PASS
12,random_fullrange_8,57,0039225b99114e63,0039220111010000,0039220111010000,17238.00,PASS
12,random_fullrange_8,58,003a11edb4223368,003a110222010000,003a110222010000,17046.00,PASS
12,random_fullrange_8,59,003b222c18115ee3,003b220111010000,003b220111010000,16219.80,PASS
12,random_fullrange_8,60,003c11386b22ad67,003c110122020000,003c110122020000,16948.80,PASS
12,random_fullrange_8,61,003d22fa97117011,003d220211010000,003d220211010000,16745.80,PASS
12,random_fullrange_8,62,003e11ab482267d7,003e110222010000,003e110222010000,16722.40,PASS
12,random_fullrange_8,63,003f228fda11998a,003f220211020000,003f220211020000,16964.90,PASS
12,random_fullrange_8,64,004011d55122fef0,0040110222020000,0040110222020000,16732.00,PASS
12,random_fullrange_8,65,004122e90b110db1,0041220211010000,0041220211010000,16909.90,PASS
12,random_fullrange_8,66,0042117331225caa,0042110122010000,0042110122010000,16786.70,PASS
12,random_fullrange_8,67,0043226c731161dd,0043220111010000,0043220111010000,16829.70,PASS
12,random_fullrange_8,68,00441133f6227537,0044110122010000,0044110122010000,16745.90,PASS
12,random_fullrange_8,69,0045228a7511ed25,0045220111020000,0045220111020000,16942.70,PASS
12,random_fullrange_8,70,004611ef71225fe1,0046110222010000,0046110222010000,17046.90,PASS
12,random_fullrange_8,71,004722b80f1124ed,0047220211010000,0047220211010000,16928.60,PASS
12,random_fullrange_8,72,004811270e221add,0048110122010000,0048110122010000,16776.30,PASS
12,random_fullrange_8,73,0049220fb0117eee,0049220111020000,0049220111020000,17319.10,PASS
12,random_fullrange_8,74,004a11be062249fb,004a110222010000,004a110222010000,17126.60,PASS
12,random_fullrange_8,75,004b2289d411032e,004b220211010000,004b220211010000,16199.50,PASS
12,random_fullrange_8,76,004c113e68221fe3,004c110122010000,004c110122010000,16823.40,PASS
12,random_fullrange_8,77,004d2202c8119de8,004d220111020000,004d220111020000,16918.40,PASS
12,random_fullrange_8,78,004e11426622dcdf,004e110122020000,004e110122020000,16727.70,PASS
12,random_fullrange_8,79,004f22eb16112b5c,004f220211010000,004f220211010000,16770.90,PASS
12,random_fullrange_8,80,005011ad4f229032,0050110222020000,0050110222020000,16935.70,PASS
12,random_fullrange_8,81,005122073211d364,0051220111020000,0051220111020000,16754.60,PASS
12,random_fullrange_8,82,005211b2b12224e0,0052110222010000,0052110222010000,16958.30,PASS
12,random_fullrange_8,83,005322667911eae4,0053220211020000,0053220211020000,16901.50,PASS
12,random_fullrange_8,84,005411f5072279b3,0054110222020000,0054110222020000,16988.70,PASS
12,random_fullrange_8,85,0055225b48117a59,0055220111010000,0055220111010000,16996.00,PASS
12,random_fullrange_8,86,0056114593229964,0056110122020000,0056110122020000,16815.10,PASS
12,random_fullrange_8,87,00572210c2116b98,0057220111010000,0057220111010000,17181.30,PASS
12,random_fullrange_8,88,005811f97f220e4c,0058110222010000,0058110222010000,16272.40,PASS
12,random_fullrange_8,89,005922a47f118f87,0059220211020000,0059220211020000,16828.50,PASS
12,random_fullrange_8,90,005a11517722f702,005a110122020000,005a110122020000,16866.70,PASS
12,random_fullrange_8,91,005b22d195115e60,005b220211010000,005b220211010000,17248.20,PASS
12,random_fullrange_8,92,005c11c6d2225f1d,005c110222010000,005c110222010000,16728.80,PASS
12,random_fullrange_8,93,005d228de3118329,005d220211010000,005d220211010000,17352.40,PASS
12,random_fullrange_8,94,005e115f5a2233bc,005e110122010000,005e110122010000,16434.50,PASS
12,random_fullrange_8,95,005f22980a11a436,005f220211020000,005f220211020000,16681.80,PASS
12,random_fullrange_8,96,006011d013223b4b,0060110222010000,0060110222010000,16981.80,PASS
12,random_fullrange_8,97,006122427e113694,0061220111010000,0061220111010000,16776.20,PASS
12,random_fullrange_8,98,0062117eac225fec,0062110122010000,0062110122010000,17312.20,PASS
12,random_fullrange_8,99,006322a90c1162ee,0063220211010000,0063220211010000,16498.80,PASS
13,random_fullrange_9,0,000022b84711a616,0000220011000000,0000220011000000,15194.20,PASS
13,random_fullrange_9,1,0001114e6c228348,0001110022000000,0001110022000000,17191.40,PASS
13,random_fullrange_9,2,0002229bca1185d9,0002220011000000,0002220011000000,16949.60,PASS
13,random_fullrange_9,3,000311a22722a4a0,0003110022000000,0003110022000000,16392.30,PASS
13,random_fullrange_9,4,00042252c0112738,0004220011000000,0004220011000000,16746.90,PASS
13,random_fullrange_9,5,0005113fc522e1e0,0005110022000000,0005110022000000,16888.00,PASS
13,random_fullrange_9,6,00062234851196b2,0006220011000000,0006220011000000,16918.70,PASS
13,random_fullrange_9,7,000711a291226cff,0007110022000000,0007110022000000,17651.30,PASS
13,random_fullrange_9,8,00082205b911f3ab,0008220011000000,0008220011000000,16765.80,PASS
13,random_fullrange_9,9,000911ef3822a1bf,0009110022000000,0009110022000000,16148.00,PASS
13,random_fullrange_9,10,000a225c4211fbaf,000a220011000000,000a220011000000,17169.40,PASS
13,random_fullrange_9,11,000b114efe22fa1b,000b110022000000,000b110022000000,16371.80,PASS
13,random_fullrange_9,12,000c22189511e0a9,000c220011000000,000c220011000000,16988.90,PASS
13,random_fullrange_9,13,000d1198ff22313e,000d110022000000,000d110022000000,16852.60,PASS
13,random_fullrange_9,14,000e2213b4118a8c,000e220011000000,000e220011000000,17375.20,PASS
13,random_fullrange_9,15,000f114e932296b9,000f110022000000,000f110022000000,16171.50,PASS
13,random_fullrange_9,16,001022b10211b9e4,0010220011020000,0010220011020000,16815.60,PASS
13,random_fullrange_9,17,00111132ee22ba1a,0011110122000000,0011110122000000,16660.90,PASS
13,random_fullrange_9,18,0012225fa3118de7,0012220111010000,0012220111010000,16934.30,PASS
13,random_fullrange_9,19,0013115f4d22e561,0013110122020000,0013110122020000,16912.40,PASS
13,random_fullrange_9,20,001422550411b973,0014220111020000,0014220111020000,16788.00,PASS
13,random_fullrange_9,21,001511d69222f83d,0015110222020000,0015110222020000,16737.80,PASS
13,random_fullrange_9,22,0016221962116130,0016220111010000,0016220111010000,17003.80,PASS
13,random_fullrange_9,23,0017110e1b2275f8,0017110122010000,0017110122010000,16975.90,PASS
13,random_fullrange_9,24,0018228b15112d1c,0018220211010000,0018220211010000,17016.10,PASS
13,random_fullrange_9,25,0019114f3922ea7d,0019110122020000,0019110122020000,16884.30,PASS
13,random_fullrange_9,26,001a22047c11a4b9,001a220111020000,001a220111020000,16600.00,PASS
13,random_fullrange_9,27,001b1176ea22f549,001b110122020000,001b110122020000,16835.00,PASS
13,random_fullrange_9,28,001c222b0111aff5,001c220111020000,001c220111020000,16833.10,PASS
13,random_fullrange_9,29,001d11b0e522900d,001d110222020000,001d110222020000,16748.60,PASS
13,random_fullrange_9,30,001e22208a113f81,001e220111010000,001e220111010000,16872.50,PASS
13,random_fullrange_9,31,001f11a0f8223ad5,001f110222010000,001f110222010000,16910.20,PASS
13,random_fullrange_9,32,002022e4f2118248,0020220211020000,0020220211020000,16977.90,PASS
13,random_fullrange_9,33,002111c40d22e3e7,0021110222020000,0021110222020000,16940.10,PASS
13,random_fullrange_9,34,00222211c9114689,0022220111010000,0022220111010000,16955.20,PASS
13,random_fullrange_9,35,002311cca7227375,0023110222010000,0023110222010000,16724.90,PASS
13,random_fullrange_9,36,002422eacb11381c,0024220211010000,0024220211010000,16917.60,PASS
13,random_fullrange_9,37,002511f5c922c4e5,0025110222020000,0025110222020000,16971.80,PASS
13,random_fullrange_9,38,002622fd8d114e3a,0026220211010000,0026220211010000,16885.90,PASS
13,random_fullrange_9,39,0027118dfb22496a,0027110222010000,0027110222010000,16759.80,PASS
13,random_fullrange_9,40,002822b833115707,0028220211010000,0028220211010000,17203.00,PASS
13,random_fullrange_9,41,00291173de22aa71,0029110122020000,0029110122020000,17039.70,PASS
13,random_fullrange_9,42,002a22844a1163e5,002a220111010000,002a220111010000,16149.90,PASS
13,random_fullrange_9,43,002b11fa0322584d,002b110222010000,002b110222010000,17342.00,PASS
13,random_fullrange_9,44,002c229be8113b0e,002c220211010000,002c220211010000,16453.20,PASS
13,random_fullrange_9,45,002d11fee0227628,002d110222010000,002d110222010000,16600.10,PASS
13,random_fullrange_9,46,002e226fb011e4bb,002e220111020000,002e220111020000,17427.90,PASS
13,random_fullrange_9,47,002f11318322b0db,002f110122020000,002f110122020000,16333.40,PASS
13,random_fullrange_9,48,003022842211abfd,0030220111020000,0030220111020000,17412.50,PASS
13,random_fullrange_9,49,00311137e1226f3f,0031110122010000,0031110122010000,16716.70,PASS
13,random_fullrange_9,50,00322200eb116ecd,0032220111010000,0032220111010000,16815.30,PASS
13,random_fullrange_9,51,003311774422289b,0033110122010000,0033110122010000,16469.60,PASS
13,random_fullrange_9,52,0034222205115683,0034220111010000,0034220111010000,16603.60,PASS
13,random_fullrange_9,53,003511f52322ffcd,0035110222020000,0035110222020000,16893.60,PASS
13,random_fullrange_9,54,00362282bd1169d3,0036220211010000,0036220211010000,17001.80,PASS
13,random_fullrange_9,55,003711e19322a4eb,0037110222020000,0037110222020000,16791.00,PASS
13,random_fullrange_9,56,003822751d118bed,0038220111010000,0038220111010000,17181.70,PASS
13,random_fullrange_9,57,003911783022cb8d,0039110122020000,0039110122020000,16313.00,PASS
13,random_fullrange_9,58,003a222b311102aa,003a220111010000,003a220111010000,16801.10,PASS
13,random_fullrange_9,59,003b117dbb22d005,003b110122020000,003b110122020000,17314.20,PASS
13,random_fullrange_9,60,003c2245a2116702,003c220111010000,003c220111010000,16395.30,PASS
13,random_fullrange_9,61,003d11b3c022c8ad,003d110222020000,003d110222020000,16775.50,PASS
13,random_fullrange_9,62,003e22dd4111ec9b,003e220211020000,003e220211020000,16596.00,PASS
13,random_fullrange_9,63,003f11d01a22c2cf,003f110222020000,003f110222020000,17017.10,PASS
13,random_fullrange_9,64,004022f84211f006,0040220211020000,0040220211020000,17097.90,PASS
13,random_fullrange_9,65,00411141bd22deb0,0041110122020000,0041110122020000,16642.00,PASS
13,random_fullrange_9,66,004222b10011c4f3,0042220211020000,0042220211020000,16581.90,PASS
13,random_fullrange_9,67,004311028a220a85,0043110122010000,0043110122010000,17358.40,PASS
13,random_fullrange_9,68,004422d11e1106c4,0044220211010000,0044220211010000,16913.10,PASS
13,random_fullrange_9,69,004511ff62222178,0045110222010000,0045110222010000,16689.00,PASS
13,random_fullrange_9,70,004622b6f5116a0f,0046220211010000,0046220211010000,16141.90,PASS
13,random_fullrange_9,71,0047117938221a24,0047110122010000,0047110122010000,17605.70,PASS
13,random_fullrange_9,72,00482207e311f8bc,0048220111020000,0048220111020000,16248.50,PASS
13,random_fullrange_9,73,004911f26a22e5c3,0049110222020000,0049110222020000,16851.90,PASS
13,random_fullrange_9,74,004a2215f0111d46,004a220111010000,004a220111010000,16596.50,PASS
13,random_fullrange_9,75,004b110b8f22c051,004b110122020000,004b110122020000,16905.80,PASS
13,random_fullrange_9,76,004c22e25a111d12,004c220211010000,004c220211010000,17059.00,PASS
13,random_fullrange_9,77,004d111ec3229838,004d110122020000,004d110122020000,16402.10,PASS
13,random_fullrange_9,78,004e22556b11fa3e,004e220111020000,004e220111020000,17186.50,PASS
13,random_fullrange_9,79,004f1136af22c81f,004f110122020000,004f110122020000,16619.90,PASS
13,random_fullrange_9,80,0050221e4511174e,0050220111010000,0050220111010000,17012.40,PASS
13,random_fullrange_9,81,005111038f226c9a,0051110122010000,0051110122010000,16677.80,PASS
13,random_fullrange_9,82,005222f97d111058,0052220211010000,0052220211010000,16821.70,PASS
13,random_fullrange_9,83,005311bd9c223b69,0053110222010000,0053110222010000,16781.40,PASS
13,random_fullrange_9,84,0054224c1311603b,0054220111010000,0054220111010000,17380.40,PASS
13,random_fullrange_9,85,00551108ac227844,0055110122010000,0055110122010000,16169.40,PASS
13,random_fullrange_9,86,0056228ef1117cfc,0056220211020000,0056220211020000,16870.70,PASS
13,random_fullrange_9,87,005711ace6229249,0057110222020000,0057110222020000,16606.10,PASS
13,random_fullrange_9,88,00582296b911b40f,0058220211020000,0058220211020000,16987.30,PASS
13,random_fullrange_9,89,005911c0c8221786,0059110222010000,0059110222010000,17235.10,PASS
13,random_fullrange_9,90,005a22fc48114c74,005a220211010000,005a220211010000,16303.10,PASS
13,random_fullrange_9,91,005b11f70122b86b,005b110222020000,005b110222020000,17506.10,PASS
13,random_fullrange_9,92,005c22dde511b177,005c220211020000,005c220211020000,16199.90,PASS
13,random_fullrange_9,93,005d11617022a11c,005d110122020000,005d110122020000,16781.60,PASS
13,random_fullrange_9,94,005e22492f112576,005e220111010000,005e220111010000,16775.30,PASS
13,random_fullrange_9,95,005f11ed74229a9e,005f110222020000,005f110222020000,16708.70,PASS
13,random_fullrange_9,96,006022019011d4c9,0060220111020000,0060220111020000,17017.20,PASS
13,random_fullrange_9,97,00611129432244d4,0061110122010000,0061110122010000,16660.60,PASS
13,random_fullrange_9,98,006222eb2e11d373,0062220211020000,0062220211020000,16957.60,PASS
13,random_fullrange_9,99,006311032a22c1bb,0063110122020000,0063110122020000,16783.70,PASS
14,random_fullrange_10,0,00001156182251bf,0000110022000000,0000110022000000,14374.00,PASS
14,random_fullrange_10,1,000122f867116edd,0001220011000000,0001220011000000,17083.10,PASS
14,random_fullrange_10,2,000211e83722d84d,0002110022000000,0002110022000000,16875.50,PASS
14,random_fullrange_10,3,0003223732115e5f,0003220011000000,0003220011000000,16849.70,PASS
14,random_fullrange_10,4,000411051f224ead,0004110022000000,0004110022000000,16761.90,PASS
14,random_fullrange_10,5,0005223186110148,0005220011000000,0005220011000000,16870.10,PASS
14,random_fullrange_10,6,00061146c022a1b5,0006110022000000,0006110022000000,16863.60,PASS
14,random_fullrange_10,7,0007227856118e37,0007220011000000,0007220011000000,16754.80,PASS
14,random_fullrange_10,8,000811289a22c529,0008110022000000,0008110022000000,16924.80,PASS
14,random_fullrange_10,9,000922d289111a4d,0009220011000000,0009220011000000,17000.20,PASS
14,random_fullrange_10,10,000a11b4e322426d,000a110022000000,000a110022000000,16814.20,PASS
14,random_fullrange_10,11,000b222684119e76,000b220011000000,000b220011000000,16828.10,PASS
14,random_fullrange_10,12,000c112c5e2212af,000c110022000000,000c110022000000,16931.50,PASS
14,random_fullrange_10,13,000d2243fe1119c4,000d220011000000,000d220011000000,17253.00,PASS
14,random_fullrange_10,14,000e1156742267e7,000e110022000000,000e110022000000,16337.50,PASS
14,random_fullrange_10,15,000f2210b0110a39,000f220011000000,000f220011000000,16866.60,PASS
14,random_fullrange_10,16,00101133c622bcf4,0010110022020000,0010110022020000,16773.10,PASS
14,random_fullrange_10,17,00112273c211e4af,0011220211020000,0011220211020000,17073.40,PASS
14,random_fullrange_10,18,001211399d22f795,0012110122020000,0012110122020000,16783.20,PASS
14,random_fullrange_10,19,001322c298118277,0013220211020000,0013220211020000,16839.70,PASS
14,random_fullrange_10,20,001411851e2236da,0014110222010000,0014110222010000,16859.80,PASS
14,random_fullrange_10,21,001522de6f1113ff,0015220211010000,0015220211010000,16775.70,PASS
14,random_fullrange_10,22,001611f706223d22,0016110222010000,0016110222010000,16906.90,PASS
14,random_fullrange_10,23,0017223a011184bf,0017220111020000,0017220111020000,16914.00,PASS
14,random_fullrange_10,24,0018119393223f89,0018110222010000,0018110222010000,16913.00,PASS
14,random_fullrange_10,25,001922900011f338,0019220211020000,0019220211020000,16860.70,PASS
14,random_fullrange_10,26,001a11fbb722dfaa,001a110222020000,001a110222020000,16960.10,PASS
14,random_fullrange_10,27,001b2297791174c6,001b220211010000,001b220211010000,16816.20,PASS
14,random_fullrange_10,28,001c11cc3722d090,001c110222020000,001c110222020000,16911.80,PASS
14,random_fullrange_10,29,001d2257a811dad8,001d220111020000,001d220111020000,16746.60,PASS
14,random_fullrange_10,30,001e112e8e22c687,001e110122020000,001e110122020000,16816.30,PASS
14,random_fullrange_10,31,001f22e592110805,001f220211010000,001f220211010000,16786.50,PASS
14,random_fullrange_10,32,002011c056225063,0020110222010000,0020110222010000,16935.90,PASS
14,random_fullrange_10,33,002122680d11d203,0021220111020000,0021220111020000,16886.80,PASS
14,random_fullrange_10,34,0022112ca422e762,0022110122020000,0022110122020000,16954.90,PASS
14,random_fullrange_10,35,002322df3011e025,0023220211020000,0023220211020000,16777.70,PASS
14,random_fullrange_10,36,00241164f822ac7e,0024110122020000,0024110122020000,16800.70,PASS
14,random_fullrange_10,37,002522c14a117cfc,0025220211010000,0025220211010000,16848.70,PASS
14,random_fullrange_10,38,0026112c2022961c,0026110122010000,0026110122010000,16933.30,PASS
14,random_fullrange_10,39,002722562c11274e,0027220111010000,0027220111010000,16740.90,PASS
14,random_fullrange_10,40,0028111536221ab6,0028110122010000,0028110122010000,16859.20,PASS
14,random_fullrange_10,41,0029226f8b1186b6,0029220111020000,0029220111020000,16934.40,PASS
14,random_fullrange_10,42,002a11f08722e917,002a110222020000,002a110222020000,16847.10,PASS
14,random_fullrange_10,43,002b22752f1115af,002b220111010000,002b220111010000,16970.40,PASS
14,random_fullrange_10,44,002c11c3832274f3,002c110222010000,002c110222010000,16808.00,PASS
14,random_fullrange_10,45,002d222025112138,002d220111010000,002d220111010000,16732.80,PASS
14,random_fullrange_10,46,002e117ba922dcac,002e110222020000,002e110222020000,16987.60,PASS
14,random_fullrange_10,47,002f226a1f114bc6,002f220111010000,002f220111010000,16854.50,PASS
14,random_fullrange_10,48,003011fc02226c0f,0030110222010000,0030110222010000,16825.40,PASS
14,random_fullrange_10,49,003122d6b011ccd8,0031220211020000,0031220211020000,17052.20,PASS
14,random_fullrange_10,50,003211e31f22cba4,0032110222020000,0032110222020000,16731.50,PASS
14,random_fullrange_10,51,003322253a11fbea,0033220111020000,0033220111020000,16979.50,PASS
14,random_fullrange_10,52,003411ff6a220867,0034110222010000,0034110222010000,16857.90,PASS
14,random_fullrange_10,53,003522a418117b59,0035220211010000,0035220211010000,17233.10,PASS
14,random_fullrange_10,54,003611dcd422debb,0036110222020000,0036110222020000,16407.80,PASS
14,random_fullrange_10,55,00372276c6112595,0037220111010000,0037220111010000,16875.00,PASS
14,random_fullrange_10,56,00381153c72286c5,0038110122020000,0038110122020000,16964.30,PASS
14,random_fullrange_10,57,0039221c9e116e6f,0039220111010000,0039220111010000,16854.20,PASS
14,random_fullrange_10,58,003a11d96b22ef8a,003a110222020000,003a110222020000,16810.20,PASS
14,random_fullrange_10,59,003b22a02a11e20f,003b220211020000,003b220211020000,16896.00,PASS
14,random_fullrange_10,60,003c11666422253a,003c110122010000,003c110122010000,16958.40,PASS
14,random_fullrange_10,61,003d22e10011bf60,003d220211020000,003d220211020000,16789.00,PASS
14,random_fullrange_10,62,003e11e5232213da,003e110222010000,003e110222010000,16874.50,PASS
14,random_fullrange_10,63,003f2299cd112ae6,003f220211010000,003f220211010000,16877.70,PASS
14,random_fullrange_10,64,0040117385224cff,0040110122010000,0040110122010000,16869.50,PASS
14,random_fullrange_10,65,004122ecd1118c22,0041220211010000,0041220211010000,16951.30,PASS
14,random_fullrange_10,66,004211b087220b42,0042110222010000,0042110222010000,16827.80,PASS
14,random_fullrange_10,67,004322adf9113bce,0043220211010000,0043220211010000,16742.50,PASS
14,random_fullrange_10,68,0044119acd22504d,0044110222010000,0044110222010000,16959.50,PASS
14,random_fullrange_10,69,0045222ec811679d,0045220111010000,0045220111010000,16956.60,PASS
14,random_fullrange_10,70,0046118cc7225f4b,0046110222010000,0046110222010000,16868.50,PASS
14,random_fullrange_10,71,004722395b1193d8,0047220111020000,0047220111020000,16844.80,PASS
14,random_fullrange_10,72,004811b9f522a557,0048110222020000,0048110222020000,16880.80,PASS
14,random_fullrange_10,73,004922c0f61153c7,0049220211010000,0049220211010000,16836.70,PASS
14,random_fullrange_10,74,004a115eec2294c8,004a110122020000,004a110122020000,16959.40,PASS
14,random_fullrange_10,75,004b22075311d844,004b220111020000,004b220111020000,16843.40,PASS
14,random_fullrange_10,76,004c11763e22e0a7,004c110122020000,004c110122020000,17588.60,PASS
14,random_fullrange_10,77,004d22795b11e50f,004d220211020000,004d220211020000,16208.00,PASS
14,random_fullrange_10,78,004e11165e22db3d,004e110122020000,004e110122020000,16800.30,PASS
14,random_fullrange_10,79,004f22040c1132db,004f220111010000,004f220111010000,16918.30,PASS
14,random_fullrange_10,80,0050116e5322aa1c,0050110122020000,0050110122020000,16662.40,PASS
14,random_fullrange_10,81,00512244ed11e12a,0051220111020000,0051220111020000,16804.80,PASS
14,random_fullrange_10,82,0052110f00227d96,0052110122020000,0052110122020000,16866.10,PASS
14,random_fullrange_10,83,00532216dc114a65,0053220111010000,0053220111010000,17494.50,PASS
14,random_fullrange_10,84,0054114aab226377,0054110122010000,0054110122010000,16728.20,PASS
14,random_fullrange_10,85,00552286f51106dd,0055220211010000,0055220211010000,16595.70,PASS
14,random_fullrange_10,86,0056112a0922b8c9,0056110122020000,0056110122020000,16360.10,PASS
14,random_fullrange_10,87,005722a5991194bc,0057220211020000,0057220211020000,16868.90,PASS
14,random_fullrange_10,88,00581148ea22a1f9,0058110122020000,0058110122020000,17067.20,PASS
14,random_fullrange_10,89,0059229eeb1103b8,0059220211010000,0059220211010000,16693.40,PASS
14,random_fullrange_10,90,005a114c08223a47,005a110122010000,005a110122010000,16894.10,PASS
14,random_fullrange_10,91,005b22bde711a254,005b220211020000,005b220211020000,16437.50,PASS
14,random_fullrange_10,92,005c113d1d227860,005c110122010000,005c110122010000,17104.10,PASS
14,random_fullrange_10,93,005d220d4c110f1d,005d220111010000,005d220111010000,16716.80,PASS
14,random_fullrange_10,94,005e1180ef22894e,005e110222020000,005e110222020000,17407.00,PASS
14,random_fullrange_10,95,005f22b6ab118be1,005f220211020000,005f220211020000,16579.10,PASS
14,random_fullrange_10,96,006011495d22a449,0060110122020000,0060110122020000,16393.30,PASS
14,random_fullrange_10,97,006122f5e7115526,0061220211020000,0061220211020000,16987.90,PASS
14,random_fullrange_10,98,0062112e4522d88d,0062110122020000,0062110122020000,16843.10,PASS
14,random_fullrange_10,99,006322f4961188ab,0063220211020000,0063220211020000,16596.60,PASS
15,random_fullrange_11,0,0000222b4d114a3e,0000220011000000,0000220011000000,17676.10,PASS
15,random_fullrange_11,1,0001111963224fd4,0001110022000000,0001110022000000,16755.30,PASS
15,random_fullrange_11,2,000222da0e115919,0002220011000000,0002220011000000,17615.10,PASS
15,random_fullrange_11,3,0003110f662210ca,0003110022000000,0003110022000000,16702.00,PASS
15,random_fullrange_11,4,000422c86c11cd45,0004220011000000,0004220011000000,16455.40,PASS
15,random_fullrange_11,5,000511b25f22d6f3,0005110022000000,0005110022000000,16879.20,PASS
15,random_fullrange_11,6,0006226cef110241,0006220011000000,0006220011000000,17493.40,PASS
15,random_fullrange_11,7,000711291f22c79a,0007110022000000,0007110022000000,16288.20,PASS
15,random_fullrange_11,8,0008223938116463,0008220011000000,0008220011000000,16927.10,PASS
15,random_fullrange_11,9,00091177252221f4,0009110022000000,0009110022000000,16607.20,PASS
15,random_fullrange_11,10,000a223069112138,000a220011000000,000a220011000000,16614.10,PASS
15,random_fullrange_11,11,000b114c8e2224f7,000b110022000000,000b110022000000,16889.80,PASS
15,random_fullrange_11,12,000c22f0f9119a33,000c220011000000,000c220011000000,16890.70,PASS
15,random_fullrange_11,13,000d11078c222c45,000d110022000000,000d110022000000,16793.70,PASS
15,random_fullrange_11,14,000e225d8a11958b,000e220011000000,000e220011000000,16909.50,PASS
15,random_fullrange_11,15,000f11c4be226984,000f110022000000,000f110022000000,16990.00,PASS
15,random_fullrange_11,16,0010225061116ed1,0010220011000000,0010220011000000,16905.90,PASS
15,random_fullrange_11,17,0011112595221a2f,0011110122000000,0011110122000000,16554.20,PASS
15,random_fullrange_11,18,0012224332119ac6,0012220011020000,0012220011020000,17369.70,PASS
15,random_fullrange_11,19,001311cd2d2259d7,0013110222000000,0013110222000000,16664.40,PASS
15,random_fullrange_11,20,001422a932111e4d,0014220211010000,0014220211010000,16851.10,PASS
15,random_fullrange_11,21,001511d44622dbf9,0015110222020000,0015110222020000,16335.00,PASS
15,random_fullrange_11,22,001622de11115a6b,0016220211010000,0016220211010000,16741.70,PASS
15,random_fullrange_11,23,001711c51822581a,0017110222010000,0017110222010000,16971.60,PASS
15,random_fullrange_11,24,001822aa4011767a,0018220211020000,0018220211020000,16749.60,PASS
15,random_fullrange_11,25,0019115da522cc6e,0019110122020000,0019110122020000,16780.50,PASS
15,random_fullrange_11,26,001a22fa2d117609,001a220211010000,001a220211010000,16899.80,PASS
15,random_fullrange_11,27,001b11e01f2206de,001b110222010000,001b110222010000,16845.70,PASS
15,random_fullrange_11,28,001c22b7711192bb,001c220211020000,001c220211020000,17055.10,PASS
15,random_fullrange_11,29,001d11a2d7225bac,001d110222010000,001d110222010000,16889.60,PASS
15,random_fullrange_11,30,001e22c047110f1d,001e220211010000,001e220211010000,17331.90,PASS
15,random_fullrange_11,31,001f11f70322ed97,001f110222020000,001f110222020000,16998.70,PASS
15,random_fullrange_11,32,00202278d01157fb,0020220111010000,0020220111010000,16700.10,PASS
15,random_fullrange_11,33,0021119c6922a57b,0021110222020000,0021110222020000,16456.70,PASS
15,random_fullrange_11,34,002222b26011935f,0022220211020000,0022220211020000,16511.20,PASS
15,random_fullrange_11,35,002311e4bb22989b,0023110222010000,0023110222010000,16792.10,PASS
15,random_fullrange_11,36,002422ea6c111771,0024220211010000,0024220211010000,16937.60,PASS
15,random_fullrange_11,37,0025117530221f3e,0025110122010000,0025110122010000,16914.50,PASS
15,random_fullrange_11,38,0026228f6211d5ab,0026220111020000,0026220111020000,17310.50,PASS
15,random_fullrange_11,39,0027116ec822ac54,0027110122020000,0027110122020000,16140.40,PASS
15,random_fullrange_11,40,002822dd40110ebe,0028220211010000,0028220211010000,17468.30,PASS
15,random_fullrange_11,41,002911ca4422f83c,0029110222020000,0029110222020000,16249.50,PASS
15,random_fullrange_11,42,002a22485e11139c,002a220111010000,002a220111010000,16833.80,PASS
15,random_fullrange_11,43,002b11afe522d6fd,002b110222020000,002b110222020000,16880.20,PASS
15,random_fullrange_11,44,002c22d31411e2ec,002c220211020000,002c220211020000,16580.30,PASS
15,random_fullrange_11,45,002d11d63b2287c3,002d110222010000,002d110222010000,16878.00,PASS
15,random_fullrange_11,46,002e22e651117023,002e220211010000,002e220211010000,17466.50,PASS
15,random_fullrange_11,47,002f118a31228232,002f110222010000,002f110222010000,16228.30,PASS
15,random_fullrange_11,48,003022809611723e,0030220111010000,0030220111010000,16949.10,PASS
15,random_fullrange_11,49,003111cce9221832,0031110222010000,0031110222010000,16677.90,PASS
15,random_fullrange_11,50,00322217f2110122,0032220111010000,0032220111010000,16751.60,PASS
15,random_fullrange_11,51,003311847922ca94,0033110222020000,0033110222020000,16898.80,PASS
15,random_fullrange_11,52,003422fc8d117232,0034220211010000,0034220211010000,17384.10,PASS
15,random_fullrange_11,53,003511f13c226496,0035110222010000,0035110222010000,16720.10,PASS
15,random_fullrange_11,54,003622c6a6119ae3,0036220211020000,0036220211020000,16361.10,PASS
15,random_fullrange_11,55,00371150d72219a6,0037110122010000,0037110122010000,16572.40,PASS
15,random_fullrange_11,56,003822978011a167,0038220211020000,0038220211020000,16808.60,PASS
15,random_fullrange_11,57,003911e8f122c474,0039110222020000,0039110222020000,17749.90,PASS
15,random_fullrange_11,58,003a223d6211246c,003a220111010000,003a220111010000,16120.70,PASS
15,random_fullrange_11,59,003b1132fe2222d2,003b110122010000,003b110122010000,16767.00,PASS
15,random_fullrange_11,60,003c22a3c111618f,003c220211010000,003c220211010000,16724.40,PASS
15,random_fullrange_11,61,003d11035b221b48,003d110122010000,003d110122010000,16948.20,PASS
15,random_fullrange_11,62,003e2286af11b4c6,003e220211020000,003e220211020000,16813.50,PASS
15,random_fullrange_11,63,003f11b1b622d04f,003f110222020000,003f110222020000,16890.00,PASS
15,random_fullrange_11,64,004022931a11f205,0040220211020000,0040220211020000,16795.30,PASS
15,random_fullrange_11,65,004111b361223d53,0041110222010000,0041110222010000,16887.20,PASS
15,random_fullrange_11,66,0042221c05115716,0042220111010000,0042220111010000,16893.20,PASS
15,random_fullrange_11,67,004311a81622b638,0043110222020000,0043110222020000,16876.30,PASS
15,random_fullrange_11,68,004422c5c011ae44,0044220211020000,0044220211020000,17165.80,PASS
15,random_fullrange_11,69,0045117831223610,0045110122010000,0045110122010000,16578.00,PASS
15,random_fullrange_11,70,004622cade117d84,0046220211010000,0046220211010000,16597.90,PASS
15,random_fullrange_11,71,004711b761225fc1,0047110222010000,0047110222010000,16837.20,PASS
15,random_fullrange_11,72,0048223fce112c95,0048220111010000,0048220111010000,16864.30,PASS
15,random_fullrange_11,73,0049119afb22c44b,0049110222020000,0049110222020000,17403.60,PASS
15,random_fullrange_11,74,004a2237341112a1,004a220111010000,004a220111010000,16205.50,PASS
15,random_fullrange_11,75,004b11af8322090e,004b110222010000,004b110222010000,16698.20,PASS
15,random_fullrange_11,76,004c22319d11cfc3,004c220111020000,004c220111020000,16823.50,PASS
15,random_fullrange_11,77,004d11c02c223ed2,004d110222010000,004d110222010000,16819.70,PASS
15,random_fullrange_11,78,004e22f7c0115492,004e220211010000,004e220211010000,16849.50,PASS
15,random_fullrange_11,79,004f11312822f8f4,004f110122020000,004f110122020000,16869.10,PASS
15,random_fullrange_11,80,005022077511fe3b,0050220111020000,0050220111020000,16941.80,PASS
15,random_fullrange_11,81,005111327c224ed7,0051110122010000,0051110122010000,17041.30,PASS
15,random_fullrange_11,82,005222881b11b70e,0052220211020000,0052220211020000,16848.10,PASS
15,random_fullrange_11,83,005311646322fdcc,0053110122020000,0053110122020000,17146.10,PASS
15,random_fullrange_11,84,005422ecba114252,0054220211010000,0054220211010000,16233.00,PASS
15,random_fullrange_11,85,005511eb7222a507,0055110222020000,0055110222020000,17006.70,PASS
15,random_fullrange_11,86,005622ab2f11addd,0056220211020000,0056220211020000,16725.00,PASS
15,random_fullrange_11,87,005711b30a22d3e4,0057110222020000,0057110222020000,16813.40,PASS
15,random_fullrange_11,88,005822e9f511c42c,0058220211020000,0058220211020000,16959.50,PASS
15,random_fullrange_11,89,0059110125228445,0059110122010000,0059110122010000,16673.30,PASS
15,random_fullrange_11,90,005a2265a011f5d7,005a220111020000,005a220111020000,16809.10,PASS
15,random_fullrange_11,91,005b11a6e6221841,005b110222010000,005b110222010000,17018.40,PASS
15,random_fullrange_11,92,005c2242ad11f076,005c220111020000,005c220111020000,16791.50,PASS
15,random_fullrange_11,93,005d11ee542298de,005d110222010000,005d110222010000,17033.20,PASS
15,random_fullrange_11,94,005e22903011f4bf,005e220111020000,005e220111020000,16864.30,PASS
15,random_fullrange_11,95,005f1143a9220585,005f110122010000,005f110122010000,17550.50,PASS
15,random_fullrange_11,96,006022559811004a,0060220111010000,0060220111010000,16217.20,PASS
15,random_fullrange_11,97,00611131f9228c6c,0061110122010000,0061110122010000,17439.30,PASS
15,random_fullrange_11,98,0062228a5d11c09c,0062220111020000,0062220111020000,16217.90,PASS
15,random_fullrange_11,99,006311d88b22e08a,0063110222020000,0063110222020000,16883.90,PASS
16,random_fullrange_12,0,000011ecde22f9e2,0000110022000000,0000110022000000,16202.00,PASS
16,random_fullrange_12,1,000122d60d1100fa,0001220011000000,0001220011000000,17032.50,PASS
16,random_fullrange_12,2,0002117ef0228542,0002110022000000,0002110022000000,16639.60,PASS
16,random_fullrange_12,3,00032249e1113f7c,0003220011000000,0003220011000000,16962.60,PASS
16,random_fullrange_12,4,000411737b2257d0,0004110022000000,0004110022000000,16817.70,PASS
16,random_fullrange_12,5,0005228da7118aab,0005220011000000,0005220011000000,17121.10,PASS
16,random_fullrange_12,6,0006118cf0223b86,0006110022000000,0006110022000000,16486.10,PASS
16,random_fullrange_12,7,0007224a64113215,0007220011000000,0007220011000000,16545.30,PASS
16,random_fullrange_12,8,00081149f422dc79,0008110022000000,0008110022000000,16900.90,PASS
16,random_fullrange_12,9,00092205d511a7c5,0009220011000000,0009220011000000,16721.90,PASS
16,random_fullrange_12,10,000a11c1f8226094,000a110022000000,000a110022000000,16778.20,PASS
16,random_fullrange_12,11,000b222fd811288d,000b220011000000,000b220011000000,16889.00,PASS
16,random_fullrange_12,12,000c11e59d226b7d,000c110022000000,000c110022000000,17174.40,PASS
16,random_fullrange_12,13,000d22680211a004,000d220011000000,000d220011000000,16443.50,PASS
16,random_fullrange_12,14,000e11cf1b22f1d5,000e110022000000,000e110022000000,17387.30,PASS
16,random_fullrange_12,15,000f22d67f117099,000f220011000000,000f220011000000,16961.70,PASS
16,random_fullrange_12,16,001011bce02274f5,0010110222010000,0010110222010000,16143.00,PASS
16,random_fullrange_12,17,00112201ac1183e3,0011220111010000,0011220111010000,16984.30,PASS
16,random_fullrange_12,18,001211df3c228760,0012110222020000,0012110222020000,17333.60,PASS
16,random_fullrange_12,19,001322d71b1152da,0013220211010000,0013220211010000,16222.70,PASS
16,random_fullrange_12,20,001411dfd522d465,0014110222020000,0014110222020000,16652.70,PASS
16,random_fullrange_12,21,0015226b0911ad4c,0015220111020000,0015220111020000,17062.70,PASS
16,random_fullrange_12,22,0016117af222523b,0016110122010000,0016110122010000,17234.80,PASS
16,random_fullrange_12,23,001722a8d9115f42,0017220211010000,0017220211010000,16299.40,PASS
16,random_fullrange_12,24,001811e32c22cffa,0018110222020000,0018110222020000,16901.50,PASS
16,random_fullrange_12,25,001922dd6d115b40,0019220211010000,0019220211010000,17233.10,PASS
16,random_fullrange_12,26,001a1118a322c20b,001a110122020000,001a110122020000,16760.30,PASS
16,random_fullrange_12,27,001b22057d11afa5,001b220111020000,001b220111020000,16602.70,PASS
16,random_fullrange_12,28,001c115903221198,001c110122010000,001c110122010000,16480.90,PASS
16,random_fullrange_12,29,001d22190e1129ee,001d220111010000,001d220111010000,16946.30,PASS
16,random_fullrange_12,30,001e119e12223ac5,001e110222010000,001e110222010000,17449.00,PASS
16,random_fullrange_12,31,001f22b45f11f9c4,001f220211020000,001f220211020000,16546.70,PASS
16,random_fullrange_12,32,002011346c228e57,0020110122020000,0020110122020000,16474.80,PASS
16,random_fullrange_12,33,0021222984112b3f,0021220111010000,0021220111010000,16708.60,PASS
16,random_fullrange_12,34,002211e14822c061,0022110222020000,0022110222020000,16801.90,PASS
16,random_fullrange_12,35,00232283a6116f0b,0023220211010000,0023220211010000,16984.00,PASS
16,random_fullrange_12,36,002411fa5b223cff,0024110222010000,0024110222010000,16713.70,PASS
16,random_fullrange_12,37,002522f0d8110336,0025220211010000,0025220211010000,16755.80,PASS
16,random_fullrange_12,38,002611f4bd22e0a9,0026110222020000,0026110222020000,16938.00,PASS
16,random_fullrange_12,39,0027220974119d8b,0027220111020000,0027220111020000,16558.60,PASS
16,random_fullrange_12,40,002811153322747d,0028110122020000,0028110122020000,16989.50,PASS
16,random_fullrange_12,41,0029226a26114deb,0029220111010000,0029220111010000,16794.40,PASS
16,random_fullrange_12,42,002a1152af220c60,002a110122010000,002a110122010000,16910.60,PASS
16,random_fullrange_12,43,002b22848a119a17,002b220211020000,002b220211020000,16720.20,PASS
16,random_fullrange_12,44,002c116e792287d3,002c110122020000,002c110122020000,17109.40,PASS
16,random_fullrange_12,45,002d226e86119744,002d220111020000,002d220111020000,16656.30,PASS
16,random_fullrange_12,46,002e1177a622c349,002e110122020000,002e110122020000,16924.10,PASS
16,random_fullrange_12,47,002f22887611374f,002f220211010000,002f220211010000,16568.30,PASS
16,random_fullrange_12,48,003011676c22e75b,0030110122020000,0030110122020000,17019.50,PASS
16,random_fullrange_12,49,0031223a5011e756,0031220111020000,0031220111020000,17018.40,PASS
16,random_fullrange_12,50,0032119e91222983,0032110222010000,0032110222010000,16568.30,PASS
16,random_fullrange_12,51,003322c86a1138bd,0033220211010000,0033220211010000,16821.60,PASS
16,random_fullrange_12,52,0034117bf8225df8,0034110222010000,0034110222010000,16691.70,PASS
16,random_fullrange_12,53,0035226d55115c52,0035220111010000,0035220111010000,16854.50,PASS
16,random_fullrange_12,54,00361191c822f807,0036110222020000,0036110222020000,16742.00,PASS
16,random_fullrange_12,55,003722533f1158f8,0037220111010000,0037220111010000,17084.70,PASS
16,random_fullrange_12,56,003811e48b220d62,0038110222010000,0038110222010000,16881.30,PASS
16,random_fullrange_12,57,0039229b8b113de9,0039220211010000,0039220211010000,16713.50,PASS
16,random_fullrange_12,58,003a11d68422e811,003a110222020000,003a110222020000,16873.20,PASS
16,random_fullrange_12,59,003b220f2711d53c,003b220111020000,003b220111020000,16871.30,PASS
16,random_fullrange_12,60,003c11d8a722f0c0,003c110222020000,003c110222020000,17036.60,PASS
16,random_fullrange_12,61,003d22fa731104b9,003d220211010000,003d220211010000,16624.70,PASS
16,random_fullrange_12,62,003e11cf2222ff5a,003e110222020000,003e110222020000,16948.60,PASS
16,random_fullrange_12,63,003f22c29f11e123,003f220211020000,003f220211020000,16757.30,PASS
16,random_fullrange_12,64,00401105b822c5a4,0040110122020000,0040110122020000,16711.90,PASS
16,random_fullrange_12,65,0041228482114ad6,0041220111010000,0041220111010000,16966.30,PASS
16,random_fullrange_12,66,00421150b52279f2,0042110122010000,0042110122010000,16741.00,PASS
16,random_fullrange_12,67,0043226e82118467,0043220111020000,0043220111020000,16904.60,PASS
16,random_fullrange_12,68,004411a8472209c5,0044110222010000,0044110222010000,16608.20,PASS
16,random_fullrange_12,69,004522b8d21104a2,0045220211010000,0045220211010000,16788.30,PASS
16,random_fullrange_12,70,0046116e8522c8fb,0046110122020000,0046110122020000,16896.40,PASS
16,random_fullrange_12,71,004722cd5d11b79d,0047220211020000,0047220211020000,17047.50,PASS
16,random_fullrange_12,72,004811d37222c35f,0048110222020000,0048110222020000,16693.00,PASS
16,random_fullrange_12,73,004922591711e596,0049220111020000,0049220111020000,16758.10,PASS
16,random_fullrange_12,74,004a11be302278bf,004a110222010000,004a110222010000,17000.90,PASS
16,random_fullrange_12,75,004b224292113ccc,004b220111010000,004b220111010000,16582.40,PASS
16,random_fullrange_12,76,004c11417c228426,004c110122010000,004c110122010000,16751.20,PASS
16,random_fullrange_12,77,004d223c0211ba32,004d220111020000,004d220111020000,17061.50,PASS
16,random_fullrange_12,78,004e1108e222d403,004e110122020000,004e110122020000,16910.80,PASS
16,random_fullrange_12,79,004f227b77119324,004f220111020000,004f220111020000,16520.70,PASS
16,random_fullrange_12,80,00501147f222ea85,0050110122020000,0050110122020000,16892.90,PASS
16,random_fullrange_12,81,005122cac211c867,0051220211020000,0051220211020000,16907.70,PASS
16,random_fullrange_12,82,0052118d4622abf7,0052110222020000,0052110222020000,16561.00,PASS
16,random_fullrange_12,83,0053223ac2114ff2,0053220111010000,0053220111010000,16805.90,PASS
16,random_fullrange_12,84,005411ea70223602,0054110222010000,0054110222010000,16831.30,PASS
16,random_fullrange_12,85,005522432b11eb45,0055220111020000,0055220111020000,16855.70,PASS
16,random_fullrange_12,86,0056115ae122facc,0056110122020000,0056110122020000,16816.80,PASS
16,random_fullrange_12,87,005722be3a11320d,0057220211010000,0057220211010000,16937.10,PASS
16,random_fullrange_12,88,00581109e5228c13,0058110122020000,0058110122020000,17096.60,PASS
16,random_fullrange_12,89,005922f9b61184da,0059220211020000,0059220211020000,16743.90,PASS
16,random_fullrange_12,90,005a1162ed22c76e,005a110122020000,005a110122020000,17401.80,PASS
16,random_fullrange_12,91,005b227089119bb9,005b220111020000,005b220111020000,16338.40,PASS
16,random_fullrange_12,92,005c112b2322628b,005c110122010000,005c110122010000,17585.40,PASS
16,random_fullrange_12,93,005d2247251147d6,005d220111010000,005d220111010000,16207.40,PASS
16,random_fullrange_12,94,005e11dcdc226478,005e110222010000,005e110222010000,16982.80,PASS
16,random_fullrange_12,95,005f22db2b11aaac,005f220211020000,005f220211020000,17236.40,PASS
16,random_fullrange_12,96,006011f151221617,0060110222010000,0060110222010000,16040.20,PASS
16,random_fullrange_12,97,006122ef2e114365,0061220211010000,0061220211010000,16781.40,PASS
16,random_fullrange_12,98,006211bc4c22536d,0062110222010000,0062110222010000,16770.10,PASS
16,random_fullrange_12,99,00632288151148b5,0063220111010000,0063220111010000,16910.40,PASS
17,random_fullrange_13,0,000022702911390d,0000220011000000,0000220011000000,11654.60,PASS
17,random_fullrange_13,1,000111c5352237d8,0001110022000000,0001110022000000,17006.30,PASS
17,random_fullrange_13,2,000222407e112ad1,0002220011000000,0002220011000000,17032.50,PASS
17,random_fullrange_13,3,000311f7ac22affd,0003110022000000,0003110022000000,17400.80,PASS
17,random_fullrange_13,4,0004220808117f3f,0004220011000000,0004220011000000,16814.30,PASS
17,random_fullrange_13,5,00051180e122e75a,0005110022000000,0005110022000000,16725.10,PASS
17,random_fullrange_13,6,00062259d9114333,0006220011000000,0006220011000000,16491.30,PASS
17,random_fullrange_13,7,0007119ef7223041,0007110022000000,0007110022000000,16444.50,PASS
17,random_fullrange_13,8,00082281fc11ef0e,0008220011000000,0008220011000000,17030.80,PASS
17,random_fullrange_13,9,000911ea7b22e4d9,0009110022000000,0009110022000000,17266.80,PASS
17,random_fullrange_13,10,000a22015b113ba2,000a220011000000,000a220011000000,16976.20,PASS
17,random_fullrange_13,11,000b1175082215b9,000b110022000000,000b110022000000,16341.80,PASS
17,random_fullrange_13,12,000c22143311401b,000c220011000000,000c220011000000,16916.90,PASS
17,random_fullrange_13,13,000d1197f5227a11,000d110022000000,000d110022000000,17060.30,PASS
17,random_fullrange_13,14,000e22a756112ad4,000e220011000000,000e220011000000,16323.70,PASS
17,random_fullrange_13,15,000f112573229383,000f110022000000,000f110022000000,16720.40,PASS
17,random_fullrange_13,16,00102265071161cf,0010220011000000,0010220011000000,16822.30,PASS
17,random_fullrange_13,17,00111149c5225572,0011110022010000,0011110022010000,16876.60,PASS
17,random_fullrange_13,18,00122205db111ec9,0012220111000000,0012220111000000,16756.50,PASS
17,random_fullrange_13,19,00131184cf2280ca,0013110222020000,0013110222020000,16825.70,PASS
17,random_fullrange_13,20,0014224d5011dc53,0014220111020000,0014220111020000,16722.20,PASS
17,random_fullrange_13,21,001511fa0a221608,0015110222010000,0015110222010000,17011.40,PASS
17,random_fullrange_13,22,00162241161174a0,0016220111010000,0016220111010000,16856.20,PASS
17,random_fullrange_13,23,0017117bef22f83d,0017110122020000,0017110122020000,16842.70,PASS
17,random_fullrange_13,24,001822661011c909,0018220211020000,0018220211020000,17227.10,PASS
17,random_fullrange_13,25,00191178282248d2,0019110222010000,0019110222010000,17095.20,PASS
17,random_fullrange_13,26,001a22b9b111a0d9,001a220211020000,001a220211020000,16483.00,PASS
17,random_fullrange_13,27,001b116ee0221e56,001b110122010000,001b110122010000,16721.50,PASS
17,random_fullrange_13,28,001c229c0a11faf2,001c220211020000,001c220211020000,17454.70,PASS
17,random_fullrange_13,29,001d11ec61224cb1,001d110222010000,001d110222010000,16563.20,PASS
17,random_fullrange_13,30,001e2283e311d8bd,001e220211020000,001e220211020000,16916.50,PASS
17,random_fullrange_13,31,001f111725229e4c,001f110122020000,001f110122020000,16350.70,PASS
17,random_fullrange_13,32,002022dcd911470e,0020220211010000,0020220211010000,16797.00,PASS
17,random_fullrange_13,33,00211153922212c5,0021110122010000,0021110122010000,16818.20,PASS
17,random_fullrange_13,34,0022220f7f11d7b2,0022220111020000,0022220111020000,17479.00,PASS
17,random_fullrange_13,35,002311c7da22e036,0023110222020000,0023110222020000,16431.40,PASS
17,random_fullrange_13,36,0024228bad11cc30,0024220211020000,0024220211020000,17411.70,PASS
17,random_fullrange_13,37,0025117d6a22f538,0025110122020000,0025110122020000,16482.30,PASS
17,random_fullrange_13,38,00262205eb11faae,0026220111020000,0026220111020000,16578.00,PASS
17,random_fullrange_13,39,002711a4c9227fbe,0027110222020000,0027110222020000,16715.20,PASS
17,random_fullrange_13,40,002822ce9d119535,0028220211010000,0028220211010000,16923.90,PASS
17,random_fullrange_13,41,002911db88221198,0029110222010000,0029110222010000,16772.10,PASS
17,random_fullrange_13,42,002a228d3d11402f,002a220211010000,002a220211010000,16770.80,PASS
17,random_fullrange_13,43,002b1165c8222e2b,002b110122010000,002b110122010000,17485.10,PASS
17,random_fullrange_13,44,002c22e9fe11909c,002c220211010000,002c220211010000,16286.90,PASS
17,random_fullrange_13,45,002d1169082294c4,002d110122020000,002d110122020000,17297.00,PASS
17,random_fullrange_13,46,002e228a1e117e24,002e220211010000,002e220211010000,16320.90,PASS
17,random_fullrange_13,47,002f11c68122ad8c,002f110222020000,002f110222020000,17092.60,PASS
17,random_fullrange_13,48,0030225c5c11a5c4,0030220111020000,0030220111020000,16334.60,PASS
17,random_fullrange_13,49,003111f922225643,0031110222010000,0031110222010000,17000.30,PASS
17,random_fullrange_13,50,003222590e1156b4,0032220111010000,0032220111010000,17431.90,PASS
17,random_fullrange_13,51,0033113cd42291cc,0033110122020000,0033110122020000,16098.80,PASS
17,random_fullrange_13,52,003422c99311d3f1,0034220211020000,0034220211020000,17520.40,PASS
17,random_fullrange_13,53,003511500322f0d1,0035110122020000,0035110122020000,16199.90,PASS
17,random_fullrange_13,54,003622ec4e117804,0036220211010000,0036220211010000,16743.60,PASS
17,random_fullrange_13,55,003711b32122e5bc,0037110222020000,0037110222020000,17557.00,PASS
17,random_fullrange_13,56,0038226153113bb0,0038220111010000,0038220111010000,16140.90,PASS
17,random_fullrange_13,57,003911fa39224c3d,0039110222010000,0039110222010000,16757.80,PASS
17,random_fullrange_13,58,003a22e0bd1102e4,003a220211010000,003a220211010000,16946.20,PASS
17,random_fullrange_13,59,003b11eee9221f1a,003b110222010000,003b110222010000,16837.80,PASS
17,random_fullrange_13,60,003c22ed4911dba9,003c220211020000,003c220211020000,16907.90,PASS
17,random_fullrange_13,61,003d1142a422330a,003d110122010000,003d110122010000,16508.50,PASS
17,random_fullrange_13,62,003e2264c411c415,003e220111020000,003e220111020000,16987.10,PASS
17,random_fullrange_13,63,003f11b255221a23,003f110222010000,003f110222010000,16590.80,PASS
17,random_fullrange_13,64,004022ae7a112319,0040220211010000,0040220211010000,16817.80,PASS
17,random_fullrange_13,65,00411134a7227731,0041110122010000,0041110122010000,16866.20,PASS
17,random_fullrange_13,66,004222589d115996,0042220111010000,0042220111010000,16923.80,PASS
17,random_fullrange_13,67,0043115c342202c9,0043110122010000,0043110122010000,16938.50,PASS
17,random_fullrange_13,68,004422a38a112731,0044220211010000,0044220211010000,16700.60,PASS
17,random_fullrange_13,69,004511ce9522fcd0,0045110222020000,0045110222020000,16959.30,PASS
17,random_fullrange_13,70,0046227c6b1130e9,0046220111010000,0046220111010000,16958.80,PASS
17,random_fullrange_13,71,004711edeb22ac16,0047110222020000,0047110222020000,16916.10,PASS
17,random_fullrange_13,72,0048224d64111935,0048220111010000,0048220111010000,16711.00,PASS
17,random_fullrange_13,73,0049115bab2244c7,0049110122010000,0049110122010000,17123.80,PASS
17,random_fullrange_13,74,004a22d74f111dd4,004a220211010000,004a220211010000,16976.10,PASS
17,random_fullrange_13,75,004b11960622486b,004b110222010000,004b110222010000,16325.80,PASS
17,random_fullrange_13,76,004c224466110051,004c220111010000,004c220111010000,17038.60,PASS
17,random_fullrange_13,77,004d113f65223b13,004d110122010000,004d110122010000,16874.90,PASS
17,random_fullrange_13,78,004e2242ac11ddcc,004e220111020000,004e220111020000,16788.00,PASS
17,random_fullrange_13,79,004f117928226753,004f110222010000,004f110222010000,16613.30,PASS
17,random_fullrange_13,80,00502259ef11c99c,0050220111020000,0050220111020000,16913.90,PASS
17,random_fullrange_13,81,00511192a922ae0a,0051110222020000,0051110222020000,16751.50,PASS
17,random_fullrange_13,82,005222810211c9ab,0052220211020000,0052220211020000,16706.90,PASS
17,random_fullrange_13,83,005311229f22a568,0053110122020000,0053110122020000,16985.10,PASS
17,random_fullrange_13,84,00542287bb1166c0,0054220211010000,0054220211010000,16693.60,PASS
17,random_fullrange_13,85,005511e6cc22ba93,0055110222020000,0055110222020000,16958.80,PASS
17,random_fullrange_13,86,0056225e1611ce04,0056220111020000,0056220111020000,16910.80,PASS
17,random_fullrange_13,87,005711d0fe22c5af,0057110222020000,0057110222020000,16737.90,PASS
17,random_fullrange_13,88,005822f2e4112f5f,0058220211010000,0058220211010000,17051.60,PASS
17,random_fullrange_13,89,0059110c2c22eba2,0059110122020000,0059110122020000,16909.70,PASS
17,random_fullrange_13,90,005a22a3a11153d3,005a220211010000,005a220211010000,17142.20,PASS
17,random_fullrange_13,91,005b118133224bb7,005b110222010000,005b110222010000,16925.60,PASS
17,random_fullrange_13,92,005c22e1d61172df,005c220211010000,005c220211010000,16375.50,PASS
17,random_fullrange_13,93,005d1193af2240c6,005d110222010000,005d110222010000,17388.70,PASS
17,random_fullrange_13,94,005e22d82711f08f,005e220211020000,005e220211020000,16675.30,PASS
17,random_fullrange_13,95,005f1149ad22a70b,005f110122020000,005f110122020000,16672.50,PASS
17,random_fullrange_13,96,00602279cd119e9f,0060220111020000,0060220111020000,16506.70,PASS
17,random_fullrange_13,97,006111e88f224874,0061110222010000,0061110222010000,17343.60,PASS
17,random_fullrange_13,98,00622251ec1149f8,0062220111010000,0062220111010000,16466.50,PASS
17,random_fullrange_13,99,0063112f1f22ec44,0063110122020000,0063110122020000,16498.40,PASS
18,random_fullrange_14,0,0000111e842222ce,0000110022000000,0000110022000000,18765.70,PASS
18,random_fullrange_14,1,00012260b8115c9b,0001220011000000,0001220011000000,16806.80,PASS
18,random_fullrange_14,2,000211c77422ca96,0002110022000000,0002110022000000,16903.60,PASS
18,random_fullrange_14,3,0003220fae113aaf,0003220011000000,0003220011000000,16741.00,PASS
18,random_fullrange_14,4,00041187fe224a20,0004110022000000,0004110022000000,17054.00,PASS
18,random_fullrange_14,5,000522d27f116e67,0005220011000000,0005220011000000,16652.60,PASS
18,random_fullrange_14,6,000611e175225d6e,0006110022000000,0006110022000000,17037.40,PASS
18,random_fullrange_14,7,0007221d7811164d,0007220011000000,0007220011000000,16863.00,PASS
18,random_fullrange_14,8,000811cd1c224388,0008110022000000,0008110022000000,16935.00,PASS
18,random_fullrange_14,9,0009224d5c11b0bb,0009220011000000,0009220011000000,17224.70,PASS
18,random_fullrange_14,10,000a11b710222b6f,000a110022000000,000a110022000000,16454.80,PASS
18,random_fullrange_14,11,000b226b0b11c044,000b220011000000,000b220011000000,16714.80,PASS
18,random_fullrange_14,12,000c113f8a22b997,000c110022000000,000c110022000000,16945.00,PASS
18,random_fullrange_14,13,000d2235d4116f1a,000d220011000000,000d220011000000,17394.10,PASS
18,random_fullrange_14,14,000e11ba262282ba,000e110022000000,000e110022000000,16734.70,PASS
18,random_fullrange_14,15,000f22429f114e92,000f220011000000,000f220011000000,16371.80,PASS
18,random_fullrange_14,16,0010118bf42200c3,0010110222000000,0010110222000000,16600.60,PASS
18,random_fullrange_14,17,001122984911f7eb,0011220211020000,0011220211020000,17530.80,PASS
18,random_fullrange_14,18,0012111a69228b6e,0012110122020000,0012110122020000,16136.30,PASS
18,random_fullrange_14,19,001322adf311cd64,0013220211020000,0013220211020000,16875.00,PASS
18,random_fullrange_14,20,001411aed922961f,0014110222020000,0014110222020000,16844.70,PASS
18,random_fullrange_14,21,0015227c1111a715,0015220211020000,0015220211020000,16765.50,PASS
18,random_fullrange_14,22,001611e538224259,0016110222010000,0016110222010000,16782.50,PASS
18,random_fullrange_14,23,001722c103112e87,0017220211010000,0017220211010000,16932.60,PASS
18,random_fullrange_14,24,001811773722622b,0018110122010000,0018110122010000,16963.80,PASS
18,random_fullrange_14,25,001922eb8711dca1,0019220211020000,0019220211020000,17318.00,PASS
18,random_fullrange_14,26,001a11504322ad59,001a110122020000,001a110122020000,16350.90,PASS
18,random_fullrange_14,27,001b22590211db08,001b220111020000,001b220111020000,17010.50,PASS
18,random_fullrange_14,28,001c112c0a222107,001c110122010000,001c110122010000,16761.50,PASS
18,random_fullrange_14,29,001d2215da118e37,001d220111010000,001d220111010000,16868.40,PASS
18,random_fullrange_14,30,001e11bac622bada,001e110222020000,001e110222020000,16583.30,PASS
18,random_fullrange_14,31,001f22dc3d118d67,001f220211010000,001f220211010000,16760.00,PASS
18,random_fullrange_14,32,002011b6702291f7,0020110222020000,0020110222020000,16890.60,PASS
18,random_fullrange_14,33,002122025e112e06,0021220111010000,0021220111010000,17347.70,PASS
18,random_fullrange_14,34,0022118a822271ab,0022110122010000,0022110122010000,16369.00,PASS
18,random_fullrange_14,35,0023225a87113a8d,0023220111010000,0023220111010000,17358.40,PASS
18,random_fullrange_14,36,00241160932262bc,0024110122010000,0024110122010000,15995.40,PASS
18,random_fullrange_14,37,0025226bd811ed1f,0025220111020000,0025220111020000,17119.80,PASS
18,random_fullrange_14,38,00261175a022afee,0026110122020000,0026110122020000,17216.80,PASS
18,random_fullrange_14,39,002722e6ff11cc02,0027220211020000,0027220211020000,16197.70,PASS
18,random_fullrange_14,40,00281132a822115d,0028110122010000,0028110122010000,16908.50,PASS
18,random_fullrange_14,41,002922189511a488,0029220111020000,0029220111020000,17150.80,PASS
18,random_fullrange_14,42,002a118c742288d3,002a110222020000,002a110222020000,16388.80,PASS
18,random_fullrange_14,43,002b2287d011e8c0,002b220211020000,002b220211020000,16973.60,PASS
18,random_fullrange_14,44,002c11ec4e22debd,002c110222020000,002c110222020000,16724.30,PASS
18,random_fullrange_14,45,002d222ffa114587,002d220111010000,002d220111010000,16747.20,PASS
18,random_fullrange_14,46,002e11939f2266e9,002e110222010000,002e110222010000,16812.20,PASS
18,random_fullrange_14,47,002f2235aa11e9c0,002f220111020000,002f220111020000,16777.60,PASS
18,random_fullrange_14,48,0030111304225512,0030110122010000,0030110122010000,16933.60,PASS
18,random_fullrange_14,49,003122de74116562,0031220211010000,0031220211010000,16722.10,PASS
18,random_fullrange_14,50,003211bc43224ad5,0032110222010000,0032110222010000,16878.10,PASS
18,random_fullrange_14,51,0033223a9411f61c,0033220111020000,0033220111020000,16977.00,PASS
18,random_fullrange_14,52,003411c73f228d6c,0034110222020000,0034110222020000,16851.00,PASS
18,random_fullrange_14,53,003522fc5a112bf0,0035220211010000,0035220211010000,16726.60,PASS
18,random_fullrange_14,54,003611ca3422bde2,0036110222020000,0036110222020000,17007.30,PASS
18,random_fullrange_14,55,003722c9f511c099,0037220211020000,0037220211020000,16682.70,PASS
18,random_fullrange_14,56,003811aa6d2244e1,0038110222010000,0038110222010000,16876.50,PASS
18,random_fullrange_14,57,0039225bb611633d,0039220111010000,0039220111010000,16807.80,PASS
18,random_fullrange_14,58,003a11b7be2257a9,003a110222010000,003a110222010000,16680.20,PASS
18,random_fullrange_14,59,003b22437211ddf9,003b220111020000,003b220111020000,16959.70,PASS
18,random_fullrange_14,60,003c11059522fd1a,003c110122020000,003c110122020000,16902.30,PASS
18,random_fullrange_14,61,003d2250ba11638c,003d220111010000,003d220111010000,16468.20,PASS
18,random_fullrange_14,62,003e11fcfa22b217,003e110222020000,003e110222020000,17223.00,PASS
18,random_fullrange_14,63,003f2299ac119225,003f220211010000,003f220211010000,17339.60,PASS
18,random_fullrange_14,64,0040119a4c22d7bc,0040110122020000,0040110122020000,16248.00,PASS
18,random_fullrange_14,65,00412252d5115361,0041220111010000,0041220111010000,16983.70,PASS
18,random_fullrange_14,66,004211cddd229ffe,0042110222020000,0042110222020000,16475.10,PASS
18,random_fullrange_14,67,0043223523115346,0043220111010000,0043220111010000,16866.00,PASS
18,random_fullrange_14,68,004411652922dea2,0044110122020000,0044110122020000,16825.60,PASS
18,random_fullrange_14,69,0045220b0111941f,0045220111020000,0045220111020000,16753.80,PASS
18,random_fullrange_14,70,0046115a3b226489,0046110122010000,0046110122010000,16549.80,PASS
18,random_fullrange_14,71,004722cc7b11efd3,0047220211020000,0047220211020000,16857.20,PASS
18,random_fullrange_14,72,004811436822a23b,0048110122020000,0048110122020000,17047.90,PASS
18,random_fullrange_14,73,00492259a7112095,0049220111010000,0049220111010000,16843.40,PASS
18,random_fullrange_14,74,004a11390d223a22,004a110122010000,004a110122010000,16592.90,PASS
18,random_fullrange_14,75,004b2245631144c4,004b220111010000,004b220111010000,16735.90,PASS
18,random_fullrange_14,76,004c118cfb226662,004c110222010000,004c110222010000,16961.90,PASS
18,random_fullrange_14,77,004d22f5a411ee19,004d220211020000,004d220211020000,17130.50,PASS
18,random_fullrange_14,78,004e110ceb223f08,004e110122010000,004e110122010000,17071.80,PASS
18,random_fullrange_14,79,004f228ea711ab96,004f220211020000,004f220211020000,16410.40,PASS
18,random_fullrange_14,80,005011e9072264c7,0050110222010000,0050110222010000,16605.30,PASS
18,random_fullrange_14,81,005122cd5e11a6c2,0051220211020000,0051220211020000,16708.00,PASS
18,random_fullrange_14,82,005211ef0322040c,0052110222010000,0052110222010000,16960.50,PASS
18,random_fullrange_14,83,005322be3f1189bb,0053220211020000,0053220211020000,16837.50,PASS
18,random_fullrange_14,84,005411b5d322e647,0054110222020000,0054110222020000,16591.10,PASS
18,random_fullrange_14,85,005522af11119900,0055220211020000,0055220211020000,17366.20,PASS
18,random_fullrange_14,86,0056114ff2226a6e,0056110122010000,0056110122010000,16377.30,PASS
18,random_fullrange_14,87,00572276d2112b7e,0057220111010000,0057220111010000,16888.10,PASS
18,random_fullrange_14,88,005811deea225c8c,0058110222010000,0058110222010000,16676.90,PASS
18,random_fullrange_14,89,0059221f19118342,0059220111010000,0059220111010000,17316.90,PASS
18,random_fullrange_14,90,005a1176db22c0e1,005a110122020000,005a110122020000,16523.80,PASS
18,random_fullrange_14,91,005b2253ec11430f,005b220111010000,005b220111010000,16752.90,PASS
18,random_fullrange_14,92,005c113dd9224af9,005c110122010000,005c110122010000,17152.80,PASS
18,random_fullrange_14,93,005d22010f11c04e,005d220111020000,005d220111020000,17136.60,PASS
18,random_fullrange_14,94,005e11421e221e4b,005e110122010000,005e110122010000,16413.80,PASS
18,random_fullrange_14,95,005f22293d11d6e0,005f220111020000,005f220111020000,16541.10,PASS
18,random_fullrange_14,96,006011f5e222b874,0060110222020000,0060110222020000,16842.10,PASS
18,random_fullrange_14,97,006122b8c9115cc8,0061220211010000,0061220211010000,16993.90,PASS
18,random_fullrange_14,98,006211bee1225dd2,0062110222010000,0062110222010000,16905.10,PASS
18,random_fullrange_14,99,0063225b13113709,0063220111010000,0063220111010000,17359.50,PASS
19,random_fullrange_15,0,000022000511d1d6,0000220011000000,0000220011000000,18716.50,PASS
19,random_fullrange_15,1,0001114aec226f3f,0001110022000000,0001110022000000,17579.70,PASS
19,random_fullrange_15,2,000222f85611ca47,0002220011000000,0002220011000000,16725.90,PASS
19,random_fullrange_15,3,0003119da6228977,0003110022000000,0003110022000000,16053.20,PASS
19,random_fullrange_15,4,000422df4f11abbd,0004220011000000,0004220011000000,16851.60,PASS
19,random_fullrange_15,5,000511a7812236d6,0005110022000000,0005110022000000,16776.00,PASS
19,random_fullrange_15,6,000622f76311a180,0006220011000000,0006220011000000,16874.40,PASS
19,random_fullrange_15,7,0007119d33228da9,0007110022000000,0007110022000000,16801.70,PASS
19,random_fullrange_15,8,0008225be411e515,0008220011000000,0008220011000000,16793.30,PASS
19,random_fullrange_15,9,000911c5d622c26b,0009110022000000,0009110022000000,16707.50,PASS
19,random_fullrange_15,10,000a22e766113c82,000a220011000000,000a220011000000,17060.40,PASS
19,random_fullrange_15,11,000b11aa49228ee2,000b110022000000,000b110022000000,16777.90,PASS
19,random_fullrange_15,12,000c2248bf11145d,000c220011000000,000c220011000000,17001.30,PASS
19,random_fullrange_15,13,000d11e8d422fdaf,000d110022000000,000d110022000000,16793.20,PASS
19,random_fullrange_15,14,000e22697d11b48c,000e220011000000,000e220011000000,16867.00,PASS
19,random_fullrange_15,15,000f11436722d024,000f110022000000,000f110022000000,16847.60,PASS
19,random_fullrange_15,16,0010225182118993,0010220111000000,0010220111000000,16872.40,PASS
19,random_fullrange_15,17,001111f15e22ba63,0011110222020000,0011110222020000,17125.80,PASS
19,random_fullrange_15,18,00122212f211657c,0012220111010000,0012220111010000,16912.50,PASS
19,random_fullrange_15,19,001311d0292242e6,0013110222010000,0013110222010000,17386.50,PASS
19,random_fullrange_15,20,00142298f1115637,0014220211010000,0014220211010000,16171.40,PASS
19,random_fullrange_15,21,001511ae91228540,0015110222010000,0015110222010000,16811.30,PASS
19,random_fullrange_15,22,0016223eec11124b,0016220111010000,0016220111010000,16740.90,PASS
19,random_fullrange_15,23,0017115780225a1a,0017110122010000,0017110122010000,16925.70,PASS
19,random_fullrange_15,24,0018221c3c11430e,0018220111010000,0018220111010000,16782.50,PASS
19,random_fullrange_15,25,0019119f5622c4cc,0019110222020000,0019110222020000,16800.70,PASS
19,random_fullrange_15,26,001a22650c11d416,001a220111020000,001a220111020000,16889.10,PASS
19,random_fullrange_15,27,001b1114f92276fe,001b110122020000,001b110122020000,16647.40,PASS
19,random_fullrange_15,28,001c22d42c11fd93,001c220211020000,001c220211020000,16962.40,PASS
19,random_fullrange_15,29,001d11e53f22e5c8,001d110222020000,001d110222020000,16909.20,PASS
19,random_fullrange_15,30,001e22a99a118858,001e220211010000,001e220211010000,16942.80,PASS
19,random_fullrange_15,31,001f114010221a40,001f110122010000,001f110122010000,16966.10,PASS
19,random_fullrange_15,32,002022240c11b060,0020220111020000,0020220111020000,16822.20,PASS
19,random_fullrange_15,33,00211186882278ea,0021110222020000,0021110222020000,17399.90,PASS
19,random_fullrange_15,34,0022229f34114169,0022220211010000,0022220211010000,16324.00,PASS
19,random_fullrange_15,35,002311d3fd22a12c,0023110222020000,0023110222020000,17208.20,PASS
19,random_fullrange_15,36,00242219cc11f0b4,0024220111020000,0024220111020000,16257.00,PASS
19,random_fullrange_15,37,002511ea8d22240a,0025110222010000,0025110222010000,16851.70,PASS
19,random_fullrange_15,38,002622a65b119389,0026220211010000,0026220211010000,16686.30,PASS
19,random_fullrange_15,39,0027112bf922d3cd,0027110122020000,0027110122020000,17353.50,PASS
19,random_fullrange_15,40,0028228a67118644,0028220211010000,0028220211010000,16276.50,PASS
19,random_fullrange_15,41,00291134e722b7fc,0029110122020000,0029110122020000,16977.70,PASS
19,random_fullrange_15,42,002a225e0c112f1d,002a220111010000,002a220111010000,16771.60,PASS
19,random_fullrange_15,43,002b11687c220d73,002b110122010000,002b110122010000,16749.60,PASS
19,random_fullrange_15,44,002c22a0351143df,002c220211010000,002c220211010000,16817.00,PASS
19,random_fullrange_15,45,002d116c3e22703f,002d110122010000,002d110122010000,16935.80,PASS
19,random_fullrange_15,46,002e22cf97111431,002e220211010000,002e220211010000,16836.20,PASS
19,random_fullrange_15,47,002f11fe3a223ab5,002f110222010000,002f110222010000,16698.90,PASS
19,random_fullrange_15,48,00302298d711324c,0030220211010000,0030220211010000,17010.10,PASS
19,random_fullrange_15,49,003111aaad223104,0031110222010000,0031110222010000,16899.40,PASS
19,random_fullrange_15,50,00322260351179b2,0032220111010000,0032220111010000,16844.40,PASS
19,random_fullrange_15,51,003311c6ba220c63,0033110222010000,0033110222010000,16765.50,PASS
19,random_fullrange_15,52,0034226006117857,0034220111020000,0034220111020000,17027.50,PASS
19,random_fullrange_15,53,003511dc13221ab4,0035110222010000,0035110222010000,16707.80,PASS
19,random_fullrange_15,54,003622068711a59c,0036220111020000,0036220111020000,16851.80,PASS
19,random_fullrange_15,55,0037115d2022ed33,0037110122020000,0037110122020000,16926.50,PASS
19,random_fullrange_15,56,00382279b811b764,0038220211020000,0038220211020000,17063.90,PASS
19,random_fullrange_15,57,0039114f96226a6f,0039110122020000,0039110122020000,16538.60,PASS
19,random_fullrange_15,58,003a2230f511e157,003a220111020000,003a220111020000,17114.10,PASS
19,random_fullrange_15,59,003b1174be222e3f,003b110122010000,003b110122010000,16563.30,PASS
19,random_fullrange_15,60,003c2258611107fb,003c220111010000,003c220111010000,17013.50,PASS
19,random_fullrange_15,61,003d112d5422db6b,003d110122020000,003d110122020000,16757.40,PASS
19,random_fullrange_15,62,003e226bc811ba92,003e220211020000,003e220211020000,16770.00,PASS
19,random_fullrange_15,63,003f11074822dda1,003f110122020000,003f110122020000,16772.50,PASS
19,random_fullrange_15,64,004022f6cd11f25c,0040220211020000,0040220211020000,16998.70,PASS
19,random_fullrange_15,65,004111c7d2222c01,0041110222010000,0041110222010000,17254.80,PASS
19,random_fullrange_15,66,0042222ba111cdbc,0042220111020000,0042220111020000,16122.30,PASS
19,random_fullrange_15,67,004311c270229fad,0043110222020000,0043110222020000,17030.40,PASS
19,random_fullrange_15,68,004422899611e27f,0044220211020000,0044220211020000,16651.70,PASS
19,random_fullrange_15,69,004511459f224513,0045110122010000,0045110122010000,16863.60,PASS
19,random_fullrange_15,70,0046226aad11a374,0046220111020000,0046220111020000,16768.50,PASS
19,random_fullrange_15,71,00471186d02241af,0047110122010000,0047110122010000,16905.80,PASS
19,random_fullrange_15,72,004822418111e094,0048220111020000,0048220111020000,16816.80,PASS
19,random_fullrange_15,73,004911615f22c33a,0049110122020000,0049110122020000,16880.60,PASS
19,random_fullrange_15,74,004a22b1fe113914,004a220211010000,004a220211010000,16819.40,PASS
19,random_fullrange_15,75,004b116c7e22a450,004b110122020000,004b110122020000,17148.10,PASS
19,random_fullrange_15,76,004c2280ff11486e,004c220111010000,004c220111010000,16526.20,PASS
19,random_fullrange_15,77,004d112718220b37,004d110122010000,004d110122010000,16836.00,PASS
19,random_fullrange_15,78,004e22043e118e5c,004e220111020000,004e220111020000,16795.00,PASS
19,random_fullrange_15,79,004f11003222b431,004f110122020000,004f110122020000,16909.80,PASS
19,random_fullrange_15,80,005022c0d2112e5e,0050220211010000,0050220211010000,16677.70,PASS
19,random_fullrange_15,81,005111b7e3224d88,0051110222010000,0051110222010000,16960.30,PASS
19,random_fullrange_15,82,005222fc41116700,0052220211010000,0052220211010000,16922.50,PASS
19,random_fullrange_15,83,0053117c6522ffcf,0053110222020000,0053110222020000,16880.10,PASS
19,random_fullrange_15,84,0054222edb11a97d,0054220111020000,0054220111020000,16866.70,PASS
19,random_fullrange_15,85,005511a58822f117,0055110222020000,0055110222020000,16896.00,PASS
19,random_fullrange_15,86,005622954411497b,0056220211010000,0056220211010000,16855.80,PASS
19,random_fullrange_15,87,0057113aa022b80e,0057110122020000,0057110122020000,17013.50,PASS
19,random_fullrange_15,88,0058229658112490,0058220111010000,0058220111010000,16750.90,PASS
19,random_fullrange_15,89,00591119eb228e1c,0059110122010000,0059110122010000,16981.90,PASS
19,random_fullrange_15,90,005a22a0601194c0,005a220211020000,005a220211020000,16931.60,PASS
19,random_fullrange_15,91,005b119636225da3,005b110222010000,005b110222010000,16868.90,PASS
19,random_fullrange_15,92,005c22f67811d5f0,005c220211020000,005c220211020000,16689.20,PASS
19,random_fullrange_15,93,005d11b20522088b,005d110222010000,005d110222010000,16973.30,PASS
19,random_fullrange_15,94,005e22f8db1118d6,005e220211010000,005e220211010000,16937.50,PASS
19,random_fullrange_15,95,005f1108e922aa3c,005f110122020000,005f110122020000,16670.80,PASS
19,random_fullrange_15,96,0060220ceb1196be,0060220111020000,0060220111020000,16959.40,PASS
19,random_fullrange_15,97,0061118dc0221d3d,0061110222010000,0061110222010000,16778.90,PASS
19,random_fullrange_15,98,0062229c2d118132,0062220211020000,0062220211020000,16902.90,PASS
19,random_fullrange_15,99,0063116202226044,0063110122010000,0063110122010000,16977.00,PASS
